<?xml version="1.0" encoding="UTF-8"?>
<alto xmlns:xsi="http://www.w3.org/2001/XMLSchema-instance" xsi:noNamespaceSchemaLocation="http://www.bl.uk/schemas/alto/alto-1-4.xsd" xmlns:xlink="http://www.w3.org/1999/xlink">
	<Description>
		<MeasurementUnit>mm10</MeasurementUnit>
		<sourceImageInformation>
			<fileName>//head1/IN/2008-39/A0012093469/008959.jp2</fileName>
		</sourceImageInformation>
		<OCRProcessing ID="OCRPROCESSING_1">
			<preProcessingStep>
				<processingSoftware>
					<softwareCreator>CCS Content Conversion Specialists GmbH, Germany</softwareCreator>
					<softwareName>CCS docWORKS</softwareName>
					<softwareVersion>6.1-0.67</softwareVersion>
				</processingSoftware>
			</preProcessingStep>
			<ocrProcessingStep>
				<processingSoftware>
					<softwareCreator>ABBYY (BIT Software), Russia</softwareCreator>
					<softwareName>Finereader</softwareName>
				</processingSoftware>
			</ocrProcessingStep>
		</OCRProcessing>
	</Description>
	<Styles>
		<TextStyle ID="TXT_0" FONTSIZE="11" FONTFAMILY="Courier New"/>
		<TextStyle ID="TXT_1" FONTSIZE="9" FONTFAMILY="Courier New"/>
		<TextStyle ID="TXT_2" FONTSIZE="9" FONTFAMILY="Fraktur"/>
		<TextStyle ID="TXT_3" FONTSIZE="10" FONTFAMILY="Courier New"/>
		<ParagraphStyle ID="PAR_LEFT" ALIGN="Left"/>
		<ParagraphStyle ID="PAR_RIGHT" ALIGN="Right"/>
	</Styles>
	<Layout>
		<Page ID="P111" PHYSICAL_IMG_NR="111" HEIGHT="2518" WIDTH="1698" PRINTED_IMG_NR="85" POSITION="Right" ACCURACY="80.42">
			<TopMargin ID="P111_TM00001" HPOS="0" VPOS="0" WIDTH="1698" HEIGHT="336">
				<TextBlock ID="P111_TB00001" HPOS="607" VPOS="276" WIDTH="422" HEIGHT="60" STYLEREFS="TXT_0 PAR_LEFT">
					<TextLine ID="P111_TL00001" HPOS="608" VPOS="277" WIDTH="421" HEIGHT="59">
						<String ID="P111_ST00001" HPOS="608" VPOS="277" WIDTH="195" HEIGHT="59" CONTENT="Spurius" WC="0.70" CC="2070460"/>
						<SP ID="P111_SP00001" HPOS="803" VPOS="336" WIDTH="36"/>
						<String ID="P111_ST00002" HPOS="839" VPOS="281" WIDTH="190" HEIGHT="45" CONTENT="Cassius." WC="0.88" CC="00000702"/>
					</TextLine>
				</TextBlock>
				<TextBlock ID="P111_TB00002" HPOS="230" VPOS="293" WIDTH="144" HEIGHT="28" STYLEREFS="TXT_1 PAR_LEFT">
					<TextLine ID="P111_TL00002" HPOS="233" VPOS="297" WIDTH="138" HEIGHT="24">
						<String ID="P111_ST00003" HPOS="233" VPOS="297" WIDTH="67" HEIGHT="24" CONTENT="Chap." WC="0.44" CC="16972"/>
						<SP ID="P111_SP00002" HPOS="300" VPOS="321" WIDTH="13"/>
						<String ID="P111_ST00004" HPOS="313" VPOS="299" WIDTH="58" HEIGHT="21" CONTENT="VII]" WC="0.25" CC="9576"/>
					</TextLine>
				</TextBlock>
				<TextBlock ID="P111_TB00003" HPOS="1347" VPOS="293" WIDTH="37" HEIGHT="33" STYLEREFS="TXT_2 PAR_RIGHT">
					<TextLine ID="P111_TL00003" HPOS="1382" VPOS="324" WIDTH="2" HEIGHT="2">
						<String ID="P111_ST00005" HPOS="1382" VPOS="324" WIDTH="2" HEIGHT="2" CONTENT="85" WC="1.00" CC="00"/>
					</TextLine>
				</TextBlock>
			</TopMargin>
			<LeftMargin ID="P111_LM00001" HPOS="0" VPOS="327" WIDTH="233" HEIGHT="1868"/>
			<RightMargin ID="P111_RM00001" HPOS="1389" VPOS="327" WIDTH="309" HEIGHT="1868"/>
			<BottomMargin ID="P111_BM00001" HPOS="0" VPOS="2195" WIDTH="1698" HEIGHT="322"/>
			<PrintSpace ID="P111_PS00001" HPOS="233" VPOS="327" WIDTH="1156" HEIGHT="1868">
				<TextBlock ID="P111_TB00004" HPOS="235" VPOS="389" WIDTH="1154" HEIGHT="279" STYLEREFS="TXT_1 PAR_LEFT">
					<TextLine ID="P111_TL00004" HPOS="291" VPOS="389" WIDTH="1098" HEIGHT="43">
						<String ID="P111_ST00006" HPOS="291" VPOS="389" WIDTH="64" HEIGHT="27" CONTENT="The" WC="0.80" CC="060"/>
						<SP ID="P111_SP00003" HPOS="355" VPOS="416" WIDTH="14"/>
						<String ID="P111_ST00007" HPOS="369" VPOS="390" WIDTH="124" HEIGHT="35" CONTENT="Temple" WC="0.85" CC="000062"/>
						<SP ID="P111_SP00004" HPOS="493" VPOS="425" WIDTH="20"/>
						<String ID="P111_ST00008" HPOS="513" VPOS="391" WIDTH="33" HEIGHT="26" CONTENT="of" WC="1.00" CC="00"/>
						<SP ID="P111_SP00005" HPOS="546" VPOS="425" WIDTH="16"/>
						<String ID="P111_ST00009" HPOS="562" VPOS="393" WIDTH="132" HEIGHT="27" CONTENT="Fortuna" WC="0.81" CC="5001600"/>
						<SP ID="P111_SP00006" HPOS="694" VPOS="425" WIDTH="21"/>
						<String ID="P111_ST00010" HPOS="715" VPOS="395" WIDTH="159" HEIGHT="27" CONTENT="Muliebris" WC="0.77" CC="624000050"/>
						<SP ID="P111_SP00007" HPOS="874" VPOS="425" WIDTH="19"/>
						<String ID="P111_ST00011" HPOS="893" VPOS="406" WIDTH="61" HEIGHT="17" CONTENT="was" WC="1.00" CC="000"/>
						<SP ID="P111_SP00008" HPOS="954" VPOS="425" WIDTH="21"/>
						<String ID="P111_ST00012" HPOS="975" VPOS="398" WIDTH="97" HEIGHT="25" CONTENT="raised" WC="0.96" CC="000010"/>
						<SP ID="P111_SP00009" HPOS="1072" VPOS="425" WIDTH="20"/>
						<String ID="P111_ST00013" HPOS="1092" VPOS="397" WIDTH="30" HEIGHT="26" CONTENT="in" WC="0.79" CC="40"/>
						<SP ID="P111_SP00010" HPOS="1122" VPOS="425" WIDTH="23"/>
						<String ID="P111_ST00014" HPOS="1145" VPOS="398" WIDTH="190" HEIGHT="34" CONTENT="compliment" WC="0.82" CC="0000650040"/>
						<SP ID="P111_SP00011" HPOS="1335" VPOS="432" WIDTH="24"/>
						<String ID="P111_ST00015" HPOS="1359" VPOS="403" WIDTH="30" HEIGHT="23" CONTENT="to" WC="1.00" CC="00"/>
					</TextLine>
					<TextLine ID="P111_TL00005" HPOS="235" VPOS="437" WIDTH="1152" HEIGHT="42">
						<String ID="P111_ST00016" HPOS="235" VPOS="437" WIDTH="50" HEIGHT="27" CONTENT="the" WC="0.77" CC="060"/>
						<SP ID="P111_SP00012" HPOS="285" VPOS="464" WIDTH="14"/>
						<String ID="P111_ST00017" HPOS="299" VPOS="447" WIDTH="116" HEIGHT="18" CONTENT="women" WC="1.00" CC="00000"/>
						<SP ID="P111_SP00013" HPOS="415" VPOS="465" WIDTH="14"/>
						<String ID="P111_ST00018" HPOS="429" VPOS="440" WIDTH="76" HEIGHT="32" CONTENT="who," WC="0.94" CC="0200"/>
						<SP ID="P111_SP00014" HPOS="505" VPOS="472" WIDTH="16"/>
						<String ID="P111_ST00019" HPOS="521" VPOS="441" WIDTH="40" HEIGHT="35" CONTENT="by" WC="1.00" CC="00"/>
						<SP ID="P111_SP00015" HPOS="561" VPOS="476" WIDTH="14"/>
						<String ID="P111_ST00020" HPOS="575" VPOS="442" WIDTH="77" HEIGHT="26" CONTENT="their" WC="0.92" CC="00020"/>
						<SP ID="P111_SP00016" HPOS="652" VPOS="476" WIDTH="13"/>
						<String ID="P111_ST00021" HPOS="665" VPOS="443" WIDTH="169" HEIGHT="35" CONTENT="hysterical," WC="0.67" CC="60904240023"/>
						<SP ID="P111_SP00017" HPOS="834" VPOS="478" WIDTH="17"/>
						<String ID="P111_ST00022" HPOS="851" VPOS="447" WIDTH="58" HEIGHT="25" CONTENT="and" WC="0.98" CC="000"/>
						<SP ID="P111_SP00018" HPOS="909" VPOS="478" WIDTH="22"/>
						<String ID="P111_ST00023" HPOS="931" VPOS="455" WIDTH="65" HEIGHT="17" CONTENT="now" WC="0.90" CC="200"/>
						<SP ID="P111_SP00019" HPOS="996" VPOS="478" WIDTH="20"/>
						<String ID="P111_ST00024" HPOS="1016" VPOS="447" WIDTH="152" HEIGHT="25" CONTENT="historical" WC="0.74" CC="6500032070"/>
						<SP ID="P111_SP00020" HPOS="1168" VPOS="478" WIDTH="22"/>
						<String ID="P111_ST00025" HPOS="1190" VPOS="447" WIDTH="106" HEIGHT="32" CONTENT="efforts," WC="0.98" CC="00000000"/>
						<SP ID="P111_SP00021" HPOS="1296" VPOS="479" WIDTH="16"/>
						<String ID="P111_ST00026" HPOS="1312" VPOS="457" WIDTH="75" HEIGHT="17" CONTENT="were" WC="0.87" CC="0050"/>
					</TextLine>
					<TextLine ID="P111_TL00006" HPOS="236" VPOS="487" WIDTH="1152" HEIGHT="45">
						<String ID="P111_ST00027" HPOS="236" VPOS="487" WIDTH="65" HEIGHT="27" CONTENT="said" WC="0.94" CC="0020"/>
						<SP ID="P111_SP00022" HPOS="301" VPOS="514" WIDTH="22"/>
						<String ID="P111_ST00028" HPOS="323" VPOS="493" WIDTH="30" HEIGHT="21" CONTENT="to" WC="1.00" CC="00"/>
						<SP ID="P111_SP00023" HPOS="353" VPOS="514" WIDTH="27"/>
						<String ID="P111_ST00029" HPOS="380" VPOS="489" WIDTH="76" HEIGHT="26" CONTENT="have" WC="0.69" CC="2090"/>
						<SP ID="P111_SP00024" HPOS="456" VPOS="515" WIDTH="24"/>
						<String ID="P111_ST00030" HPOS="480" VPOS="492" WIDTH="91" HEIGHT="24" CONTENT="saved" WC="1.00" CC="00000"/>
						<SP ID="P111_SP00025" HPOS="571" VPOS="516" WIDTH="23"/>
						<String ID="P111_ST00031" HPOS="594" VPOS="492" WIDTH="98" HEIGHT="27" CONTENT="Rome" WC="0.83" CC="0060"/>
						<SP ID="P111_SP00026" HPOS="692" VPOS="519" WIDTH="13"/>
						<String ID="P111_ST00032" HPOS="705" VPOS="504" WIDTH="5" HEIGHT="19" CONTENT=";" WC="1.00" CC="0"/>
						<SP ID="P111_SP00027" HPOS="710" VPOS="523" WIDTH="24"/>
						<String ID="P111_ST00033" HPOS="734" VPOS="495" WIDTH="59" HEIGHT="25" CONTENT="and" WC="0.66" CC="018"/>
						<SP ID="P111_SP00028" HPOS="793" VPOS="523" WIDTH="21"/>
						<String ID="P111_ST00034" HPOS="814" VPOS="495" WIDTH="115" HEIGHT="32" CONTENT="indeed," WC="0.86" CC="3200300"/>
						<SP ID="P111_SP00029" HPOS="929" VPOS="527" WIDTH="16"/>
						<String ID="P111_ST00035" HPOS="945" VPOS="496" WIDTH="192" HEIGHT="34" CONTENT="considering" WC="0.92" CC="00006000200"/>
						<SP ID="P111_SP00030" HPOS="1137" VPOS="530" WIDTH="20"/>
						<String ID="P111_ST00036" HPOS="1157" VPOS="496" WIDTH="50" HEIGHT="25" CONTENT="the" WC="0.78" CC="060"/>
						<SP ID="P111_SP00031" HPOS="1207" VPOS="530" WIDTH="22"/>
						<String ID="P111_ST00037" HPOS="1229" VPOS="496" WIDTH="159" HEIGHT="36" CONTENT="frequency" WC="0.88" CC="800000200"/>
					</TextLine>
					<TextLine ID="P111_TL00007" HPOS="235" VPOS="537" WIDTH="1154" HEIGHT="43">
						<String ID="P111_ST00038" HPOS="235" VPOS="537" WIDTH="72" HEIGHT="27" CONTENT="with" WC="0.89" CC="0004"/>
						<SP ID="P111_SP00032" HPOS="307" VPOS="564" WIDTH="20"/>
						<String ID="P111_ST00039" HPOS="327" VPOS="538" WIDTH="97" HEIGHT="27" CONTENT="which" WC="0.68" CC="07206"/>
						<SP ID="P111_SP00033" HPOS="424" VPOS="565" WIDTH="27"/>
						<String ID="P111_ST00040" HPOS="451" VPOS="539" WIDTH="107" HEIGHT="27" CONTENT="female" WC="0.94" CC="000030"/>
						<SP ID="P111_SP00034" HPOS="558" VPOS="566" WIDTH="27"/>
						<String ID="P111_ST00041" HPOS="585" VPOS="541" WIDTH="145" HEIGHT="28" CONTENT="influence" WC="0.86" CC="040040400"/>
						<SP ID="P111_SP00035" HPOS="730" VPOS="569" WIDTH="27"/>
						<String ID="P111_ST00042" HPOS="757" VPOS="549" WIDTH="135" HEIGHT="28" CONTENT="operates" WC="0.89" CC="00000900"/>
						<SP ID="P111_SP00036" HPOS="892" VPOS="577" WIDTH="28"/>
						<String ID="P111_ST00043" HPOS="920" VPOS="546" WIDTH="49" HEIGHT="25" CONTENT="the" WC="0.80" CC="060"/>
						<SP ID="P111_SP00037" HPOS="969" VPOS="577" WIDTH="28"/>
						<String ID="P111_ST00044" HPOS="997" VPOS="546" WIDTH="84" HEIGHT="25" CONTENT="other" WC="0.67" CC="09700"/>
						<SP ID="P111_SP00038" HPOS="1081" VPOS="577" WIDTH="26"/>
						<String ID="P111_ST00045" HPOS="1107" VPOS="554" WIDTH="74" HEIGHT="26" CONTENT="way," WC="0.76" CC="0090"/>
						<SP ID="P111_SP00039" HPOS="1181" VPOS="580" WIDTH="15"/>
						<String ID="P111_ST00046" HPOS="1196" VPOS="546" WIDTH="50" HEIGHT="25" CONTENT="the" WC="0.51" CC="950"/>
						<SP ID="P111_SP00040" HPOS="1246" VPOS="580" WIDTH="27"/>
						<String ID="P111_ST00047" HPOS="1273" VPOS="546" WIDTH="59" HEIGHT="26" CONTENT="fact" WC="1.00" CC="0000"/>
						<SP ID="P111_SP00041" HPOS="1332" VPOS="580" WIDTH="27"/>
						<String ID="P111_ST00048" HPOS="1359" VPOS="548" WIDTH="30" HEIGHT="25" CONTENT="of" WC="1.00" CC="00"/>
					</TextLine>
					<TextLine ID="P111_TL00008" HPOS="237" VPOS="587" WIDTH="1149" HEIGHT="41">
						<String ID="P111_ST00049" HPOS="237" VPOS="587" WIDTH="37" HEIGHT="27" CONTENT="its" WC="0.59" CC="605"/>
						<SP ID="P111_SP00042" HPOS="274" VPOS="614" WIDTH="23"/>
						<String ID="P111_ST00050" HPOS="297" VPOS="588" WIDTH="115" HEIGHT="36" CONTENT="having" WC="0.82" CC="600030"/>
						<SP ID="P111_SP00043" HPOS="412" VPOS="624" WIDTH="22"/>
						<String ID="P111_ST00051" HPOS="434" VPOS="590" WIDTH="77" HEIGHT="25" CONTENT="been" WC="1.00" CC="0000"/>
						<SP ID="P111_SP00044" HPOS="511" VPOS="624" WIDTH="21"/>
						<String ID="P111_ST00052" HPOS="532" VPOS="591" WIDTH="151" HEIGHT="27" CONTENT="exercised" WC="0.92" CC="000004200"/>
						<SP ID="P111_SP00045" HPOS="683" VPOS="624" WIDTH="21"/>
						<String ID="P111_ST00053" HPOS="704" VPOS="592" WIDTH="44" HEIGHT="26" CONTENT="for" WC="0.90" CC="002"/>
						<SP ID="P111_SP00046" HPOS="748" VPOS="624" WIDTH="19"/>
						<String ID="P111_ST00054" HPOS="767" VPOS="593" WIDTH="49" HEIGHT="27" CONTENT="the" WC="0.79" CC="060"/>
						<SP ID="P111_SP00047" HPOS="816" VPOS="624" WIDTH="21"/>
						<String ID="P111_ST00055" HPOS="837" VPOS="594" WIDTH="174" HEIGHT="34" CONTENT="prevention" WC="0.84" CC="0000020705"/>
						<SP ID="P111_SP00048" HPOS="1011" VPOS="628" WIDTH="20"/>
						<String ID="P111_ST00056" HPOS="1031" VPOS="594" WIDTH="33" HEIGHT="26" CONTENT="of" WC="0.88" CC="02"/>
						<SP ID="P111_SP00049" HPOS="1064" VPOS="628" WIDTH="22"/>
						<String ID="P111_ST00057" HPOS="1086" VPOS="594" WIDTH="143" HEIGHT="33" CONTENT="mischief," WC="0.77" CC="003065004"/>
						<SP ID="P111_SP00050" HPOS="1229" VPOS="628" WIDTH="22"/>
						<String ID="P111_ST00058" HPOS="1251" VPOS="596" WIDTH="135" HEIGHT="27" CONTENT="deserves" WC="0.85" CC="70003000"/>
					</TextLine>
					<TextLine ID="P111_TL00009" HPOS="240" VPOS="637" WIDTH="608" HEIGHT="31">
						<String ID="P111_ST00059" HPOS="240" VPOS="637" WIDTH="51" HEIGHT="27" CONTENT="the" WC="0.78" CC="060"/>
						<SP ID="P111_SP00051" HPOS="291" VPOS="664" WIDTH="21"/>
						<String ID="P111_ST00060" HPOS="312" VPOS="639" WIDTH="265" HEIGHT="27" CONTENT="commemoration" WC="0.90" CC="0000000100406"/>
						<SP ID="P111_SP00052" HPOS="577" VPOS="666" WIDTH="16"/>
						<String ID="P111_ST00061" HPOS="593" VPOS="640" WIDTH="33" HEIGHT="27" CONTENT="of" WC="1.00" CC="00"/>
						<SP ID="P111_SP00053" HPOS="626" VPOS="667" WIDTH="9"/>
						<String ID="P111_ST00062" HPOS="635" VPOS="650" WIDTH="17" HEIGHT="17" CONTENT="a" WC="1.00" CC="0"/>
						<SP ID="P111_SP00054" HPOS="652" VPOS="667" WIDTH="14"/>
						<String ID="P111_ST00063" HPOS="666" VPOS="648" WIDTH="182" HEIGHT="20" CONTENT="monument." WC="0.90" CC="000203300"/>
					</TextLine>
				</TextBlock>
				<TextBlock ID="P111_TB00005" HPOS="493" VPOS="938" WIDTH="629" HEIGHT="65" STYLEREFS="TXT_0 PAR_LEFT">
					<TextLine ID="P111_TL00010" HPOS="493" VPOS="938" WIDTH="360" HEIGHT="59">
						<String ID="P111_ST00064" HPOS="493" VPOS="938" WIDTH="217" HEIGHT="59" CONTENT="fHAPTEF(" WC="0.26" CC="87865768"/>
						<SP ID="P111_SP00055" HPOS="710" VPOS="997" WIDTH="60"/>
						<String ID="P111_ST00065" HPOS="770" VPOS="959" WIDTH="83" HEIGHT="30" CONTENT="THE" WC="0.34" CC="567"/>
						<SP ID="P111_SP00056" HPOS="853" VPOS="997" WIDTH="0"/>
					</TextLine>
				</TextBlock>
				<TextBlock ID="P111_TB00006" HPOS="318" VPOS="1050" WIDTH="991" HEIGHT="78" STYLEREFS="TXT_1 PAR_LEFT">
					<TextLine ID="P111_TL00011" HPOS="322" VPOS="1054" WIDTH="985" HEIGHT="31">
						<String ID="P111_ST00066" HPOS="322" VPOS="1054" WIDTH="81" HEIGHT="22" CONTENT="From" WC="0.78" CC="2600"/>
						<SP ID="P111_SP00057" HPOS="403" VPOS="1076" WIDTH="33"/>
						<String ID="P111_ST00067" HPOS="436" VPOS="1055" WIDTH="44" HEIGHT="22" CONTENT="the" WC="0.80" CC="005"/>
						<SP ID="P111_SP00058" HPOS="480" VPOS="1077" WIDTH="33"/>
						<String ID="P111_ST00068" HPOS="513" VPOS="1056" WIDTH="78" HEIGHT="22" CONTENT="Close" WC="0.56" CC="03763"/>
						<SP ID="P111_SP00059" HPOS="591" VPOS="1078" WIDTH="31"/>
						<String ID="P111_ST00069" HPOS="622" VPOS="1057" WIDTH="32" HEIGHT="28" CONTENT="of" WC="0.52" CC="90"/>
						<SP ID="P111_SP00060" HPOS="654" VPOS="1085" WIDTH="25"/>
						<String ID="P111_ST00070" HPOS="679" VPOS="1057" WIDTH="44" HEIGHT="22" CONTENT="the" WC="0.79" CC="600"/>
						<SP ID="P111_SP00061" HPOS="723" VPOS="1085" WIDTH="31"/>
						<String ID="P111_ST00071" HPOS="754" VPOS="1058" WIDTH="68" HEIGHT="21" CONTENT="War" WC="0.31" CC="379"/>
						<SP ID="P111_SP00062" HPOS="822" VPOS="1085" WIDTH="28"/>
						<String ID="P111_ST00072" HPOS="850" VPOS="1057" WIDTH="69" HEIGHT="23" CONTENT="with" WC="0.65" CC="7006"/>
						<SP ID="P111_SP00063" HPOS="919" VPOS="1085" WIDTH="33"/>
						<String ID="P111_ST00073" HPOS="952" VPOS="1058" WIDTH="44" HEIGHT="21" CONTENT="the" WC="0.77" CC="060"/>
						<SP ID="P111_SP00064" HPOS="996" VPOS="1085" WIDTH="31"/>
						<String ID="P111_ST00074" HPOS="1027" VPOS="1059" WIDTH="149" HEIGHT="23" CONTENT="Volscians" WC="0.73" CC="030600714"/>
						<SP ID="P111_SP00065" HPOS="1176" VPOS="1085" WIDTH="30"/>
						<String ID="P111_ST00075" HPOS="1206" VPOS="1063" WIDTH="25" HEIGHT="19" CONTENT="to" WC="0.54" CC="27"/>
						<SP ID="P111_SP00066" HPOS="1231" VPOS="1085" WIDTH="32"/>
						<String ID="P111_ST00076" HPOS="1263" VPOS="1062" WIDTH="44" HEIGHT="21" CONTENT="the" WC="0.86" CC="004"/>
					</TextLine>
					<TextLine ID="P111_TL00012" HPOS="501" VPOS="1096" WIDTH="625" HEIGHT="31">
						<String ID="P111_ST00077" HPOS="501" VPOS="1096" WIDTH="127" HEIGHT="30" CONTENT="Passing" WC="0.35" CC="2997682"/>
						<SP ID="P111_SP00067" HPOS="628" VPOS="1126" WIDTH="29"/>
						<String ID="P111_ST00078" HPOS="657" VPOS="1098" WIDTH="32" HEIGHT="28" CONTENT="Pf" WC="0.62" CC="70"/>
						<SP ID="P111_SP00068" HPOS="689" VPOS="1126" WIDTH="26"/>
						<String ID="P111_ST00079" HPOS="715" VPOS="1097" WIDTH="44" HEIGHT="22" CONTENT="the" WC="0.83" CC="500"/>
						<SP ID="P111_SP00069" HPOS="759" VPOS="1126" WIDTH="31"/>
						<String ID="P111_ST00080" HPOS="790" VPOS="1098" WIDTH="65" HEIGHT="21" CONTENT="Bill" WC="0.43" CC="6645"/>
						<SP ID="P111_SP00070" HPOS="855" VPOS="1126" WIDTH="28"/>
						<String ID="P111_ST00081" HPOS="883" VPOS="1099" WIDTH="33" HEIGHT="28" CONTENT="of" WC="0.64" CC="70"/>
						<SP ID="P111_SP00071" HPOS="916" VPOS="1127" WIDTH="29"/>
						<String ID="P111_ST00082" HPOS="945" VPOS="1099" WIDTH="181" HEIGHT="24" CONTENT="Terentillus." WC="0.73" CC="040202001865"/>
					</TextLine>
				</TextBlock>
				<TextBlock ID="P111_TB00007" HPOS="938" VPOS="1247" WIDTH="447" HEIGHT="846" STYLEREFS="TXT_1 PAR_LEFT">
					<TextLine ID="P111_TL00013" HPOS="943" VPOS="1248" WIDTH="441" HEIGHT="34">
						<String ID="P111_ST00083" HPOS="943" VPOS="1248" WIDTH="64" HEIGHT="33" CONTENT="FT" WC="0.84" CC="02" STYLEREFS="TXT_3"/>
						<SP ID="P111_SP00072" HPOS="1007" VPOS="1281" WIDTH="6"/>
						<String ID="P111_ST00084" HPOS="1013" VPOS="1248" WIDTH="71" HEIGHT="33" CONTENT="ER" WC="0.66" CC="06" STYLEREFS="TXT_3"/>
						<SP ID="P111_SP00073" HPOS="1084" VPOS="1281" WIDTH="31"/>
						<String ID="P111_ST00085" HPOS="1115" VPOS="1248" WIDTH="59" HEIGHT="34" CONTENT="the" WC="1.00" CC="000" STYLEREFS="TXT_3"/>
						<SP ID="P111_SP00074" HPOS="1174" VPOS="1282" WIDTH="26"/>
						<String ID="P111_ST00086" HPOS="1200" VPOS="1260" WIDTH="73" HEIGHT="22" CONTENT="war" WC="0.49" CC="671" STYLEREFS="TXT_3"/>
						<SP ID="P111_SP00075" HPOS="1273" VPOS="1282" WIDTH="25"/>
						<String ID="P111_ST00087" HPOS="1298" VPOS="1248" WIDTH="86" HEIGHT="34" CONTENT="with" WC="0.78" CC="5002" STYLEREFS="TXT_3"/>
					</TextLine>
					<TextLine ID="P111_TL00014" HPOS="941" VPOS="1311" WIDTH="444" HEIGHT="33">
						<String ID="P111_ST00088" HPOS="941" VPOS="1312" WIDTH="53" HEIGHT="30" CONTENT="the" WC="0.73" CC="160" STYLEREFS="TXT_3"/>
						<SP ID="P111_SP00076" HPOS="994" VPOS="1342" WIDTH="20"/>
						<String ID="P111_ST00089" HPOS="1014" VPOS="1311" WIDTH="165" HEIGHT="32" CONTENT="Volscians" WC="0.84" CC="200004016" STYLEREFS="TXT_3"/>
						<SP ID="P111_SP00077" HPOS="1179" VPOS="1343" WIDTH="27"/>
						<String ID="P111_ST00090" HPOS="1206" VPOS="1324" WIDTH="63" HEIGHT="19" CONTENT="was" WC="0.71" CC="080" STYLEREFS="TXT_3"/>
						<SP ID="P111_SP00078" HPOS="1269" VPOS="1343" WIDTH="27"/>
						<String ID="P111_ST00091" HPOS="1296" VPOS="1320" WIDTH="32" HEIGHT="24" CONTENT="at" WC="0.58" CC="80" STYLEREFS="TXT_3"/>
						<SP ID="P111_SP00079" HPOS="1328" VPOS="1344" WIDTH="19"/>
						<String ID="P111_ST00092" HPOS="1347" VPOS="1325" WIDTH="38" HEIGHT="19" CONTENT="an" WC="0.97" CC="00" STYLEREFS="TXT_3"/>
					</TextLine>
					<TextLine ID="P111_TL00015" HPOS="941" VPOS="1371" WIDTH="444" HEIGHT="32">
						<String ID="P111_ST00093" HPOS="941" VPOS="1371" WIDTH="65" HEIGHT="32" CONTENT="end," WC="0.68" CC="3503"/>
						<SP ID="P111_SP00080" HPOS="1006" VPOS="1403" WIDTH="11"/>
						<String ID="P111_ST00094" HPOS="1017" VPOS="1371" WIDTH="49" HEIGHT="26" CONTENT="the" WC="0.43" CC="960"/>
						<SP ID="P111_SP00081" HPOS="1066" VPOS="1403" WIDTH="13"/>
						<String ID="P111_ST00095" HPOS="1079" VPOS="1371" WIDTH="134" HEIGHT="27" CONTENT="Romans" WC="0.76" CC="009050"/>
						<SP ID="P111_SP00082" HPOS="1213" VPOS="1403" WIDTH="10"/>
						<String ID="P111_ST00096" HPOS="1223" VPOS="1381" WIDTH="49" HEIGHT="17" CONTENT="are" WC="0.96" CC="010"/>
						<SP ID="P111_SP00083" HPOS="1272" VPOS="1403" WIDTH="12"/>
						<String ID="P111_ST00097" HPOS="1284" VPOS="1373" WIDTH="64" HEIGHT="26" CONTENT="said" WC="0.84" CC="0060"/>
						<SP ID="P111_SP00084" HPOS="1348" VPOS="1403" WIDTH="9"/>
						<String ID="P111_ST00098" HPOS="1357" VPOS="1377" WIDTH="28" HEIGHT="22" CONTENT="to" WC="0.86" CC="20"/>
					</TextLine>
					<TextLine ID="P111_TL00016" HPOS="939" VPOS="1421" WIDTH="446" HEIGHT="37">
						<String ID="P111_ST00099" HPOS="939" VPOS="1421" WIDTH="76" HEIGHT="25" CONTENT="have" WC="0.82" CC="7000"/>
						<SP ID="P111_SP00085" HPOS="1015" VPOS="1446" WIDTH="20"/>
						<String ID="P111_ST00100" HPOS="1035" VPOS="1421" WIDTH="121" HEIGHT="26" CONTENT="entered" WC="0.88" CC="0500200"/>
						<SP ID="P111_SP00086" HPOS="1156" VPOS="1447" WIDTH="20"/>
						<String ID="P111_ST00101" HPOS="1176" VPOS="1421" WIDTH="62" HEIGHT="27" CONTENT="into" WC="0.99" CC="0000"/>
						<SP ID="P111_SP00087" HPOS="1238" VPOS="1448" WIDTH="15"/>
						<String ID="P111_ST00102" HPOS="1253" VPOS="1431" WIDTH="17" HEIGHT="17" CONTENT="a" WC="1.00" CC="0"/>
						<SP ID="P111_SP00088" HPOS="1270" VPOS="1448" WIDTH="20"/>
						<String ID="P111_ST00103" HPOS="1290" VPOS="1426" WIDTH="95" HEIGHT="32" CONTENT="treaty" WC="0.95" CC="000030"/>
					</TextLine>
					<TextLine ID="P111_TL00017" HPOS="939" VPOS="1470" WIDTH="446" HEIGHT="34">
						<String ID="P111_ST00104" HPOS="939" VPOS="1470" WIDTH="71" HEIGHT="25" CONTENT="with" WC="0.75" CC="0405"/>
						<SP ID="P111_SP00089" HPOS="1010" VPOS="1495" WIDTH="24"/>
						<String ID="P111_ST00105" HPOS="1034" VPOS="1471" WIDTH="77" HEIGHT="25" CONTENT="their" WC="0.80" CC="05030"/>
						<SP ID="P111_SP00090" HPOS="1111" VPOS="1496" WIDTH="19"/>
						<String ID="P111_ST00106" HPOS="1130" VPOS="1471" WIDTH="109" HEIGHT="26" CONTENT="former" WC="0.75" CC="500900"/>
						<SP ID="P111_SP00091" HPOS="1239" VPOS="1497" WIDTH="19"/>
						<String ID="P111_ST00107" HPOS="1258" VPOS="1471" WIDTH="55" HEIGHT="33" CONTENT="foe," WC="0.95" CC="0001"/>
						<SP ID="P111_SP00092" HPOS="1313" VPOS="1504" WIDTH="23"/>
						<String ID="P111_ST00108" HPOS="1336" VPOS="1472" WIDTH="49" HEIGHT="26" CONTENT="the" WC="0.58" CC="263"/>
					</TextLine>
					<TextLine ID="P111_TL00018" HPOS="941" VPOS="1520" WIDTH="444" HEIGHT="33">
						<String ID="P111_ST00109" HPOS="941" VPOS="1520" WIDTH="95" HEIGHT="33" CONTENT="object" WC="0.90" CC="000006"/>
						<SP ID="P111_SP00093" HPOS="1036" VPOS="1553" WIDTH="16"/>
						<String ID="P111_ST00110" HPOS="1052" VPOS="1520" WIDTH="32" HEIGHT="26" CONTENT="of" WC="1.00" CC="00"/>
						<SP ID="P111_SP00094" HPOS="1084" VPOS="1553" WIDTH="12"/>
						<String ID="P111_ST00111" HPOS="1096" VPOS="1520" WIDTH="95" HEIGHT="27" CONTENT="which" WC="0.44" CC="97423"/>
						<SP ID="P111_SP00095" HPOS="1191" VPOS="1553" WIDTH="18"/>
						<String ID="P111_ST00112" HPOS="1209" VPOS="1530" WIDTH="61" HEIGHT="17" CONTENT="was" WC="1.00" CC="000"/>
						<SP ID="P111_SP00096" HPOS="1270" VPOS="1553" WIDTH="22"/>
						<String ID="P111_ST00113" HPOS="1292" VPOS="1531" WIDTH="17" HEIGHT="16" CONTENT="a" WC="1.00" CC="0"/>
						<SP ID="P111_SP00097" HPOS="1309" VPOS="1553" WIDTH="19"/>
						<String ID="P111_ST00114" HPOS="1328" VPOS="1526" WIDTH="57" HEIGHT="22" CONTENT="sort" WC="1.00" CC="0000"/>
					</TextLine>
					<TextLine ID="P111_TL00019" HPOS="941" VPOS="1569" WIDTH="444" HEIGHT="35">
						<String ID="P111_ST00115" HPOS="941" VPOS="1569" WIDTH="32" HEIGHT="26" CONTENT="of" WC="0.81" CC="03"/>
						<SP ID="P111_SP00098" HPOS="973" VPOS="1595" WIDTH="17"/>
						<String ID="P111_ST00116" HPOS="990" VPOS="1570" WIDTH="189" HEIGHT="33" CONTENT="partnership" WC="0.85" CC="00200020450"/>
						<SP ID="P111_SP00099" HPOS="1179" VPOS="1603" WIDTH="20"/>
						<String ID="P111_ST00117" HPOS="1199" VPOS="1570" WIDTH="30" HEIGHT="26" CONTENT="in" WC="0.70" CC="60"/>
						<SP ID="P111_SP00100" HPOS="1229" VPOS="1603" WIDTH="14"/>
						<String ID="P111_ST00118" HPOS="1243" VPOS="1571" WIDTH="125" HEIGHT="33" CONTENT="plunder" WC="0.89" CC="0400001"/>
						<SP ID="P111_SP00101" HPOS="1368" VPOS="1604" WIDTH="12"/>
						<String ID="P111_ST00119" HPOS="1380" VPOS="1582" WIDTH="5" HEIGHT="20" CONTENT=";" WC="0.41" CC="5"/>
					</TextLine>
					<TextLine ID="P111_TL00020" HPOS="940" VPOS="1619" WIDTH="445" HEIGHT="34">
						<String ID="P111_ST00120" HPOS="940" VPOS="1619" WIDTH="23" HEIGHT="25" CONTENT="it" WC="0.26" CC="59"/>
						<SP ID="P111_SP00102" HPOS="963" VPOS="1644" WIDTH="25"/>
						<String ID="P111_ST00121" HPOS="988" VPOS="1619" WIDTH="93" HEIGHT="34" CONTENT="being" WC="0.75" CC="30430"/>
						<SP ID="P111_SP00103" HPOS="1081" VPOS="1653" WIDTH="28"/>
						<String ID="P111_ST00122" HPOS="1109" VPOS="1620" WIDTH="109" HEIGHT="33" CONTENT="agreed" WC="0.83" CC="900000"/>
						<SP ID="P111_SP00104" HPOS="1218" VPOS="1653" WIDTH="27"/>
						<String ID="P111_ST00123" HPOS="1245" VPOS="1620" WIDTH="66" HEIGHT="26" CONTENT="that" WC="0.60" CC="1409"/>
						<SP ID="P111_SP00105" HPOS="1311" VPOS="1653" WIDTH="27"/>
						<String ID="P111_ST00124" HPOS="1338" VPOS="1621" WIDTH="47" HEIGHT="26" CONTENT="the" WC="0.86" CC="040"/>
					</TextLine>
					<TextLine ID="P111_TL00021" HPOS="939" VPOS="1668" WIDTH="446" HEIGHT="28">
						<String ID="P111_ST00125" HPOS="939" VPOS="1676" WIDTH="65" HEIGHT="18" CONTENT="new" WC="0.85" CC="400"/>
						<SP ID="P111_SP00106" HPOS="1004" VPOS="1694" WIDTH="15"/>
						<String ID="P111_ST00126" HPOS="1019" VPOS="1668" WIDTH="83" HEIGHT="26" CONTENT="allies" WC="0.96" CC="000200"/>
						<SP ID="P111_SP00107" HPOS="1102" VPOS="1694" WIDTH="18"/>
						<String ID="P111_ST00127" HPOS="1120" VPOS="1668" WIDTH="106" HEIGHT="25" CONTENT="should" WC="0.82" CC="060030"/>
						<SP ID="P111_SP00108" HPOS="1226" VPOS="1694" WIDTH="20"/>
						<String ID="P111_ST00128" HPOS="1246" VPOS="1669" WIDTH="70" HEIGHT="26" CONTENT="take" WC="1.00" CC="0000"/>
						<SP ID="P111_SP00109" HPOS="1316" VPOS="1695" WIDTH="18"/>
						<String ID="P111_ST00129" HPOS="1334" VPOS="1669" WIDTH="51" HEIGHT="27" CONTENT="the" WC="0.81" CC="050"/>
					</TextLine>
					<TextLine ID="P111_TL00022" HPOS="938" VPOS="1715" WIDTH="447" HEIGHT="35">
						<String ID="P111_ST00130" HPOS="938" VPOS="1715" WIDTH="69" HEIGHT="26" CONTENT="field" WC="0.94" CC="11000"/>
						<SP ID="P111_SP00110" HPOS="1007" VPOS="1741" WIDTH="26"/>
						<String ID="P111_ST00131" HPOS="1033" VPOS="1716" WIDTH="145" HEIGHT="34" CONTENT="together," WC="0.74" CC="200097004"/>
						<SP ID="P111_SP00111" HPOS="1178" VPOS="1750" WIDTH="23"/>
						<String ID="P111_ST00132" HPOS="1201" VPOS="1718" WIDTH="58" HEIGHT="24" CONTENT="and" WC="0.84" CC="040"/>
						<SP ID="P111_SP00112" HPOS="1259" VPOS="1750" WIDTH="27"/>
						<String ID="P111_ST00133" HPOS="1286" VPOS="1717" WIDTH="99" HEIGHT="27" CONTENT="divide" WC="0.93" CC="040000"/>
					</TextLine>
					<TextLine ID="P111_TL00023" HPOS="938" VPOS="1765" WIDTH="446" HEIGHT="36">
						<String ID="P111_ST00134" HPOS="938" VPOS="1765" WIDTH="50" HEIGHT="26" CONTENT="the" WC="0.78" CC="060"/>
						<SP ID="P111_SP00113" HPOS="988" VPOS="1791" WIDTH="9"/>
						<String ID="P111_ST00135" HPOS="997" VPOS="1765" WIDTH="137" HEIGHT="34" CONTENT="produce." WC="0.98" CC="00001000"/>
						<SP ID="P111_SP00114" HPOS="1134" VPOS="1799" WIDTH="13"/>
						<String ID="P111_ST00136" HPOS="1147" VPOS="1765" WIDTH="155" HEIGHT="35" CONTENT="Ill-gotten" WC="0.89" CC="0000006003"/>
						<SP ID="P111_SP00115" HPOS="1302" VPOS="1800" WIDTH="10"/>
						<String ID="P111_ST00137" HPOS="1312" VPOS="1767" WIDTH="72" HEIGHT="34" CONTENT="gain" WC="0.88" CC="0031"/>
					</TextLine>
					<TextLine ID="P111_TL00024" HPOS="938" VPOS="1814" WIDTH="446" HEIGHT="26">
						<String ID="P111_ST00138" HPOS="938" VPOS="1814" WIDTH="25" HEIGHT="26" CONTENT="is" WC="0.75" CC="50"/>
						<SP ID="P111_SP00116" HPOS="963" VPOS="1840" WIDTH="27"/>
						<String ID="P111_ST00139" HPOS="990" VPOS="1823" WIDTH="90" HEIGHT="17" CONTENT="never" WC="1.00" CC="00000"/>
						<SP ID="P111_SP00117" HPOS="1080" VPOS="1840" WIDTH="22"/>
						<String ID="P111_ST00140" HPOS="1102" VPOS="1823" WIDTH="17" HEIGHT="17" CONTENT="a" WC="1.00" CC="0"/>
						<SP ID="P111_SP00118" HPOS="1119" VPOS="1840" WIDTH="23"/>
						<String ID="P111_ST00141" HPOS="1142" VPOS="1823" WIDTH="102" HEIGHT="17" CONTENT="source" WC="1.00" CC="000000"/>
						<SP ID="P111_SP00119" HPOS="1244" VPOS="1840" WIDTH="23"/>
						<String ID="P111_ST00142" HPOS="1267" VPOS="1814" WIDTH="34" HEIGHT="26" CONTENT="of" WC="1.00" CC="00"/>
						<SP ID="P111_SP00120" HPOS="1301" VPOS="1840" WIDTH="22"/>
						<String ID="P111_ST00143" HPOS="1323" VPOS="1815" WIDTH="61" HEIGHT="25" CONTENT="real" WC="0.99" CC="0000"/>
					</TextLine>
					<TextLine ID="P111_TL00025" HPOS="938" VPOS="1863" WIDTH="445" HEIGHT="33">
						<String ID="P111_ST00144" HPOS="938" VPOS="1863" WIDTH="86" HEIGHT="33" CONTENT="profit" WC="0.82" CC="000117"/>
						<String ID="P111_ST00145" HPOS="1035" VPOS="1874" WIDTH="5" HEIGHT="19" CONTENT=";" WC="0.42" CC="5"/>
						<SP ID="P111_SP00121" HPOS="1040" VPOS="1896" WIDTH="23"/>
						<String ID="P111_ST00146" HPOS="1063" VPOS="1863" WIDTH="58" HEIGHT="25" CONTENT="and" WC="0.89" CC="030"/>
						<SP ID="P111_SP00122" HPOS="1121" VPOS="1896" WIDTH="19"/>
						<String ID="P111_ST00147" HPOS="1140" VPOS="1863" WIDTH="50" HEIGHT="26" CONTENT="the" WC="0.94" CC="010"/>
						<SP ID="P111_SP00123" HPOS="1190" VPOS="1896" WIDTH="14"/>
						<String ID="P111_ST00148" HPOS="1204" VPOS="1863" WIDTH="70" HEIGHT="26" CONTENT="land" WC="0.83" CC="0060"/>
						<SP ID="P111_SP00124" HPOS="1274" VPOS="1896" WIDTH="15"/>
						<String ID="P111_ST00149" HPOS="1289" VPOS="1864" WIDTH="94" HEIGHT="26" CONTENT="stolen" WC="0.93" CC="000004"/>
					</TextLine>
					<TextLine ID="P111_TL00026" HPOS="939" VPOS="1912" WIDTH="444" HEIGHT="35">
						<String ID="P111_ST00150" HPOS="939" VPOS="1912" WIDTH="30" HEIGHT="25" CONTENT="in" WC="0.75" CC="04"/>
						<SP ID="P111_SP00125" HPOS="969" VPOS="1937" WIDTH="26"/>
						<String ID="P111_ST00151" HPOS="995" VPOS="1920" WIDTH="61" HEIGHT="18" CONTENT="war" WC="0.92" CC="002"/>
						<SP ID="P111_SP00126" HPOS="1056" VPOS="1938" WIDTH="26"/>
						<String ID="P111_ST00152" HPOS="1082" VPOS="1912" WIDTH="122" HEIGHT="26" CONTENT="became" WC="1.00" CC="000000"/>
						<SP ID="P111_SP00127" HPOS="1204" VPOS="1938" WIDTH="28"/>
						<String ID="P111_ST00153" HPOS="1232" VPOS="1921" WIDTH="17" HEIGHT="17" CONTENT="a" WC="1.00" CC="0"/>
						<SP ID="P111_SP00128" HPOS="1249" VPOS="1938" WIDTH="18"/>
						<String ID="P111_ST00154" HPOS="1267" VPOS="1913" WIDTH="116" HEIGHT="34" CONTENT="ground" WC="0.95" CC="000200"/>
					</TextLine>
					<TextLine ID="P111_TL00027" HPOS="939" VPOS="1962" WIDTH="445" HEIGHT="35">
						<String ID="P111_ST00155" HPOS="939" VPOS="1962" WIDTH="33" HEIGHT="26" CONTENT="of" WC="1.00" CC="00"/>
						<SP ID="P111_SP00129" HPOS="972" VPOS="1988" WIDTH="25"/>
						<String ID="P111_ST00156" HPOS="997" VPOS="1962" WIDTH="171" HEIGHT="26" CONTENT="contention" WC="0.87" CC="0008000400"/>
						<SP ID="P111_SP00130" HPOS="1168" VPOS="1988" WIDTH="30"/>
						<String ID="P111_ST00157" HPOS="1198" VPOS="1971" WIDTH="111" HEIGHT="26" CONTENT="among" WC="1.00" CC="00000"/>
						<SP ID="P111_SP00131" HPOS="1309" VPOS="1997" WIDTH="25"/>
						<String ID="P111_ST00158" HPOS="1334" VPOS="1963" WIDTH="50" HEIGHT="27" CONTENT="the" WC="0.78" CC="150"/>
					</TextLine>
					<TextLine ID="P111_TL00028" HPOS="940" VPOS="2012" WIDTH="443" HEIGHT="33">
						<String ID="P111_ST00159" HPOS="940" VPOS="2012" WIDTH="145" HEIGHT="25" CONTENT="Romans." WC="1.00" CC="0000000"/>
						<SP ID="P111_SP00132" HPOS="1085" VPOS="2037" WIDTH="49"/>
						<String ID="P111_ST00160" HPOS="1134" VPOS="2012" WIDTH="62" HEIGHT="26" CONTENT="The" WC="0.86" CC="040"/>
						<SP ID="P111_SP00133" HPOS="1196" VPOS="2038" WIDTH="27"/>
						<String ID="P111_ST00161" HPOS="1223" VPOS="2012" WIDTH="160" HEIGHT="33" CONTENT="patricians" WC="1.00" CC="0000000000"/>
					</TextLine>
					<TextLine ID="P111_TL00029" HPOS="938" VPOS="2061" WIDTH="446" HEIGHT="32">
						<String ID="P111_ST00162" HPOS="938" VPOS="2061" WIDTH="59" HEIGHT="25" CONTENT="had" WC="0.81" CC="500"/>
						<SP ID="P111_SP00134" HPOS="997" VPOS="2086" WIDTH="27"/>
						<String ID="P111_ST00163" HPOS="1024" VPOS="2061" WIDTH="128" HEIGHT="26" CONTENT="hitherto" WC="0.66" CC="52960200"/>
						<SP ID="P111_SP00135" HPOS="1152" VPOS="2087" WIDTH="27"/>
						<String ID="P111_ST00164" HPOS="1179" VPOS="2061" WIDTH="129" HEIGHT="32" CONTENT="grasped" WC="0.83" CC="9020000"/>
						<SP ID="P111_SP00136" HPOS="1308" VPOS="2093" WIDTH="26"/>
						<String ID="P111_ST00165" HPOS="1334" VPOS="2062" WIDTH="50" HEIGHT="27" CONTENT="the" WC="0.75" CC="070"/>
					</TextLine>
				</TextBlock>
				<TextBlock ID="P111_TB00008" HPOS="458" VPOS="2008" WIDTH="236" HEIGHT="46" STYLEREFS="TXT_1 PAR_LEFT">
					<TextLine ID="P111_TL00030" HPOS="461" VPOS="2010" WIDTH="219" HEIGHT="16">
						<String ID="P111_ST00166" HPOS="461" VPOS="2011" WIDTH="56" HEIGHT="15" CONTENT="Roma" WC="0.23" CC="8769"/>
						<String ID="P111_ST00167" HPOS="524" VPOS="2015" WIDTH="8" HEIGHT="11" CONTENT="n" WC="0.01" CC="9"/>
						<SP ID="P111_SP00137" HPOS="532" VPOS="2026" WIDTH="22"/>
						<String ID="P111_ST00168" HPOS="554" VPOS="2010" WIDTH="60" HEIGHT="16" CONTENT="Panto" WC="0.45" CC="64357"/>
						<SP ID="P111_SP00138" HPOS="614" VPOS="2026" WIDTH="8"/>
						<String ID="P111_ST00169" HPOS="622" VPOS="2011" WIDTH="58" HEIGHT="15" CONTENT="mime" WC="0.39" CC="0797"/>
					</TextLine>
				</TextBlock>
				<TextBlock ID="P111_TB00009" HPOS="234" VPOS="2110" WIDTH="1148" HEIGHT="85" STYLEREFS="TXT_1 PAR_LEFT">
					<TextLine ID="P111_TL00031" HPOS="235" VPOS="2110" WIDTH="1147" HEIGHT="36">
						<String ID="P111_ST00170" HPOS="235" VPOS="2111" WIDTH="95" HEIGHT="28" CONTENT="whole" WC="0.76" CC="06050"/>
						<SP ID="P111_SP00139" HPOS="330" VPOS="2139" WIDTH="15"/>
						<String ID="P111_ST00171" HPOS="345" VPOS="2111" WIDTH="33" HEIGHT="27" CONTENT="of" WC="1.00" CC="00"/>
						<SP ID="P111_SP00140" HPOS="378" VPOS="2139" WIDTH="13"/>
						<String ID="P111_ST00172" HPOS="391" VPOS="2111" WIDTH="50" HEIGHT="27" CONTENT="the" WC="0.77" CC="060"/>
						<SP ID="P111_SP00141" HPOS="441" VPOS="2139" WIDTH="20"/>
						<String ID="P111_ST00173" HPOS="461" VPOS="2111" WIDTH="167" HEIGHT="35" CONTENT="conquered" WC="0.76" CC="007050053"/>
						<SP ID="P111_SP00142" HPOS="628" VPOS="2146" WIDTH="18"/>
						<String ID="P111_ST00174" HPOS="646" VPOS="2111" WIDTH="64" HEIGHT="32" CONTENT="soil," WC="0.89" CC="00103"/>
						<SP ID="P111_SP00143" HPOS="710" VPOS="2146" WIDTH="16"/>
						<String ID="P111_ST00175" HPOS="726" VPOS="2110" WIDTH="114" HEIGHT="35" CONTENT="though" WC="0.76" CC="050206"/>
						<SP ID="P111_SP00144" HPOS="840" VPOS="2146" WIDTH="20"/>
						<String ID="P111_ST00176" HPOS="860" VPOS="2110" WIDTH="71" HEIGHT="35" CONTENT="they" WC="0.82" CC="3300"/>
						<SP ID="P111_SP00145" HPOS="931" VPOS="2146" WIDTH="15"/>
						<String ID="P111_ST00177" HPOS="946" VPOS="2110" WIDTH="85" HEIGHT="26" CONTENT="could" WC="0.81" CC="00540"/>
						<SP ID="P111_SP00146" HPOS="1031" VPOS="2146" WIDTH="20"/>
						<String ID="P111_ST00178" HPOS="1051" VPOS="2113" WIDTH="51" HEIGHT="23" CONTENT="not" WC="1.00" CC="000"/>
						<SP ID="P111_SP00147" HPOS="1102" VPOS="2146" WIDTH="15"/>
						<String ID="P111_ST00179" HPOS="1117" VPOS="2110" WIDTH="36" HEIGHT="26" CONTENT="do" WC="1.00" CC="00"/>
						<SP ID="P111_SP00148" HPOS="1153" VPOS="2146" WIDTH="15"/>
						<String ID="P111_ST00180" HPOS="1168" VPOS="2118" WIDTH="32" HEIGHT="18" CONTENT="so" WC="1.00" CC="00"/>
						<SP ID="P111_SP00149" HPOS="1200" VPOS="2146" WIDTH="14"/>
						<String ID="P111_ST00181" HPOS="1214" VPOS="2111" WIDTH="71" HEIGHT="26" CONTENT="with" WC="0.81" CC="0007"/>
						<SP ID="P111_SP00150" HPOS="1285" VPOS="2146" WIDTH="15"/>
						<String ID="P111_ST00182" HPOS="1300" VPOS="2111" WIDTH="82" HEIGHT="27" CONTENT="clean" WC="0.92" CC="02001"/>
					</TextLine>
					<TextLine ID="P111_TL00032" HPOS="234" VPOS="2160" WIDTH="1148" HEIGHT="35">
						<String ID="P111_ST00183" HPOS="234" VPOS="2162" WIDTH="96" HEIGHT="26" CONTENT="hands" WC="0.64" CC="67300"/>
						<String ID="P111_ST00184" HPOS="339" VPOS="2172" WIDTH="5" HEIGHT="21" CONTENT=";" WC="0.53" CC="4"/>
						<SP ID="P111_SP00151" HPOS="344" VPOS="2193" WIDTH="23"/>
						<String ID="P111_ST00185" HPOS="367" VPOS="2162" WIDTH="58" HEIGHT="26" CONTENT="and" WC="1.00" CC="000"/>
						<SP ID="P111_SP00152" HPOS="425" VPOS="2193" WIDTH="16"/>
						<String ID="P111_ST00186" HPOS="441" VPOS="2161" WIDTH="125" HEIGHT="34" CONTENT="Spurius" WC="0.88" CC="0000034"/>
						<SP ID="P111_SP00153" HPOS="566" VPOS="2195" WIDTH="16"/>
						<String ID="P111_ST00187" HPOS="582" VPOS="2161" WIDTH="119" HEIGHT="27" CONTENT="Cassius" WC="0.92" CC="0000050"/>
						<SP ID="P111_SP00154" HPOS="701" VPOS="2195" WIDTH="14"/>
						<String ID="P111_ST00188" HPOS="715" VPOS="2160" WIDTH="148" HEIGHT="34" CONTENT="proposed" WC="1.00" CC="00000000"/>
						<SP ID="P111_SP00155" HPOS="863" VPOS="2195" WIDTH="13"/>
						<String ID="P111_ST00189" HPOS="876" VPOS="2161" WIDTH="66" HEIGHT="26" CONTENT="that" WC="0.68" CC="6600"/>
						<SP ID="P111_SP00156" HPOS="942" VPOS="2195" WIDTH="14"/>
						<String ID="P111_ST00190" HPOS="956" VPOS="2160" WIDTH="49" HEIGHT="26" CONTENT="the" WC="0.79" CC="060"/>
						<SP ID="P111_SP00157" HPOS="1005" VPOS="2195" WIDTH="14"/>
						<String ID="P111_ST00191" HPOS="1019" VPOS="2160" WIDTH="154" HEIGHT="34" CONTENT="plebeians" WC="0.90" CC="030004000"/>
						<SP ID="P111_SP00158" HPOS="1173" VPOS="2195" WIDTH="16"/>
						<String ID="P111_ST00192" HPOS="1189" VPOS="2160" WIDTH="105" HEIGHT="26" CONTENT="should" WC="0.83" CC="070020"/>
						<SP ID="P111_SP00159" HPOS="1294" VPOS="2195" WIDTH="14"/>
						<String ID="P111_ST00193" HPOS="1308" VPOS="2161" WIDTH="74" HEIGHT="27" CONTENT="have" WC="0.86" CC="5000"/>
					</TextLine>
				</TextBlock>
				<ComposedBlock ID="P111_CB00001" HPOS="276" VPOS="1325" WIDTH="601" HEIGHT="657" STYLEREFS="TXT_0 PAR_LEFT" TYPE="Illustration">
					<GraphicalElement ID="P111_CB00001_SUB" HPOS="276" VPOS="1325" WIDTH="601" HEIGHT="657"/>
				</ComposedBlock>
			</PrintSpace>
		</Page>
	</Layout>
</alto>
