<?xml version="1.0" encoding="UTF-8"?>
<alto xmlns:xsi="http://www.w3.org/2001/XMLSchema-instance" xsi:noNamespaceSchemaLocation="http://www.bl.uk/schemas/alto/alto-1-4.xsd" xmlns:xlink="http://www.w3.org/1999/xlink">
	<Description>
		<MeasurementUnit>mm10</MeasurementUnit>
		<sourceImageInformation>
			<fileName>//head1/IN/2008-39/A0012093469/009180.jp2</fileName>
		</sourceImageInformation>
		<OCRProcessing ID="OCRPROCESSING_1">
			<preProcessingStep>
				<processingSoftware>
					<softwareCreator>CCS Content Conversion Specialists GmbH, Germany</softwareCreator>
					<softwareName>CCS docWORKS</softwareName>
					<softwareVersion>6.1-0.67</softwareVersion>
				</processingSoftware>
			</preProcessingStep>
			<ocrProcessingStep>
				<processingSoftware>
					<softwareCreator>ABBYY (BIT Software), Russia</softwareCreator>
					<softwareName>Finereader</softwareName>
				</processingSoftware>
			</ocrProcessingStep>
		</OCRProcessing>
	</Description>
	<Styles>
		<TextStyle ID="TXT_0" FONTSIZE="11" FONTFAMILY="Courier New"/>
		<TextStyle ID="TXT_1" FONTSIZE="9" FONTFAMILY="Fraktur"/>
		<TextStyle ID="TXT_2" FONTSIZE="9" FONTFAMILY="Courier New"/>
		<ParagraphStyle ID="PAR_RIGHT" ALIGN="Right"/>
		<ParagraphStyle ID="PAR_LEFT" ALIGN="Left"/>
	</Styles>
	<Layout>
		<Page ID="P322" PHYSICAL_IMG_NR="322" HEIGHT="2518" WIDTH="1698" PRINTED_IMG_NR="286" POSITION="Left" ACCURACY="85.05">
			<TopMargin ID="P322_TM00001" HPOS="0" VPOS="0" WIDTH="1698" HEIGHT="292">
				<TextBlock ID="P322_TB00001" HPOS="599" VPOS="234" WIDTH="632" HEIGHT="58" STYLEREFS="TXT_0 PAR_RIGHT">
					<TextLine ID="P322_TL00001" HPOS="600" VPOS="235" WIDTH="631" HEIGHT="57">
						<String ID="P322_ST00001" HPOS="600" VPOS="240" WIDTH="150" HEIGHT="44" CONTENT="Comic" WC="0.89" CC="01003"/>
						<SP ID="P322_SP00001" HPOS="750" VPOS="284" WIDTH="31"/>
						<String ID="P322_ST00002" HPOS="781" VPOS="236" WIDTH="191" HEIGHT="56" CONTENT="History" WC="0.90" CC="0005100"/>
						<SP ID="P322_SP00002" HPOS="972" VPOS="292" WIDTH="35"/>
						<String ID="P322_ST00003" HPOS="1007" VPOS="236" WIDTH="54" HEIGHT="56" CONTENT="of" WC="1.00" CC="00"/>
						<SP ID="P322_SP00003" HPOS="1061" VPOS="292" WIDTH="19"/>
						<String ID="P322_ST00004" HPOS="1080" VPOS="235" WIDTH="151" HEIGHT="43" CONTENT="Rome." WC="0.85" CC="03004"/>
					</TextLine>
				</TextBlock>
				<TextBlock ID="P322_TB00002" HPOS="337" VPOS="251" WIDTH="63" HEIGHT="29" STYLEREFS="TXT_1 PAR_LEFT">
					<TextLine ID="P322_TL00002" HPOS="399" VPOS="278" WIDTH="1" HEIGHT="2">
						<String ID="P322_ST00005" HPOS="399" VPOS="278" WIDTH="1" HEIGHT="2" CONTENT="286" WC="1.00" CC="000"/>
					</TextLine>
				</TextBlock>
				<TextBlock ID="P322_TB00003" HPOS="1348" VPOS="254" WIDTH="148" HEIGHT="23" STYLEREFS="TXT_2 PAR_RIGHT">
					<TextLine ID="P322_TL00003" HPOS="1349" VPOS="255" WIDTH="147" HEIGHT="22">
						<String ID="P322_ST00006" HPOS="1349" VPOS="257" WIDTH="75" HEIGHT="20" CONTENT="[Chap." WC="0.60" CC="079600"/>
						<SP ID="P322_SP00004" HPOS="1424" VPOS="277" WIDTH="15"/>
						<String ID="P322_ST00007" HPOS="1439" VPOS="255" WIDTH="57" HEIGHT="18" CONTENT="XXI." WC="0.60" CC="0923"/>
					</TextLine>
				</TextBlock>
			</TopMargin>
			<LeftMargin ID="P322_LM00001" HPOS="0" VPOS="281" WIDTH="335" HEIGHT="1890"/>
			<RightMargin ID="P322_RM00001" HPOS="1497" VPOS="281" WIDTH="201" HEIGHT="1890"/>
			<BottomMargin ID="P322_BM00001" HPOS="0" VPOS="2171" WIDTH="1698" HEIGHT="346"/>
			<PrintSpace ID="P322_PS00001" HPOS="335" VPOS="281" WIDTH="1162" HEIGHT="1890">
				<TextBlock ID="P322_TB00004" HPOS="335" VPOS="346" WIDTH="1161" HEIGHT="95" STYLEREFS="TXT_2 PAR_LEFT">
					<TextLine ID="P322_TL00004" HPOS="336" VPOS="346" WIDTH="1160" HEIGHT="47">
						<String ID="P322_ST00008" HPOS="336" VPOS="357" WIDTH="96" HEIGHT="36" CONTENT="might" WC="0.79" CC="01072"/>
						<SP ID="P322_SP00005" HPOS="432" VPOS="393" WIDTH="23"/>
						<String ID="P322_ST00009" HPOS="455" VPOS="357" WIDTH="76" HEIGHT="26" CONTENT="have" WC="0.83" CC="6000"/>
						<SP ID="P322_SP00006" HPOS="531" VPOS="393" WIDTH="22"/>
						<String ID="P322_ST00010" HPOS="553" VPOS="357" WIDTH="76" HEIGHT="25" CONTENT="been" WC="0.84" CC="6000"/>
						<SP ID="P322_SP00007" HPOS="629" VPOS="393" WIDTH="23"/>
						<String ID="P322_ST00011" HPOS="652" VPOS="360" WIDTH="71" HEIGHT="26" CONTENT="true," WC="0.95" CC="02000"/>
						<SP ID="P322_SP00008" HPOS="723" VPOS="393" WIDTH="18"/>
						<String ID="P322_ST00012" HPOS="741" VPOS="363" WIDTH="16" HEIGHT="16" CONTENT="a" WC="1.00" CC="0"/>
						<SP ID="P322_SP00009" HPOS="757" VPOS="393" WIDTH="22"/>
						<String ID="P322_ST00013" HPOS="779" VPOS="353" WIDTH="74" HEIGHT="26" CONTENT="false" WC="0.88" CC="00600"/>
						<SP ID="P322_SP00010" HPOS="853" VPOS="393" WIDTH="19"/>
						<String ID="P322_ST00014" HPOS="872" VPOS="352" WIDTH="111" HEIGHT="35" CONTENT="weight" WC="0.60" CC="004908"/>
						<SP ID="P322_SP00011" HPOS="983" VPOS="393" WIDTH="21"/>
						<String ID="P322_ST00015" HPOS="1004" VPOS="359" WIDTH="62" HEIGHT="19" CONTENT="was" WC="0.77" CC="600"/>
						<SP ID="P322_SP00012" HPOS="1066" VPOS="393" WIDTH="24"/>
						<String ID="P322_ST00016" HPOS="1090" VPOS="350" WIDTH="112" HEIGHT="35" CONTENT="always" WC="1.00" CC="000000"/>
						<SP ID="P322_SP00013" HPOS="1202" VPOS="393" WIDTH="24"/>
						<String ID="P322_ST00017" HPOS="1226" VPOS="346" WIDTH="139" HEIGHT="28" CONTENT="attached" WC="0.92" CC="00000600"/>
						<SP ID="P322_SP00014" HPOS="1365" VPOS="393" WIDTH="22"/>
						<String ID="P322_ST00018" HPOS="1387" VPOS="351" WIDTH="30" HEIGHT="22" CONTENT="to" WC="0.53" CC="90"/>
						<SP ID="P322_SP00015" HPOS="1417" VPOS="393" WIDTH="25"/>
						<String ID="P322_ST00019" HPOS="1442" VPOS="354" WIDTH="54" HEIGHT="18" CONTENT="one" WC="1.00" CC="000"/>
					</TextLine>
					<TextLine ID="P322_TL00005" HPOS="337" VPOS="403" WIDTH="690" HEIGHT="38">
						<String ID="P322_ST00020" HPOS="337" VPOS="408" WIDTH="71" HEIGHT="32" CONTENT="side," WC="0.75" CC="06600"/>
						<SP ID="P322_SP00016" HPOS="408" VPOS="440" WIDTH="15"/>
						<String ID="P322_ST00021" HPOS="423" VPOS="407" WIDTH="96" HEIGHT="28" CONTENT="which" WC="0.76" CC="07004"/>
						<SP ID="P322_SP00017" HPOS="519" VPOS="440" WIDTH="15"/>
						<String ID="P322_ST00022" HPOS="534" VPOS="415" WIDTH="76" HEIGHT="26" CONTENT="gave" WC="1.00" CC="0000"/>
						<SP ID="P322_SP00018" HPOS="610" VPOS="441" WIDTH="14"/>
						<String ID="P322_ST00023" HPOS="624" VPOS="406" WIDTH="22" HEIGHT="26" CONTENT="it" WC="0.82" CC="30"/>
						<SP ID="P322_SP00019" HPOS="646" VPOS="441" WIDTH="16"/>
						<String ID="P322_ST00024" HPOS="662" VPOS="414" WIDTH="17" HEIGHT="17" CONTENT="a" WC="1.00" CC="0"/>
						<SP ID="P322_SP00020" HPOS="679" VPOS="441" WIDTH="13"/>
						<String ID="P322_ST00025" HPOS="692" VPOS="408" WIDTH="67" HEIGHT="23" CONTENT="vast" WC="1.00" CC="0000"/>
						<SP ID="P322_SP00021" HPOS="759" VPOS="441" WIDTH="14"/>
						<String ID="P322_ST00026" HPOS="773" VPOS="403" WIDTH="254" HEIGHT="36" CONTENT="preponderance." WC="0.93" CC="02000000204000"/>
					</TextLine>
				</TextBlock>
				<TextBlock ID="P322_TB00005" HPOS="335" VPOS="471" WIDTH="1162" HEIGHT="1230" STYLEREFS="TXT_2 PAR_LEFT">
					<TextLine ID="P322_TL00006" HPOS="391" VPOS="472" WIDTH="1105" HEIGHT="44">
						<String ID="P322_ST00027" HPOS="391" VPOS="484" WIDTH="63" HEIGHT="25" CONTENT="The" WC="0.79" CC="060"/>
						<SP ID="P322_SP00022" HPOS="454" VPOS="509" WIDTH="24"/>
						<String ID="P322_ST00028" HPOS="478" VPOS="480" WIDTH="241" HEIGHT="36" CONTENT="Carthaginians," WC="0.87" CC="00007001340000"/>
						<SP ID="P322_SP00023" HPOS="719" VPOS="516" WIDTH="16"/>
						<String ID="P322_ST00029" HPOS="735" VPOS="479" WIDTH="155" HEIGHT="30" CONTENT="therefore," WC="0.86" CC="0700000402"/>
						<SP ID="P322_SP00024" HPOS="890" VPOS="516" WIDTH="16"/>
						<String ID="P322_ST00030" HPOS="906" VPOS="478" WIDTH="71" HEIGHT="26" CONTENT="took" WC="1.00" CC="0000"/>
						<SP ID="P322_SP00025" HPOS="977" VPOS="516" WIDTH="23"/>
						<String ID="P322_ST00031" HPOS="1000" VPOS="486" WIDTH="40" HEIGHT="25" CONTENT="up" WC="0.72" CC="50"/>
						<SP ID="P322_SP00026" HPOS="1040" VPOS="516" WIDTH="22"/>
						<String ID="P322_ST00032" HPOS="1062" VPOS="484" WIDTH="79" HEIGHT="18" CONTENT="arms" WC="1.00" CC="0000"/>
						<SP ID="P322_SP00027" HPOS="1141" VPOS="516" WIDTH="25"/>
						<String ID="P322_ST00033" HPOS="1166" VPOS="474" WIDTH="121" HEIGHT="36" CONTENT="against" WC="0.90" CC="0006000"/>
						<SP ID="P322_SP00028" HPOS="1287" VPOS="516" WIDTH="21"/>
						<String ID="P322_ST00034" HPOS="1308" VPOS="472" WIDTH="188" HEIGHT="32" CONTENT="Massinissa," WC="0.90" CC="00003030003"/>
					</TextLine>
					<TextLine ID="P322_TL00007" HPOS="337" VPOS="522" WIDTH="1158" HEIGHT="45">
						<String ID="P322_ST00035" HPOS="337" VPOS="534" WIDTH="74" HEIGHT="31" CONTENT="who," WC="0.57" CC="9600"/>
						<SP ID="P322_SP00029" HPOS="411" VPOS="565" WIDTH="16"/>
						<String ID="P322_ST00036" HPOS="427" VPOS="533" WIDTH="114" HEIGHT="34" CONTENT="though" WC="0.75" CC="260005"/>
						<SP ID="P322_SP00030" HPOS="541" VPOS="567" WIDTH="22"/>
						<String ID="P322_ST00037" HPOS="563" VPOS="532" WIDTH="105" HEIGHT="34" CONTENT="ninety" WC="0.75" CC="104090"/>
						<SP ID="P322_SP00031" HPOS="668" VPOS="567" WIDTH="12"/>
						<String ID="P322_ST00038" HPOS="680" VPOS="538" WIDTH="86" HEIGHT="27" CONTENT="years" WC="1.00" CC="00000"/>
						<SP ID="P322_SP00032" HPOS="766" VPOS="567" WIDTH="24"/>
						<String ID="P322_ST00039" HPOS="790" VPOS="528" WIDTH="33" HEIGHT="27" CONTENT="of" WC="1.00" CC="00"/>
						<SP ID="P322_SP00033" HPOS="823" VPOS="567" WIDTH="19"/>
						<String ID="P322_ST00040" HPOS="842" VPOS="537" WIDTH="65" HEIGHT="26" CONTENT="age," WC="1.00" CC="0000"/>
						<SP ID="P322_SP00034" HPOS="907" VPOS="567" WIDTH="16"/>
						<String ID="P322_ST00041" HPOS="923" VPOS="527" WIDTH="106" HEIGHT="35" CONTENT="fought" WC="0.80" CC="000047"/>
						<SP ID="P322_SP00035" HPOS="1029" VPOS="567" WIDTH="15"/>
						<String ID="P322_ST00042" HPOS="1044" VPOS="526" WIDTH="71" HEIGHT="26" CONTENT="with" WC="0.79" CC="0601"/>
						<SP ID="P322_SP00036" HPOS="1115" VPOS="567" WIDTH="23"/>
						<String ID="P322_ST00043" HPOS="1138" VPOS="528" WIDTH="87" HEIGHT="32" CONTENT="great" WC="0.88" CC="05000"/>
						<SP ID="P322_SP00037" HPOS="1225" VPOS="567" WIDTH="21"/>
						<String ID="P322_ST00044" HPOS="1246" VPOS="522" WIDTH="230" HEIGHT="28" CONTENT="determination" WC="0.90" CC="0000003003302"/>
						<SP ID="P322_SP00038" HPOS="1476" VPOS="567" WIDTH="15"/>
						<String ID="P322_ST00045" HPOS="1491" VPOS="532" WIDTH="4" HEIGHT="20" CONTENT=";" WC="1.00" CC="0"/>
					</TextLine>
					<TextLine ID="P322_TL00008" HPOS="339" VPOS="572" WIDTH="1158" HEIGHT="44">
						<String ID="P322_ST00046" HPOS="339" VPOS="584" WIDTH="43" HEIGHT="26" CONTENT="for" WC="0.78" CC="006"/>
						<SP ID="P322_SP00039" HPOS="382" VPOS="610" WIDTH="21"/>
						<String ID="P322_ST00047" HPOS="403" VPOS="584" WIDTH="38" HEIGHT="25" CONTENT="he" WC="0.68" CC="60"/>
						<SP ID="P322_SP00040" HPOS="441" VPOS="610" WIDTH="23"/>
						<String ID="P322_ST00048" HPOS="464" VPOS="583" WIDTH="61" HEIGHT="31" CONTENT="felt," WC="0.92" CC="00003"/>
						<SP ID="P322_SP00041" HPOS="525" VPOS="614" WIDTH="15"/>
						<String ID="P322_ST00049" HPOS="540" VPOS="581" WIDTH="155" HEIGHT="35" CONTENT="probably," WC="0.89" CC="000700002"/>
						<SP ID="P322_SP00042" HPOS="695" VPOS="616" WIDTH="17"/>
						<String ID="P322_ST00050" HPOS="712" VPOS="580" WIDTH="64" HEIGHT="26" CONTENT="that" WC="0.77" CC="4400"/>
						<SP ID="P322_SP00043" HPOS="776" VPOS="616" WIDTH="21"/>
						<String ID="P322_ST00051" HPOS="797" VPOS="579" WIDTH="37" HEIGHT="26" CONTENT="he" WC="0.68" CC="60"/>
						<SP ID="P322_SP00044" HPOS="834" VPOS="616" WIDTH="14"/>
						<String ID="P322_ST00052" HPOS="848" VPOS="587" WIDTH="61" HEIGHT="17" CONTENT="was" WC="0.81" CC="005"/>
						<SP ID="P322_SP00045" HPOS="909" VPOS="616" WIDTH="21"/>
						<String ID="P322_ST00053" HPOS="930" VPOS="581" WIDTH="49" HEIGHT="22" CONTENT="too" WC="0.83" CC="500"/>
						<SP ID="P322_SP00046" HPOS="979" VPOS="616" WIDTH="25"/>
						<String ID="P322_ST00054" HPOS="1004" VPOS="577" WIDTH="49" HEIGHT="25" CONTENT="old" WC="1.00" CC="000"/>
						<SP ID="P322_SP00047" HPOS="1053" VPOS="616" WIDTH="21"/>
						<String ID="P322_ST00055" HPOS="1074" VPOS="580" WIDTH="30" HEIGHT="22" CONTENT="to" WC="0.98" CC="00"/>
						<SP ID="P322_SP00048" HPOS="1104" VPOS="616" WIDTH="22"/>
						<String ID="P322_ST00056" HPOS="1126" VPOS="575" WIDTH="48" HEIGHT="35" CONTENT="fly," WC="0.80" CC="3301"/>
						<SP ID="P322_SP00049" HPOS="1174" VPOS="616" WIDTH="18"/>
						<String ID="P322_ST00057" HPOS="1192" VPOS="574" WIDTH="58" HEIGHT="26" CONTENT="and" WC="0.84" CC="040"/>
						<SP ID="P322_SP00050" HPOS="1250" VPOS="616" WIDTH="23"/>
						<String ID="P322_ST00058" HPOS="1273" VPOS="574" WIDTH="64" HEIGHT="26" CONTENT="that" WC="0.70" CC="0308"/>
						<SP ID="P322_SP00051" HPOS="1337" VPOS="616" WIDTH="21"/>
						<String ID="P322_ST00059" HPOS="1358" VPOS="572" WIDTH="47" HEIGHT="26" CONTENT="his" WC="0.68" CC="630"/>
						<SP ID="P322_SP00052" HPOS="1405" VPOS="616" WIDTH="21"/>
						<String ID="P322_ST00060" HPOS="1426" VPOS="572" WIDTH="71" HEIGHT="34" CONTENT="only" WC="0.93" CC="0020"/>
					</TextLine>
					<TextLine ID="P322_TL00009" HPOS="340" VPOS="622" WIDTH="1156" HEIGHT="38">
						<String ID="P322_ST00061" HPOS="340" VPOS="634" WIDTH="111" HEIGHT="26" CONTENT="chance" WC="0.92" CC="040000"/>
						<SP ID="P322_SP00053" HPOS="451" VPOS="660" WIDTH="13"/>
						<String ID="P322_ST00062" HPOS="464" VPOS="641" WIDTH="61" HEIGHT="18" CONTENT="was" WC="0.70" CC="800"/>
						<SP ID="P322_SP00054" HPOS="525" VPOS="660" WIDTH="14"/>
						<String ID="P322_ST00063" HPOS="539" VPOS="636" WIDTH="30" HEIGHT="22" CONTENT="to" WC="1.00" CC="00"/>
						<SP ID="P322_SP00055" HPOS="569" VPOS="660" WIDTH="15"/>
						<String ID="P322_ST00064" HPOS="584" VPOS="631" WIDTH="87" HEIGHT="26" CONTENT="make" WC="0.99" CC="0000"/>
						<SP ID="P322_SP00056" HPOS="671" VPOS="660" WIDTH="14"/>
						<String ID="P322_ST00065" HPOS="685" VPOS="631" WIDTH="66" HEIGHT="25" CONTENT="that" WC="0.58" CC="2409"/>
						<SP ID="P322_SP00057" HPOS="751" VPOS="660" WIDTH="14"/>
						<String ID="P322_ST00066" HPOS="765" VPOS="628" WIDTH="184" HEIGHT="27" CONTENT="determined" WC="0.96" CC="0000201000"/>
						<SP ID="P322_SP00058" HPOS="949" VPOS="660" WIDTH="21"/>
						<String ID="P322_ST00067" HPOS="970" VPOS="626" WIDTH="88" HEIGHT="26" CONTENT="stand" WC="1.00" CC="00000"/>
						<SP ID="P322_SP00059" HPOS="1058" VPOS="660" WIDTH="16"/>
						<String ID="P322_ST00068" HPOS="1074" VPOS="633" WIDTH="31" HEIGHT="18" CONTENT="so" WC="0.90" CC="01"/>
						<SP ID="P322_SP00060" HPOS="1105" VPOS="660" WIDTH="16"/>
						<String ID="P322_ST00069" HPOS="1121" VPOS="624" WIDTH="66" HEIGHT="26" CONTENT="well" WC="0.88" CC="0040"/>
						<SP ID="P322_SP00061" HPOS="1187" VPOS="660" WIDTH="16"/>
						<String ID="P322_ST00070" HPOS="1203" VPOS="623" WIDTH="130" HEIGHT="34" CONTENT="adapted" WC="0.98" CC="0000100"/>
						<SP ID="P322_SP00062" HPOS="1333" VPOS="660" WIDTH="14"/>
						<String ID="P322_ST00071" HPOS="1347" VPOS="627" WIDTH="31" HEIGHT="21" CONTENT="to" WC="0.50" CC="90"/>
						<SP ID="P322_SP00063" HPOS="1378" VPOS="660" WIDTH="15"/>
						<String ID="P322_ST00072" HPOS="1393" VPOS="630" WIDTH="17" HEIGHT="17" CONTENT="a" WC="1.00" CC="0"/>
						<SP ID="P322_SP00064" HPOS="1410" VPOS="660" WIDTH="15"/>
						<String ID="P322_ST00073" HPOS="1425" VPOS="622" WIDTH="71" HEIGHT="25" CONTENT="time" WC="0.89" CC="4000"/>
					</TextLine>
					<TextLine ID="P322_TL00010" HPOS="337" VPOS="672" WIDTH="1159" HEIGHT="44">
						<String ID="P322_ST00074" HPOS="337" VPOS="683" WIDTH="33" HEIGHT="27" CONTENT="of" WC="1.00" CC="00"/>
						<SP ID="P322_SP00065" HPOS="370" VPOS="710" WIDTH="15"/>
						<String ID="P322_ST00075" HPOS="385" VPOS="683" WIDTH="50" HEIGHT="26" CONTENT="life" WC="0.90" CC="4000"/>
						<SP ID="P322_SP00066" HPOS="435" VPOS="710" WIDTH="13"/>
						<String ID="P322_ST00076" HPOS="448" VPOS="683" WIDTH="87" HEIGHT="25" CONTENT="when" WC="0.82" CC="0700"/>
						<SP ID="P322_SP00067" HPOS="535" VPOS="710" WIDTH="13"/>
						<String ID="P322_ST00077" HPOS="548" VPOS="689" WIDTH="139" HEIGHT="27" CONTENT="progress" WC="0.90" CC="01006000"/>
						<SP ID="P322_SP00068" HPOS="687" VPOS="716" WIDTH="14"/>
						<String ID="P322_ST00078" HPOS="701" VPOS="680" WIDTH="25" HEIGHT="25" CONTENT="is" WC="0.78" CC="40"/>
						<SP ID="P322_SP00069" HPOS="726" VPOS="716" WIDTH="15"/>
						<String ID="P322_ST00079" HPOS="741" VPOS="678" WIDTH="163" HEIGHT="27" CONTENT="somewhat" WC="0.90" CC="00000601"/>
						<SP ID="P322_SP00070" HPOS="904" VPOS="716" WIDTH="14"/>
						<String ID="P322_ST00080" HPOS="918" VPOS="676" WIDTH="132" HEIGHT="27" CONTENT="difficult." WC="0.98" CC="0000000100"/>
						<SP ID="P322_SP00071" HPOS="1050" VPOS="716" WIDTH="40"/>
						<String ID="P322_ST00081" HPOS="1090" VPOS="675" WIDTH="64" HEIGHT="25" CONTENT="The" WC="0.91" CC="020"/>
						<SP ID="P322_SP00072" HPOS="1154" VPOS="716" WIDTH="16"/>
						<String ID="P322_ST00082" HPOS="1170" VPOS="672" WIDTH="234" HEIGHT="36" CONTENT="Carthaginians" WC="0.88" CC="0000700024000"/>
						<SP ID="P322_SP00073" HPOS="1404" VPOS="716" WIDTH="15"/>
						<String ID="P322_ST00083" HPOS="1419" VPOS="680" WIDTH="77" HEIGHT="18" CONTENT="were" WC="0.91" CC="2001"/>
					</TextLine>
					<TextLine ID="P322_TL00011" HPOS="337" VPOS="722" WIDTH="1157" HEIGHT="44">
						<String ID="P322_ST00084" HPOS="337" VPOS="733" WIDTH="135" HEIGHT="32" CONTENT="worsted," WC="0.89" CC="02600000"/>
						<SP ID="P322_SP00074" HPOS="472" VPOS="765" WIDTH="16"/>
						<String ID="P322_ST00085" HPOS="488" VPOS="733" WIDTH="53" HEIGHT="25" CONTENT="but" WC="0.90" CC="003"/>
						<SP ID="P322_SP00075" HPOS="541" VPOS="765" WIDTH="14"/>
						<String ID="P322_ST00086" HPOS="555" VPOS="732" WIDTH="70" HEIGHT="34" CONTENT="they" WC="0.76" CC="4500"/>
						<SP ID="P322_SP00076" HPOS="625" VPOS="766" WIDTH="13"/>
						<String ID="P322_ST00087" HPOS="638" VPOS="738" WIDTH="76" HEIGHT="18" CONTENT="were" WC="1.00" CC="0000"/>
						<SP ID="P322_SP00077" HPOS="714" VPOS="766" WIDTH="15"/>
						<String ID="P322_ST00088" HPOS="729" VPOS="734" WIDTH="51" HEIGHT="21" CONTENT="not" WC="0.80" CC="600"/>
						<SP ID="P322_SP00078" HPOS="780" VPOS="766" WIDTH="20"/>
						<String ID="P322_ST00089" HPOS="800" VPOS="733" WIDTH="49" HEIGHT="31" CONTENT="yet" WC="1.00" CC="000"/>
						<SP ID="P322_SP00079" HPOS="849" VPOS="766" WIDTH="15"/>
						<String ID="P322_ST00090" HPOS="864" VPOS="727" WIDTH="81" HEIGHT="35" CONTENT="quite" WC="0.82" CC="05300"/>
						<SP ID="P322_SP00080" HPOS="945" VPOS="766" WIDTH="22"/>
						<String ID="P322_ST00091" HPOS="967" VPOS="730" WIDTH="30" HEIGHT="22" CONTENT="at" WC="0.96" CC="00"/>
						<SP ID="P322_SP00081" HPOS="997" VPOS="766" WIDTH="20"/>
						<String ID="P322_ST00092" HPOS="1017" VPOS="725" WIDTH="77" HEIGHT="27" CONTENT="their" WC="0.64" CC="05056"/>
						<SP ID="P322_SP00082" HPOS="1094" VPOS="766" WIDTH="13"/>
						<String ID="P322_ST00093" HPOS="1107" VPOS="728" WIDTH="100" HEIGHT="27" CONTENT="worst," WC="0.69" CC="900080"/>
						<SP ID="P322_SP00083" HPOS="1207" VPOS="766" WIDTH="15"/>
						<String ID="P322_ST00094" HPOS="1222" VPOS="723" WIDTH="76" HEIGHT="26" CONTENT="until" WC="0.68" CC="56030"/>
						<SP ID="P322_SP00084" HPOS="1298" VPOS="766" WIDTH="22"/>
						<String ID="P322_ST00095" HPOS="1320" VPOS="722" WIDTH="99" HEIGHT="27" CONTENT="Rome" WC="0.99" CC="0000"/>
						<SP ID="P322_SP00085" HPOS="1419" VPOS="766" WIDTH="15"/>
						<String ID="P322_ST00096" HPOS="1434" VPOS="730" WIDTH="60" HEIGHT="18" CONTENT="was" WC="1.00" CC="000"/>
					</TextLine>
					<TextLine ID="P322_TL00012" HPOS="340" VPOS="771" WIDTH="1156" HEIGHT="41">
						<String ID="P322_ST00097" HPOS="340" VPOS="782" WIDTH="96" HEIGHT="27" CONTENT="seized" WC="1.00" CC="000000"/>
						<SP ID="P322_SP00086" HPOS="436" VPOS="809" WIDTH="13"/>
						<String ID="P322_ST00098" HPOS="449" VPOS="782" WIDTH="71" HEIGHT="26" CONTENT="with" WC="0.82" CC="0024"/>
						<SP ID="P322_SP00087" HPOS="520" VPOS="809" WIDTH="22"/>
						<String ID="P322_ST00099" HPOS="542" VPOS="782" WIDTH="49" HEIGHT="24" CONTENT="the" WC="0.92" CC="020"/>
						<SP ID="P322_SP00088" HPOS="591" VPOS="809" WIDTH="24"/>
						<String ID="P322_ST00100" HPOS="615" VPOS="780" WIDTH="66" HEIGHT="25" CONTENT="idea" WC="0.85" CC="5000"/>
						<SP ID="P322_SP00089" HPOS="681" VPOS="809" WIDTH="21"/>
						<String ID="P322_ST00101" HPOS="702" VPOS="779" WIDTH="32" HEIGHT="26" CONTENT="of" WC="1.00" CC="00"/>
						<SP ID="P322_SP00090" HPOS="734" VPOS="809" WIDTH="17"/>
						<String ID="P322_ST00102" HPOS="751" VPOS="777" WIDTH="175" HEIGHT="35" CONTENT="destroying" WC="0.75" CC="0020700129"/>
						<SP ID="P322_SP00091" HPOS="926" VPOS="812" WIDTH="21"/>
						<String ID="P322_ST00103" HPOS="947" VPOS="776" WIDTH="77" HEIGHT="26" CONTENT="their" WC="0.72" CC="04026"/>
						<SP ID="P322_SP00092" HPOS="1024" VPOS="812" WIDTH="22"/>
						<String ID="P322_ST00104" HPOS="1046" VPOS="775" WIDTH="69" HEIGHT="35" CONTENT="city." WC="0.97" CC="01000"/>
						<SP ID="P322_SP00093" HPOS="1115" VPOS="812" WIDTH="42"/>
						<String ID="P322_ST00105" HPOS="1157" VPOS="774" WIDTH="74" HEIGHT="26" CONTENT="Cato" WC="0.99" CC="0000"/>
						<SP ID="P322_SP00094" HPOS="1231" VPOS="812" WIDTH="20"/>
						<String ID="P322_ST00106" HPOS="1251" VPOS="782" WIDTH="62" HEIGHT="17" CONTENT="was" WC="1.00" CC="000"/>
						<SP ID="P322_SP00095" HPOS="1313" VPOS="812" WIDTH="21"/>
						<String ID="P322_ST00107" HPOS="1334" VPOS="771" WIDTH="162" HEIGHT="35" CONTENT="especially" WC="0.92" CC="0000050200"/>
					</TextLine>
					<TextLine ID="P322_TL00013" HPOS="339" VPOS="821" WIDTH="1157" HEIGHT="44">
						<String ID="P322_ST00108" HPOS="339" VPOS="832" WIDTH="71" HEIGHT="26" CONTENT="bent" WC="0.79" CC="0007"/>
						<SP ID="P322_SP00096" HPOS="410" VPOS="858" WIDTH="26"/>
						<String ID="P322_ST00109" HPOS="436" VPOS="840" WIDTH="79" HEIGHT="25" CONTENT="upon" WC="1.00" CC="0000"/>
						<SP ID="P322_SP00097" HPOS="515" VPOS="865" WIDTH="27"/>
						<String ID="P322_ST00110" HPOS="542" VPOS="831" WIDTH="59" HEIGHT="25" CONTENT="this" WC="0.85" CC="0500"/>
						<SP ID="P322_SP00098" HPOS="601" VPOS="865" WIDTH="23"/>
						<String ID="P322_ST00111" HPOS="624" VPOS="829" WIDTH="115" HEIGHT="35" CONTENT="design," WC="0.67" CC="0006960"/>
						<SP ID="P322_SP00099" HPOS="739" VPOS="865" WIDTH="26"/>
						<String ID="P322_ST00112" HPOS="765" VPOS="838" WIDTH="32" HEIGHT="16" CONTENT="or" WC="0.67" CC="06"/>
						<SP ID="P322_SP00100" HPOS="797" VPOS="865" WIDTH="26"/>
						<String ID="P322_ST00113" HPOS="823" VPOS="827" WIDTH="108" HEIGHT="30" CONTENT="rather," WC="0.67" CC="5036041"/>
						<SP ID="P322_SP00101" HPOS="931" VPOS="865" WIDTH="25"/>
						<String ID="P322_ST00114" HPOS="956" VPOS="826" WIDTH="37" HEIGHT="25" CONTENT="he" WC="1.00" CC="00"/>
						<SP ID="P322_SP00102" HPOS="993" VPOS="865" WIDTH="26"/>
						<String ID="P322_ST00115" HPOS="1019" VPOS="824" WIDTH="130" HEIGHT="35" CONTENT="pursued" WC="0.83" CC="0520200"/>
						<SP ID="P322_SP00103" HPOS="1149" VPOS="865" WIDTH="27"/>
						<String ID="P322_ST00116" HPOS="1176" VPOS="823" WIDTH="22" HEIGHT="26" CONTENT="it" WC="0.38" CC="29"/>
						<SP ID="P322_SP00104" HPOS="1198" VPOS="865" WIDTH="22"/>
						<String ID="P322_ST00117" HPOS="1220" VPOS="822" WIDTH="72" HEIGHT="26" CONTENT="with" WC="0.79" CC="0106"/>
						<SP ID="P322_SP00105" HPOS="1292" VPOS="865" WIDTH="28"/>
						<String ID="P322_ST00118" HPOS="1320" VPOS="821" WIDTH="176" HEIGHT="34" CONTENT="unbending" WC="0.94" CC="000050000"/>
					</TextLine>
					<TextLine ID="P322_TL00014" HPOS="340" VPOS="871" WIDTH="1157" HEIGHT="45">
						<String ID="P322_ST00119" HPOS="340" VPOS="882" WIDTH="163" HEIGHT="34" CONTENT="obstinacy," WC="0.86" CC="0600300003"/>
						<SP ID="P322_SP00106" HPOS="503" VPOS="916" WIDTH="15"/>
						<String ID="P322_ST00120" HPOS="518" VPOS="880" WIDTH="44" HEIGHT="26" CONTENT="for" WC="0.89" CC="003"/>
						<SP ID="P322_SP00107" HPOS="562" VPOS="916" WIDTH="17"/>
						<String ID="P322_ST00121" HPOS="579" VPOS="881" WIDTH="36" HEIGHT="24" CONTENT="he" WC="0.77" CC="40"/>
						<SP ID="P322_SP00108" HPOS="615" VPOS="916" WIDTH="20"/>
						<String ID="P322_ST00122" HPOS="635" VPOS="879" WIDTH="127" HEIGHT="26" CONTENT="finished" WC="0.60" CC="11529540"/>
						<SP ID="P322_SP00109" HPOS="762" VPOS="916" WIDTH="21"/>
						<String ID="P322_ST00123" HPOS="783" VPOS="886" WIDTH="88" HEIGHT="26" CONTENT="every" WC="0.90" CC="00050"/>
						<SP ID="P322_SP00110" HPOS="871" VPOS="916" WIDTH="14"/>
						<String ID="P322_ST00124" HPOS="885" VPOS="876" WIDTH="109" HEIGHT="34" CONTENT="speech" WC="0.86" CC="000007"/>
						<SP ID="P322_SP00111" HPOS="994" VPOS="916" WIDTH="14"/>
						<String ID="P322_ST00125" HPOS="1008" VPOS="875" WIDTH="71" HEIGHT="26" CONTENT="with" WC="0.63" CC="0454"/>
						<SP ID="P322_SP00112" HPOS="1079" VPOS="916" WIDTH="21"/>
						<String ID="P322_ST00126" HPOS="1100" VPOS="875" WIDTH="52" HEIGHT="25" CONTENT="the" WC="0.90" CC="020"/>
						<SP ID="P322_SP00113" HPOS="1152" VPOS="916" WIDTH="14"/>
						<String ID="P322_ST00127" HPOS="1166" VPOS="873" WIDTH="98" HEIGHT="26" CONTENT="words" WC="0.90" CC="00500"/>
						<SP ID="P322_SP00114" HPOS="1264" VPOS="916" WIDTH="22"/>
						<String ID="P322_ST00128" HPOS="1286" VPOS="875" WIDTH="17" HEIGHT="12" CONTENT='"' WC="0.53" CC="4"/>
						<SP ID="P322_SP00115" HPOS="1303" VPOS="916" WIDTH="11"/>
						<String ID="P322_ST00129" HPOS="1314" VPOS="871" WIDTH="131" HEIGHT="27" CONTENT="Delenda" WC="0.77" CC="0600800"/>
						<SP ID="P322_SP00116" HPOS="1445" VPOS="916" WIDTH="13"/>
						<String ID="P322_ST00130" HPOS="1458" VPOS="872" WIDTH="39" HEIGHT="25" CONTENT="est" WC="0.70" CC="404"/>
					</TextLine>
					<TextLine ID="P322_TL00015" HPOS="343" VPOS="921" WIDTH="1153" HEIGHT="45">
						<String ID="P322_ST00131" HPOS="343" VPOS="931" WIDTH="164" HEIGHT="35" CONTENT='Carthago"' WC="0.63" CC="006068082"/>
						<SP ID="P322_SP00117" HPOS="507" VPOS="966" WIDTH="20"/>
						<String ID="P322_ST00132" HPOS="527" VPOS="930" WIDTH="96" HEIGHT="25" CONTENT="which" WC="0.59" CC="07606"/>
						<SP ID="P322_SP00118" HPOS="623" VPOS="966" WIDTH="22"/>
						<String ID="P322_ST00133" HPOS="645" VPOS="937" WIDTH="68" HEIGHT="26" CONTENT="may" WC="0.94" CC="100"/>
						<SP ID="P322_SP00119" HPOS="713" VPOS="966" WIDTH="19"/>
						<String ID="P322_ST00134" HPOS="732" VPOS="929" WIDTH="36" HEIGHT="25" CONTENT="be" WC="1.00" CC="00"/>
						<SP ID="P322_SP00120" HPOS="768" VPOS="966" WIDTH="20"/>
						<String ID="P322_ST00135" HPOS="788" VPOS="926" WIDTH="92" HEIGHT="35" CONTENT="freely" WC="0.89" CC="040020"/>
						<SP ID="P322_SP00121" HPOS="880" VPOS="966" WIDTH="20"/>
						<String ID="P322_ST00136" HPOS="900" VPOS="926" WIDTH="144" HEIGHT="26" CONTENT="rendered" WC="0.78" CC="20000508"/>
						<SP ID="P322_SP00122" HPOS="1044" VPOS="966" WIDTH="24"/>
						<String ID="P322_ST00137" HPOS="1068" VPOS="924" WIDTH="64" HEIGHT="26" CONTENT="into" WC="0.73" CC="5310"/>
						<SP ID="P322_SP00123" HPOS="1132" VPOS="966" WIDTH="22"/>
						<String ID="P322_ST00138" HPOS="1154" VPOS="926" WIDTH="17" HEIGHT="11" CONTENT='"' WC="0.55" CC="4"/>
						<SP ID="P322_SP00124" HPOS="1171" VPOS="966" WIDTH="13"/>
						<String ID="P322_ST00139" HPOS="1184" VPOS="922" WIDTH="151" HEIGHT="35" CONTENT="Carthage" WC="0.96" CC="00003000"/>
						<SP ID="P322_SP00125" HPOS="1335" VPOS="966" WIDTH="22"/>
						<String ID="P322_ST00140" HPOS="1357" VPOS="926" WIDTH="79" HEIGHT="21" CONTENT="must" WC="0.86" CC="0301"/>
						<SP ID="P322_SP00126" HPOS="1436" VPOS="966" WIDTH="22"/>
						<String ID="P322_ST00141" HPOS="1458" VPOS="921" WIDTH="38" HEIGHT="26" CONTENT="be" WC="0.71" CC="50"/>
					</TextLine>
					<TextLine ID="P322_TL00016" HPOS="342" VPOS="970" WIDTH="1153" HEIGHT="41">
						<String ID="P322_ST00142" HPOS="342" VPOS="980" WIDTH="164" HEIGHT="27" CONTENT='smashed."' WC="0.88" CC="000050005"/>
						<SP ID="P322_SP00127" HPOS="506" VPOS="1007" WIDTH="39"/>
						<String ID="P322_ST00143" HPOS="545" VPOS="979" WIDTH="163" HEIGHT="25" CONTENT="Whatever" WC="0.79" CC="00090204"/>
						<SP ID="P322_SP00128" HPOS="708" VPOS="1007" WIDTH="23"/>
						<String ID="P322_ST00144" HPOS="731" VPOS="977" WIDTH="97" HEIGHT="34" CONTENT="might" WC="0.82" CC="00062"/>
						<SP ID="P322_SP00129" HPOS="828" VPOS="1011" WIDTH="22"/>
						<String ID="P322_ST00145" HPOS="850" VPOS="976" WIDTH="78" HEIGHT="26" CONTENT="have" WC="0.95" CC="1000"/>
						<SP ID="P322_SP00130" HPOS="928" VPOS="1011" WIDTH="22"/>
						<String ID="P322_ST00146" HPOS="950" VPOS="976" WIDTH="77" HEIGHT="25" CONTENT="been" WC="0.64" CC="5008"/>
						<SP ID="P322_SP00131" HPOS="1027" VPOS="1011" WIDTH="21"/>
						<String ID="P322_ST00147" HPOS="1048" VPOS="975" WIDTH="50" HEIGHT="25" CONTENT="the" WC="0.81" CC="050"/>
						<SP ID="P322_SP00132" HPOS="1098" VPOS="1011" WIDTH="22"/>
						<String ID="P322_ST00148" HPOS="1120" VPOS="976" WIDTH="255" HEIGHT="22" CONTENT="commencement" WC="0.87" CC="000000001058"/>
						<SP ID="P322_SP00133" HPOS="1375" VPOS="1011" WIDTH="22"/>
						<String ID="P322_ST00149" HPOS="1397" VPOS="970" WIDTH="33" HEIGHT="27" CONTENT="of" WC="1.00" CC="00"/>
						<SP ID="P322_SP00134" HPOS="1430" VPOS="1011" WIDTH="18"/>
						<String ID="P322_ST00150" HPOS="1448" VPOS="970" WIDTH="47" HEIGHT="26" CONTENT="his" WC="0.82" CC="500"/>
					</TextLine>
					<TextLine ID="P322_TL00017" HPOS="342" VPOS="1020" WIDTH="1152" HEIGHT="42">
						<String ID="P322_ST00151" HPOS="342" VPOS="1031" WIDTH="123" HEIGHT="30" CONTENT="oration," WC="0.78" CC="05080002"/>
						<SP ID="P322_SP00135" HPOS="465" VPOS="1061" WIDTH="22"/>
						<String ID="P322_ST00152" HPOS="487" VPOS="1030" WIDTH="38" HEIGHT="24" CONTENT="he" WC="0.70" CC="50"/>
						<SP ID="P322_SP00136" HPOS="525" VPOS="1061" WIDTH="23"/>
						<String ID="P322_ST00153" HPOS="548" VPOS="1029" WIDTH="110" HEIGHT="33" CONTENT="always" WC="0.98" CC="010000"/>
						<SP ID="P322_SP00137" HPOS="658" VPOS="1062" WIDTH="27"/>
						<String ID="P322_ST00154" HPOS="685" VPOS="1026" WIDTH="95" HEIGHT="27" CONTENT="ended" WC="1.00" CC="00000"/>
						<SP ID="P322_SP00138" HPOS="780" VPOS="1062" WIDTH="23"/>
						<String ID="P322_ST00155" HPOS="803" VPOS="1026" WIDTH="72" HEIGHT="26" CONTENT="with" WC="0.81" CC="0007"/>
						<SP ID="P322_SP00139" HPOS="875" VPOS="1062" WIDTH="26"/>
						<String ID="P322_ST00156" HPOS="901" VPOS="1025" WIDTH="51" HEIGHT="26" CONTENT="the" WC="0.76" CC="070"/>
						<SP ID="P322_SP00140" HPOS="952" VPOS="1062" WIDTH="28"/>
						<String ID="P322_ST00157" HPOS="980" VPOS="1032" WIDTH="81" HEIGHT="19" CONTENT="same" WC="0.88" CC="0040"/>
						<SP ID="P322_SP00141" HPOS="1061" VPOS="1062" WIDTH="23"/>
						<String ID="P322_ST00158" HPOS="1084" VPOS="1023" WIDTH="107" HEIGHT="31" CONTENT="words," WC="0.91" CC="002002"/>
						<SP ID="P322_SP00142" HPOS="1191" VPOS="1062" WIDTH="24"/>
						<String ID="P322_ST00159" HPOS="1215" VPOS="1022" WIDTH="59" HEIGHT="26" CONTENT="and" WC="0.92" CC="020"/>
						<SP ID="P322_SP00143" HPOS="1274" VPOS="1062" WIDTH="24"/>
						<String ID="P322_ST00160" HPOS="1298" VPOS="1020" WIDTH="132" HEIGHT="28" CONTENT="whether" WC="0.76" CC="0300605"/>
						<SP ID="P322_SP00144" HPOS="1430" VPOS="1062" WIDTH="27"/>
						<String ID="P322_ST00161" HPOS="1457" VPOS="1020" WIDTH="37" HEIGHT="26" CONTENT="he" WC="0.66" CC="60"/>
					</TextLine>
					<TextLine ID="P322_TL00018" HPOS="342" VPOS="1070" WIDTH="1154" HEIGHT="44">
						<String ID="P322_ST00162" HPOS="342" VPOS="1080" WIDTH="91" HEIGHT="34" CONTENT="spoke" WC="1.00" CC="00000"/>
						<SP ID="P322_SP00145" HPOS="433" VPOS="1114" WIDTH="14"/>
						<String ID="P322_ST00163" HPOS="447" VPOS="1079" WIDTH="30" HEIGHT="25" CONTENT="in" WC="0.84" CC="30"/>
						<SP ID="P322_SP00146" HPOS="477" VPOS="1114" WIDTH="14"/>
						<String ID="P322_ST00164" HPOS="491" VPOS="1078" WIDTH="50" HEIGHT="26" CONTENT="the" WC="0.45" CC="870"/>
						<SP ID="P322_SP00147" HPOS="541" VPOS="1114" WIDTH="17"/>
						<String ID="P322_ST00165" HPOS="558" VPOS="1077" WIDTH="118" HEIGHT="31" CONTENT="Senate," WC="0.84" CC="0000703"/>
						<SP ID="P322_SP00148" HPOS="676" VPOS="1114" WIDTH="15"/>
						<String ID="P322_ST00166" HPOS="691" VPOS="1077" WIDTH="49" HEIGHT="26" CONTENT="the" WC="0.75" CC="070"/>
						<SP ID="P322_SP00149" HPOS="740" VPOS="1114" WIDTH="16"/>
						<String ID="P322_ST00167" HPOS="756" VPOS="1075" WIDTH="225" HEIGHT="33" CONTENT="market-place," WC="0.84" CC="0008000070004"/>
						<SP ID="P322_SP00150" HPOS="981" VPOS="1114" WIDTH="16"/>
						<String ID="P322_ST00168" HPOS="997" VPOS="1082" WIDTH="33" HEIGHT="17" CONTENT="or" WC="0.68" CC="06"/>
						<SP ID="P322_SP00151" HPOS="1030" VPOS="1114" WIDTH="13"/>
						<String ID="P322_ST00169" HPOS="1043" VPOS="1073" WIDTH="46" HEIGHT="25" CONTENT="his" WC="0.57" CC="650"/>
						<SP ID="P322_SP00152" HPOS="1089" VPOS="1114" WIDTH="16"/>
						<String ID="P322_ST00170" HPOS="1105" VPOS="1081" WIDTH="66" HEIGHT="17" CONTENT="own" WC="1.00" CC="000"/>
						<SP ID="P322_SP00153" HPOS="1171" VPOS="1114" WIDTH="20"/>
						<String ID="P322_ST00171" HPOS="1191" VPOS="1072" WIDTH="103" HEIGHT="31" CONTENT="house," WC="0.86" CC="700001"/>
						<SP ID="P322_SP00154" HPOS="1294" VPOS="1114" WIDTH="15"/>
						<String ID="P322_ST00172" HPOS="1309" VPOS="1070" WIDTH="116" HEIGHT="34" CONTENT="though" WC="0.77" CC="240304"/>
						<SP ID="P322_SP00155" HPOS="1425" VPOS="1114" WIDTH="22"/>
						<String ID="P322_ST00173" HPOS="1447" VPOS="1070" WIDTH="49" HEIGHT="26" CONTENT="the" WC="0.68" CC="540"/>
					</TextLine>
					<TextLine ID="P322_TL00019" HPOS="342" VPOS="1119" WIDTH="1153" HEIGHT="44">
						<String ID="P322_ST00174" HPOS="342" VPOS="1128" WIDTH="140" HEIGHT="35" CONTENT="premises" WC="0.85" CC="05006000"/>
						<SP ID="P322_SP00156" HPOS="482" VPOS="1163" WIDTH="15"/>
						<String ID="P322_ST00175" HPOS="497" VPOS="1127" WIDTH="96" HEIGHT="35" CONTENT="might" WC="0.37" CC="95078"/>
						<SP ID="P322_SP00157" HPOS="593" VPOS="1163" WIDTH="14"/>
						<String ID="P322_ST00176" HPOS="607" VPOS="1128" WIDTH="38" HEIGHT="24" CONTENT="be" WC="0.84" CC="03"/>
						<SP ID="P322_SP00158" HPOS="645" VPOS="1163" WIDTH="15"/>
						<String ID="P322_ST00177" HPOS="660" VPOS="1125" WIDTH="143" HEIGHT="32" CONTENT="different," WC="0.81" CC="0550050010"/>
						<SP ID="P322_SP00159" HPOS="803" VPOS="1163" WIDTH="16"/>
						<String ID="P322_ST00178" HPOS="819" VPOS="1125" WIDTH="37" HEIGHT="25" CONTENT="he" WC="0.72" CC="50"/>
						<SP ID="P322_SP00160" HPOS="856" VPOS="1163" WIDTH="15"/>
						<String ID="P322_ST00179" HPOS="871" VPOS="1124" WIDTH="111" HEIGHT="34" CONTENT="always" WC="0.68" CC="049004"/>
						<SP ID="P322_SP00161" HPOS="982" VPOS="1163" WIDTH="15"/>
						<String ID="P322_ST00180" HPOS="997" VPOS="1130" WIDTH="84" HEIGHT="18" CONTENT="came" WC="1.00" CC="0000"/>
						<SP ID="P322_SP00162" HPOS="1081" VPOS="1163" WIDTH="15"/>
						<String ID="P322_ST00181" HPOS="1096" VPOS="1125" WIDTH="30" HEIGHT="22" CONTENT="to" WC="1.00" CC="00"/>
						<SP ID="P322_SP00163" HPOS="1126" VPOS="1163" WIDTH="15"/>
						<String ID="P322_ST00182" HPOS="1141" VPOS="1122" WIDTH="50" HEIGHT="25" CONTENT="the" WC="0.93" CC="020"/>
						<SP ID="P322_SP00164" HPOS="1191" VPOS="1163" WIDTH="18"/>
						<String ID="P322_ST00183" HPOS="1209" VPOS="1129" WIDTH="83" HEIGHT="18" CONTENT="same" WC="1.00" CC="0000"/>
						<SP ID="P322_SP00165" HPOS="1292" VPOS="1163" WIDTH="22"/>
						<String ID="P322_ST00184" HPOS="1314" VPOS="1119" WIDTH="181" HEIGHT="27" CONTENT="conclusion." WC="0.96" CC="00000400000"/>
					</TextLine>
					<TextLine ID="P322_TL00020" HPOS="343" VPOS="1170" WIDTH="1153" HEIGHT="34">
						<String ID="P322_ST00185" HPOS="343" VPOS="1179" WIDTH="48" HEIGHT="25" CONTENT="He" WC="0.78" CC="40"/>
						<SP ID="P322_SP00166" HPOS="391" VPOS="1204" WIDTH="12"/>
						<String ID="P322_ST00186" HPOS="403" VPOS="1181" WIDTH="78" HEIGHT="22" CONTENT="went" WC="0.75" CC="9000"/>
						<SP ID="P322_SP00167" HPOS="481" VPOS="1204" WIDTH="18"/>
						<String ID="P322_ST00187" HPOS="499" VPOS="1178" WIDTH="89" HEIGHT="24" CONTENT="about" WC="0.89" CC="00050"/>
						<SP ID="P322_SP00168" HPOS="588" VPOS="1204" WIDTH="15"/>
						<String ID="P322_ST00188" HPOS="603" VPOS="1185" WIDTH="32" HEIGHT="17" CONTENT="as" WC="1.00" CC="00"/>
						<SP ID="P322_SP00169" HPOS="635" VPOS="1204" WIDTH="15"/>
						<String ID="P322_ST00189" HPOS="650" VPOS="1185" WIDTH="17" HEIGHT="17" CONTENT="a" WC="1.00" CC="0"/>
						<SP ID="P322_SP00170" HPOS="667" VPOS="1204" WIDTH="14"/>
						<String ID="P322_ST00190" HPOS="681" VPOS="1185" WIDTH="69" HEIGHT="17" CONTENT="man" WC="1.00" CC="000"/>
						<SP ID="P322_SP00171" HPOS="750" VPOS="1204" WIDTH="14"/>
						<String ID="P322_ST00191" HPOS="764" VPOS="1175" WIDTH="71" HEIGHT="26" CONTENT="with" WC="0.72" CC="0055"/>
						<SP ID="P322_SP00172" HPOS="835" VPOS="1204" WIDTH="15"/>
						<String ID="P322_ST00192" HPOS="850" VPOS="1182" WIDTH="56" HEIGHT="18" CONTENT="one" WC="0.74" CC="070"/>
						<SP ID="P322_SP00173" HPOS="906" VPOS="1204" WIDTH="22"/>
						<String ID="P322_ST00193" HPOS="928" VPOS="1174" WIDTH="75" HEIGHT="30" CONTENT="idea," WC="0.95" CC="00002"/>
						<SP ID="P322_SP00174" HPOS="1003" VPOS="1204" WIDTH="17"/>
						<String ID="P322_ST00194" HPOS="1020" VPOS="1172" WIDTH="59" HEIGHT="25" CONTENT="and" WC="0.78" CC="060"/>
						<SP ID="P322_SP00175" HPOS="1079" VPOS="1204" WIDTH="21"/>
						<String ID="P322_ST00195" HPOS="1100" VPOS="1172" WIDTH="48" HEIGHT="25" CONTENT="his" WC="0.67" CC="503"/>
						<SP ID="P322_SP00176" HPOS="1148" VPOS="1204" WIDTH="15"/>
						<String ID="P322_ST00196" HPOS="1163" VPOS="1171" WIDTH="128" HEIGHT="26" CONTENT="conduct" WC="1.00" CC="0000000"/>
						<SP ID="P322_SP00177" HPOS="1291" VPOS="1204" WIDTH="15"/>
						<String ID="P322_ST00197" HPOS="1306" VPOS="1179" WIDTH="61" HEIGHT="18" CONTENT="was" WC="1.00" CC="000"/>
						<SP ID="P322_SP00178" HPOS="1367" VPOS="1204" WIDTH="21"/>
						<String ID="P322_ST00198" HPOS="1388" VPOS="1170" WIDTH="108" HEIGHT="26" CONTENT="almost" WC="0.92" CC="040000"/>
					</TextLine>
					<TextLine ID="P322_TL00021" HPOS="343" VPOS="1220" WIDTH="1152" HEIGHT="36">
						<String ID="P322_ST00199" HPOS="343" VPOS="1228" WIDTH="65" HEIGHT="25" CONTENT="that" WC="0.84" CC="0600"/>
						<SP ID="P322_SP00179" HPOS="408" VPOS="1253" WIDTH="21"/>
						<String ID="P322_ST00200" HPOS="429" VPOS="1226" WIDTH="32" HEIGHT="26" CONTENT="of" WC="0.96" CC="00"/>
						<SP ID="P322_SP00180" HPOS="461" VPOS="1253" WIDTH="18"/>
						<String ID="P322_ST00201" HPOS="479" VPOS="1235" WIDTH="16" HEIGHT="17" CONTENT="a" WC="1.00" CC="0"/>
						<SP ID="P322_SP00181" HPOS="495" VPOS="1253" WIDTH="24"/>
						<String ID="P322_ST00202" HPOS="519" VPOS="1225" WIDTH="205" HEIGHT="27" CONTENT="monomaniac" WC="1.00" CC="0000000000"/>
						<SP ID="P322_SP00182" HPOS="724" VPOS="1253" WIDTH="13"/>
						<String ID="P322_ST00203" HPOS="737" VPOS="1235" WIDTH="5" HEIGHT="20" CONTENT=";" WC="0.96" CC="0"/>
						<SP ID="P322_SP00183" HPOS="742" VPOS="1255" WIDTH="22"/>
						<String ID="P322_ST00204" HPOS="764" VPOS="1224" WIDTH="52" HEIGHT="32" CONTENT="for," WC="0.96" CC="0000"/>
						<SP ID="P322_SP00184" HPOS="816" VPOS="1256" WIDTH="25"/>
						<String ID="P322_ST00205" HPOS="841" VPOS="1224" WIDTH="25" HEIGHT="25" CONTENT="if" WC="0.97" CC="00"/>
						<SP ID="P322_SP00185" HPOS="866" VPOS="1256" WIDTH="18"/>
						<String ID="P322_ST00206" HPOS="884" VPOS="1224" WIDTH="38" HEIGHT="25" CONTENT="he" WC="0.70" CC="50"/>
						<SP ID="P322_SP00186" HPOS="922" VPOS="1256" WIDTH="24"/>
						<String ID="P322_ST00207" HPOS="946" VPOS="1226" WIDTH="59" HEIGHT="22" CONTENT="met" WC="1.00" CC="000"/>
						<SP ID="P322_SP00187" HPOS="1005" VPOS="1256" WIDTH="23"/>
						<String ID="P322_ST00208" HPOS="1028" VPOS="1231" WIDTH="16" HEIGHT="16" CONTENT="a" WC="1.00" CC="0"/>
						<SP ID="P322_SP00188" HPOS="1044" VPOS="1256" WIDTH="22"/>
						<String ID="P322_ST00209" HPOS="1066" VPOS="1221" WIDTH="96" HEIGHT="26" CONTENT="friend" WC="0.78" CC="057000"/>
						<SP ID="P322_SP00189" HPOS="1162" VPOS="1256" WIDTH="25"/>
						<String ID="P322_ST00210" HPOS="1187" VPOS="1221" WIDTH="29" HEIGHT="25" CONTENT="in" WC="0.97" CC="00"/>
						<SP ID="P322_SP00190" HPOS="1216" VPOS="1256" WIDTH="25"/>
						<String ID="P322_ST00211" HPOS="1241" VPOS="1221" WIDTH="50" HEIGHT="25" CONTENT="the" WC="0.82" CC="050"/>
						<SP ID="P322_SP00191" HPOS="1291" VPOS="1256" WIDTH="22"/>
						<String ID="P322_ST00212" HPOS="1313" VPOS="1224" WIDTH="98" HEIGHT="28" CONTENT="street," WC="0.73" CC="0050093"/>
						<SP ID="P322_SP00192" HPOS="1411" VPOS="1256" WIDTH="25"/>
						<String ID="P322_ST00213" HPOS="1436" VPOS="1220" WIDTH="59" HEIGHT="26" CONTENT="and" WC="1.00" CC="000"/>
					</TextLine>
					<TextLine ID="P322_TL00022" HPOS="344" VPOS="1269" WIDTH="1151" HEIGHT="37">
						<String ID="P322_ST00214" HPOS="344" VPOS="1276" WIDTH="159" HEIGHT="26" CONTENT="conversed" WC="0.99" CC="000001000"/>
						<SP ID="P322_SP00193" HPOS="503" VPOS="1302" WIDTH="25"/>
						<String ID="P322_ST00215" HPOS="528" VPOS="1284" WIDTH="37" HEIGHT="17" CONTENT="on" WC="1.00" CC="00"/>
						<SP ID="P322_SP00194" HPOS="565" VPOS="1302" WIDTH="27"/>
						<String ID="P322_ST00216" HPOS="592" VPOS="1274" WIDTH="135" HEIGHT="27" CONTENT="different" WC="0.79" CC="000007047"/>
						<SP ID="P322_SP00195" HPOS="727" VPOS="1302" WIDTH="26"/>
						<String ID="P322_ST00217" HPOS="753" VPOS="1283" WIDTH="32" HEIGHT="17" CONTENT="or" WC="0.89" CC="02"/>
						<SP ID="P322_SP00196" HPOS="785" VPOS="1302" WIDTH="27"/>
						<String ID="P322_ST00218" HPOS="812" VPOS="1273" WIDTH="168" HEIGHT="26" CONTENT="indifferent" WC="0.83" CC="27050002001"/>
						<SP ID="P322_SP00197" HPOS="980" VPOS="1302" WIDTH="25"/>
						<String ID="P322_ST00219" HPOS="1005" VPOS="1272" WIDTH="139" HEIGHT="34" CONTENT="subjects," WC="0.88" CC="070000003"/>
						<SP ID="P322_SP00198" HPOS="1144" VPOS="1306" WIDTH="23"/>
						<String ID="P322_ST00220" HPOS="1167" VPOS="1271" WIDTH="38" HEIGHT="25" CONTENT="he" WC="0.71" CC="50"/>
						<SP ID="P322_SP00199" HPOS="1205" VPOS="1306" WIDTH="21"/>
						<String ID="P322_ST00221" HPOS="1226" VPOS="1270" WIDTH="99" HEIGHT="26" CONTENT="would" WC="0.83" CC="00520"/>
						<SP ID="P322_SP00200" HPOS="1325" VPOS="1306" WIDTH="27"/>
						<String ID="P322_ST00222" HPOS="1352" VPOS="1270" WIDTH="69" HEIGHT="26" CONTENT="take" WC="1.00" CC="0000"/>
						<SP ID="P322_SP00201" HPOS="1421" VPOS="1306" WIDTH="27"/>
						<String ID="P322_ST00223" HPOS="1448" VPOS="1269" WIDTH="47" HEIGHT="27" CONTENT="his" WC="0.63" CC="460"/>
					</TextLine>
					<TextLine ID="P322_TL00023" HPOS="343" VPOS="1319" WIDTH="1154" HEIGHT="36">
						<String ID="P322_ST00224" HPOS="343" VPOS="1325" WIDTH="128" HEIGHT="26" CONTENT="farewell" WC="0.91" CC="00300030"/>
						<SP ID="P322_SP00202" HPOS="471" VPOS="1351" WIDTH="9"/>
						<String ID="P322_ST00225" HPOS="480" VPOS="1324" WIDTH="70" HEIGHT="27" CONTENT="with" WC="0.88" CC="0004"/>
						<SP ID="P322_SP00203" HPOS="550" VPOS="1351" WIDTH="16"/>
						<String ID="P322_ST00226" HPOS="566" VPOS="1324" WIDTH="48" HEIGHT="26" CONTENT="the" WC="0.71" CC="170"/>
						<SP ID="P322_SP00204" HPOS="614" VPOS="1351" WIDTH="13"/>
						<String ID="P322_ST00227" HPOS="627" VPOS="1324" WIDTH="186" HEIGHT="26" CONTENT="accustomed" WC="0.87" CC="0003510300"/>
						<SP ID="P322_SP00205" HPOS="813" VPOS="1351" WIDTH="14"/>
						<String ID="P322_ST00228" HPOS="827" VPOS="1323" WIDTH="105" HEIGHT="31" CONTENT="words," WC="0.96" CC="000002"/>
						<SP ID="P322_SP00206" HPOS="932" VPOS="1354" WIDTH="12"/>
						<String ID="P322_ST00229" HPOS="944" VPOS="1325" WIDTH="16" HEIGHT="11" CONTENT='"' WC="0.95" CC="0"/>
						<SP ID="P322_SP00207" HPOS="960" VPOS="1354" WIDTH="14"/>
						<String ID="P322_ST00230" HPOS="974" VPOS="1321" WIDTH="92" HEIGHT="27" CONTENT="Valete" WC="0.77" CC="000840"/>
						<SP ID="P322_SP00208" HPOS="1066" VPOS="1354" WIDTH="11"/>
						<String ID="P322_ST00231" HPOS="1077" VPOS="1331" WIDTH="10" HEIGHT="21" CONTENT=";" WC="1.00" CC="0"/>
						<SP ID="P322_SP00209" HPOS="1087" VPOS="1354" WIDTH="17"/>
						<String ID="P322_ST00232" HPOS="1104" VPOS="1320" WIDTH="116" HEIGHT="26" CONTENT="delenda" WC="0.53" CC="0960809"/>
						<SP ID="P322_SP00210" HPOS="1220" VPOS="1354" WIDTH="14"/>
						<String ID="P322_ST00233" HPOS="1234" VPOS="1322" WIDTH="42" HEIGHT="24" CONTENT="est" WC="0.24" CC="957"/>
						<SP ID="P322_SP00211" HPOS="1276" VPOS="1354" WIDTH="13"/>
						<String ID="P322_ST00234" HPOS="1289" VPOS="1319" WIDTH="168" HEIGHT="36" CONTENT='Carthago,"' WC="0.78" CC="0308400006"/>
						<String ID="P322_ST00235" HPOS="1461" VPOS="1335" WIDTH="36" HEIGHT="3" CONTENT="—" WC="0.20" CC="8"/>
					</TextLine>
					<TextLine ID="P322_TL00024" HPOS="346" VPOS="1369" WIDTH="1150" HEIGHT="39">
						<String ID="P322_ST00236" HPOS="346" VPOS="1377" WIDTH="16" HEIGHT="12" CONTENT='"' WC="1.00" CC="0"/>
						<SP ID="P322_SP00212" HPOS="362" VPOS="1389" WIDTH="13"/>
						<String ID="P322_ST00237" HPOS="375" VPOS="1374" WIDTH="155" HEIGHT="34" CONTENT="Good-bye" WC="0.91" CC="70000000"/>
						<SP ID="P322_SP00213" HPOS="530" VPOS="1408" WIDTH="14"/>
						<String ID="P322_ST00238" HPOS="544" VPOS="1384" WIDTH="6" HEIGHT="20" CONTENT=";" WC="0.96" CC="0"/>
						<SP ID="P322_SP00214" HPOS="550" VPOS="1408" WIDTH="26"/>
						<String ID="P322_ST00239" HPOS="576" VPOS="1382" WIDTH="43" HEIGHT="17" CONTENT="we" WC="1.00" CC="00"/>
						<SP ID="P322_SP00215" HPOS="619" VPOS="1408" WIDTH="22"/>
						<String ID="P322_ST00240" HPOS="641" VPOS="1378" WIDTH="77" HEIGHT="21" CONTENT="must" WC="1.00" CC="0000"/>
						<SP ID="P322_SP00216" HPOS="718" VPOS="1408" WIDTH="22"/>
						<String ID="P322_ST00241" HPOS="740" VPOS="1373" WIDTH="99" HEIGHT="25" CONTENT="smash" WC="0.85" CC="00007"/>
						<SP ID="P322_SP00217" HPOS="839" VPOS="1408" WIDTH="22"/>
						<String ID="P322_ST00242" HPOS="861" VPOS="1371" WIDTH="178" HEIGHT="35" CONTENT='Carthage."' WC="0.88" CC="0000700004"/>
						<SP ID="P322_SP00218" HPOS="1039" VPOS="1408" WIDTH="41"/>
						<String ID="P322_ST00243" HPOS="1080" VPOS="1370" WIDTH="120" HEIGHT="34" CONTENT="During" WC="0.77" CC="600060"/>
						<SP ID="P322_SP00219" HPOS="1200" VPOS="1408" WIDTH="20"/>
						<String ID="P322_ST00244" HPOS="1220" VPOS="1379" WIDTH="17" HEIGHT="16" CONTENT="a" WC="1.00" CC="0"/>
						<SP ID="P322_SP00220" HPOS="1237" VPOS="1408" WIDTH="21"/>
						<String ID="P322_ST00245" HPOS="1258" VPOS="1370" WIDTH="108" HEIGHT="25" CONTENT="debate" WC="1.00" CC="000000"/>
						<SP ID="P322_SP00221" HPOS="1366" VPOS="1408" WIDTH="25"/>
						<String ID="P322_ST00246" HPOS="1391" VPOS="1369" WIDTH="30" HEIGHT="26" CONTENT="in" WC="1.00" CC="00"/>
						<SP ID="P322_SP00222" HPOS="1421" VPOS="1408" WIDTH="26"/>
						<String ID="P322_ST00247" HPOS="1447" VPOS="1369" WIDTH="49" HEIGHT="26" CONTENT="the" WC="0.75" CC="250"/>
					</TextLine>
					<TextLine ID="P322_TL00025" HPOS="347" VPOS="1419" WIDTH="1149" HEIGHT="37">
						<String ID="P322_ST00248" HPOS="347" VPOS="1423" WIDTH="109" HEIGHT="27" CONTENT="Senate" WC="0.90" CC="000040"/>
						<SP ID="P322_SP00223" HPOS="456" VPOS="1450" WIDTH="13"/>
						<String ID="P322_ST00249" HPOS="469" VPOS="1423" WIDTH="37" HEIGHT="25" CONTENT="he" WC="0.79" CC="40"/>
						<SP ID="P322_SP00224" HPOS="506" VPOS="1450" WIDTH="15"/>
						<String ID="P322_ST00250" HPOS="521" VPOS="1423" WIDTH="100" HEIGHT="33" CONTENT="pulled" WC="0.85" CC="050300"/>
						<SP ID="P322_SP00225" HPOS="621" VPOS="1456" WIDTH="15"/>
						<String ID="P322_ST00251" HPOS="636" VPOS="1431" WIDTH="80" HEIGHT="17" CONTENT="some" WC="1.00" CC="0000"/>
						<SP ID="P322_SP00226" HPOS="716" VPOS="1456" WIDTH="20"/>
						<String ID="P322_ST00252" HPOS="736" VPOS="1422" WIDTH="57" HEIGHT="34" CONTENT="figs" WC="1.00" CC="0000"/>
						<SP ID="P322_SP00227" HPOS="793" VPOS="1456" WIDTH="20"/>
						<String ID="P322_ST00253" HPOS="813" VPOS="1426" WIDTH="50" HEIGHT="21" CONTENT="out" WC="0.73" CC="007"/>
						<SP ID="P322_SP00228" HPOS="863" VPOS="1456" WIDTH="15"/>
						<String ID="P322_ST00254" HPOS="878" VPOS="1421" WIDTH="32" HEIGHT="25" CONTENT="of" WC="1.00" CC="00"/>
						<SP ID="P322_SP00229" HPOS="910" VPOS="1456" WIDTH="15"/>
						<String ID="P322_ST00255" HPOS="925" VPOS="1421" WIDTH="47" HEIGHT="25" CONTENT="his" WC="0.77" CC="510"/>
						<SP ID="P322_SP00230" HPOS="972" VPOS="1456" WIDTH="18"/>
						<String ID="P322_ST00256" HPOS="990" VPOS="1420" WIDTH="117" HEIGHT="35" CONTENT="pocket," WC="0.88" CC="0020032"/>
						<SP ID="P322_SP00231" HPOS="1107" VPOS="1456" WIDTH="15"/>
						<String ID="P322_ST00257" HPOS="1122" VPOS="1420" WIDTH="98" HEIGHT="26" CONTENT="which" WC="0.38" CC="97606"/>
						<SP ID="P322_SP00232" HPOS="1220" VPOS="1456" WIDTH="19"/>
						<String ID="P322_ST00258" HPOS="1239" VPOS="1420" WIDTH="38" HEIGHT="25" CONTENT="he" WC="0.65" CC="70"/>
						<SP ID="P322_SP00233" HPOS="1277" VPOS="1456" WIDTH="21"/>
						<String ID="P322_ST00259" HPOS="1298" VPOS="1419" WIDTH="154" HEIGHT="26" CONTENT="exhibited" WC="0.69" CC="064502900"/>
						<SP ID="P322_SP00234" HPOS="1452" VPOS="1456" WIDTH="14"/>
						<String ID="P322_ST00260" HPOS="1466" VPOS="1423" WIDTH="30" HEIGHT="22" CONTENT="to" WC="1.00" CC="00"/>
					</TextLine>
					<TextLine ID="P322_TL00026" HPOS="346" VPOS="1467" WIDTH="1150" HEIGHT="37">
						<String ID="P322_ST00261" HPOS="346" VPOS="1481" WIDTH="80" HEIGHT="17" CONTENT="some" WC="1.00" CC="0000"/>
						<SP ID="P322_SP00235" HPOS="426" VPOS="1498" WIDTH="15"/>
						<String ID="P322_ST00262" HPOS="441" VPOS="1472" WIDTH="32" HEIGHT="26" CONTENT="of" WC="1.00" CC="00"/>
						<SP ID="P322_SP00236" HPOS="473" VPOS="1498" WIDTH="18"/>
						<String ID="P322_ST00263" HPOS="491" VPOS="1473" WIDTH="46" HEIGHT="24" CONTENT="his" WC="0.74" CC="430"/>
						<SP ID="P322_SP00237" HPOS="537" VPOS="1498" WIDTH="14"/>
						<String ID="P322_ST00264" HPOS="551" VPOS="1473" WIDTH="119" HEIGHT="25" CONTENT="brother" WC="0.82" CC="0103403"/>
						<SP ID="P322_SP00238" HPOS="670" VPOS="1498" WIDTH="15"/>
						<String ID="P322_ST00265" HPOS="685" VPOS="1473" WIDTH="145" HEIGHT="24" CONTENT="members" WC="0.83" CC="0006050"/>
						<SP ID="P322_SP00239" HPOS="830" VPOS="1498" WIDTH="23"/>
						<String ID="P322_ST00266" HPOS="853" VPOS="1479" WIDTH="32" HEIGHT="17" CONTENT="as" WC="1.00" CC="00"/>
						<SP ID="P322_SP00240" HPOS="885" VPOS="1498" WIDTH="21"/>
						<String ID="P322_ST00267" HPOS="906" VPOS="1470" WIDTH="93" HEIGHT="34" CONTENT="being" WC="0.86" CC="60000"/>
						<SP ID="P322_SP00241" HPOS="999" VPOS="1504" WIDTH="22"/>
						<String ID="P322_ST00268" HPOS="1021" VPOS="1473" WIDTH="16" HEIGHT="11" CONTENT='"' WC="1.00" CC="0"/>
						<SP ID="P322_SP00242" HPOS="1037" VPOS="1504" WIDTH="12"/>
						<String ID="P322_ST00269" HPOS="1049" VPOS="1469" WIDTH="191" HEIGHT="34" CONTENT="remarkably" WC="0.93" CC="2000500000"/>
						<SP ID="P322_SP00243" HPOS="1240" VPOS="1504" WIDTH="13"/>
						<String ID="P322_ST00270" HPOS="1253" VPOS="1467" WIDTH="87" HEIGHT="28" CONTENT='fine."' WC="0.81" CC="330004"/>
						<SP ID="P322_SP00244" HPOS="1340" VPOS="1504" WIDTH="40"/>
						<String ID="P322_ST00271" HPOS="1380" VPOS="1468" WIDTH="45" HEIGHT="26" CONTENT="As" WC="1.00" CC="00"/>
						<SP ID="P322_SP00245" HPOS="1425" VPOS="1504" WIDTH="21"/>
						<String ID="P322_ST00272" HPOS="1446" VPOS="1467" WIDTH="50" HEIGHT="27" CONTENT="the" WC="0.85" CC="040"/>
					</TextLine>
					<TextLine ID="P322_TL00027" HPOS="343" VPOS="1517" WIDTH="1153" HEIGHT="39">
						<String ID="P322_ST00273" HPOS="343" VPOS="1522" WIDTH="69" HEIGHT="25" CONTENT="fruit" WC="0.70" CC="03460"/>
						<SP ID="P322_SP00246" HPOS="412" VPOS="1547" WIDTH="13"/>
						<String ID="P322_ST00274" HPOS="425" VPOS="1530" WIDTH="61" HEIGHT="17" CONTENT="was" WC="0.99" CC="000"/>
						<SP ID="P322_SP00247" HPOS="486" VPOS="1547" WIDTH="22"/>
						<String ID="P322_ST00275" HPOS="508" VPOS="1521" WIDTH="91" HEIGHT="35" CONTENT="being" WC="0.91" CC="00400"/>
						<SP ID="P322_SP00248" HPOS="599" VPOS="1556" WIDTH="20"/>
						<String ID="P322_ST00276" HPOS="619" VPOS="1521" WIDTH="167" HEIGHT="31" CONTENT="examined," WC="0.77" CC="060005042"/>
						<SP ID="P322_SP00249" HPOS="786" VPOS="1556" WIDTH="15"/>
						<String ID="P322_ST00277" HPOS="801" VPOS="1521" WIDTH="37" HEIGHT="25" CONTENT="he" WC="0.79" CC="40"/>
						<SP ID="P322_SP00250" HPOS="838" VPOS="1556" WIDTH="22"/>
						<String ID="P322_ST00278" HPOS="860" VPOS="1520" WIDTH="152" HEIGHT="31" CONTENT="observed," WC="0.95" CC="000020001"/>
						<SP ID="P322_SP00251" HPOS="1012" VPOS="1556" WIDTH="15"/>
						<String ID="P322_ST00279" HPOS="1027" VPOS="1519" WIDTH="66" HEIGHT="26" CONTENT="that" WC="0.60" CC="2309"/>
						<SP ID="P322_SP00252" HPOS="1093" VPOS="1556" WIDTH="22"/>
						<String ID="P322_ST00280" HPOS="1115" VPOS="1519" WIDTH="38" HEIGHT="25" CONTENT="he" WC="0.80" CC="30"/>
						<SP ID="P322_SP00253" HPOS="1153" VPOS="1556" WIDTH="21"/>
						<String ID="P322_ST00281" HPOS="1174" VPOS="1519" WIDTH="60" HEIGHT="25" CONTENT="had" WC="0.59" CC="308"/>
						<SP ID="P322_SP00254" HPOS="1234" VPOS="1556" WIDTH="23"/>
						<String ID="P322_ST00282" HPOS="1257" VPOS="1521" WIDTH="16" HEIGHT="12" CONTENT='"' WC="0.81" CC="1"/>
						<SP ID="P322_SP00255" HPOS="1273" VPOS="1556" WIDTH="13"/>
						<String ID="P322_ST00283" HPOS="1286" VPOS="1518" WIDTH="107" HEIGHT="34" CONTENT="picked" WC="1.00" CC="000000"/>
						<SP ID="P322_SP00256" HPOS="1393" VPOS="1556" WIDTH="22"/>
						<String ID="P322_ST00284" HPOS="1415" VPOS="1517" WIDTH="81" HEIGHT="27" CONTENT="them" WC="0.83" CC="0600"/>
					</TextLine>
					<TextLine ID="P322_TL00028" HPOS="345" VPOS="1567" WIDTH="1152" HEIGHT="38">
						<String ID="P322_ST00285" HPOS="345" VPOS="1579" WIDTH="40" HEIGHT="26" CONTENT="up" WC="0.71" CC="50"/>
						<SP ID="P322_SP00257" HPOS="385" VPOS="1605" WIDTH="14"/>
						<String ID="P322_ST00286" HPOS="399" VPOS="1570" WIDTH="31" HEIGHT="25" CONTENT="in" WC="0.93" CC="10"/>
						<SP ID="P322_SP00258" HPOS="430" VPOS="1605" WIDTH="14"/>
						<String ID="P322_ST00287" HPOS="444" VPOS="1570" WIDTH="102" HEIGHT="26" CONTENT="Africa" WC="1.00" CC="000000"/>
						<SP ID="P322_SP00259" HPOS="546" VPOS="1605" WIDTH="12"/>
						<String ID="P322_ST00288" HPOS="558" VPOS="1580" WIDTH="5" HEIGHT="20" CONTENT=";" WC="0.52" CC="4"/>
						<SP ID="P322_SP00260" HPOS="563" VPOS="1605" WIDTH="13"/>
						<String ID="P322_ST00289" HPOS="576" VPOS="1570" WIDTH="15" HEIGHT="8" CONTENT='"' WC="0.55" CC="4"/>
						<SP ID="P322_SP00261" HPOS="591" VPOS="1605" WIDTH="22"/>
						<String ID="P322_ST00290" HPOS="613" VPOS="1571" WIDTH="65" HEIGHT="24" CONTENT="that" WC="0.67" CC="0508"/>
						<SP ID="P322_SP00262" HPOS="678" VPOS="1605" WIDTH="19"/>
						<String ID="P322_ST00291" HPOS="697" VPOS="1572" WIDTH="15" HEIGHT="12" CONTENT='"' WC="0.81" CC="1"/>
						<SP ID="P322_SP00263" HPOS="712" VPOS="1605" WIDTH="14"/>
						<String ID="P322_ST00292" HPOS="726" VPOS="1570" WIDTH="69" HEIGHT="35" CONTENT="they" WC="0.82" CC="0600"/>
						<SP ID="P322_SP00264" HPOS="795" VPOS="1605" WIDTH="13"/>
						<String ID="P322_ST00293" HPOS="808" VPOS="1578" WIDTH="77" HEIGHT="17" CONTENT="were" WC="0.92" CC="0030"/>
						<SP ID="P322_SP00265" HPOS="885" VPOS="1605" WIDTH="21"/>
						<String ID="P322_ST00294" HPOS="906" VPOS="1569" WIDTH="110" HEIGHT="34" CONTENT="capital" WC="1.00" CC="0000000"/>
						<String ID="P322_ST00295" HPOS="1029" VPOS="1579" WIDTH="5" HEIGHT="21" CONTENT=";" WC="0.41" CC="5"/>
						<SP ID="P322_SP00266" HPOS="1034" VPOS="1605" WIDTH="14"/>
						<String ID="P322_ST00296" HPOS="1048" VPOS="1569" WIDTH="15" HEIGHT="8" CONTENT='"' WC="0.59" CC="4"/>
						<SP ID="P322_SP00267" HPOS="1063" VPOS="1605" WIDTH="22"/>
						<String ID="P322_ST00297" HPOS="1085" VPOS="1569" WIDTH="65" HEIGHT="25" CONTENT="that" WC="0.90" CC="0400"/>
						<SP ID="P322_SP00268" HPOS="1150" VPOS="1605" WIDTH="22"/>
						<String ID="P322_ST00298" HPOS="1172" VPOS="1571" WIDTH="17" HEIGHT="12" CONTENT='"' WC="0.53" CC="4"/>
						<SP ID="P322_SP00269" HPOS="1189" VPOS="1605" WIDTH="12"/>
						<String ID="P322_ST00299" HPOS="1201" VPOS="1568" WIDTH="83" HEIGHT="26" CONTENT="there" WC="0.85" CC="02040"/>
						<SP ID="P322_SP00270" HPOS="1284" VPOS="1605" WIDTH="13"/>
						<String ID="P322_ST00300" HPOS="1297" VPOS="1576" WIDTH="78" HEIGHT="18" CONTENT="were" WC="1.00" CC="0000"/>
						<SP ID="P322_SP00271" HPOS="1375" VPOS="1605" WIDTH="19"/>
						<String ID="P322_ST00301" HPOS="1394" VPOS="1567" WIDTH="103" HEIGHT="35" CONTENT="plenty" WC="0.94" CC="000300"/>
					</TextLine>
					<TextLine ID="P322_TL00029" HPOS="343" VPOS="1616" WIDTH="1154" HEIGHT="34">
						<String ID="P322_ST00302" HPOS="343" VPOS="1627" WIDTH="81" HEIGHT="18" CONTENT="more" WC="0.96" CC="0010"/>
						<SP ID="P322_SP00272" HPOS="424" VPOS="1645" WIDTH="12"/>
						<String ID="P322_ST00303" HPOS="436" VPOS="1619" WIDTH="97" HEIGHT="26" CONTENT="where" WC="0.80" CC="06030"/>
						<SP ID="P322_SP00273" HPOS="533" VPOS="1645" WIDTH="14"/>
						<String ID="P322_ST00304" HPOS="547" VPOS="1619" WIDTH="84" HEIGHT="25" CONTENT="those" WC="0.71" CC="76000"/>
						<SP ID="P322_SP00274" HPOS="631" VPOS="1645" WIDTH="15"/>
						<String ID="P322_ST00305" HPOS="646" VPOS="1627" WIDTH="82" HEIGHT="17" CONTENT="came" WC="1.00" CC="0000"/>
						<SP ID="P322_SP00275" HPOS="728" VPOS="1645" WIDTH="13"/>
						<String ID="P322_ST00306" HPOS="741" VPOS="1617" WIDTH="102" HEIGHT="32" CONTENT='from,"' WC="0.83" CC="030006"/>
						<SP ID="P322_SP00276" HPOS="843" VPOS="1649" WIDTH="17"/>
						<String ID="P322_ST00307" HPOS="860" VPOS="1618" WIDTH="68" HEIGHT="32" CONTENT="and," WC="1.00" CC="0000"/>
						<SP ID="P322_SP00277" HPOS="928" VPOS="1650" WIDTH="11"/>
						<String ID="P322_ST00308" HPOS="939" VPOS="1618" WIDTH="30" HEIGHT="26" CONTENT="in" WC="0.83" CC="30"/>
						<SP ID="P322_SP00278" HPOS="969" VPOS="1650" WIDTH="15"/>
						<String ID="P322_ST00309" HPOS="984" VPOS="1627" WIDTH="17" HEIGHT="17" CONTENT="a" WC="1.00" CC="0"/>
						<SP ID="P322_SP00279" HPOS="1001" VPOS="1650" WIDTH="14"/>
						<String ID="P322_ST00310" HPOS="1015" VPOS="1618" WIDTH="89" HEIGHT="31" CONTENT="word," WC="0.98" CC="00001"/>
						<SP ID="P322_SP00280" HPOS="1104" VPOS="1650" WIDTH="11"/>
						<String ID="P322_ST00311" HPOS="1115" VPOS="1617" WIDTH="37" HEIGHT="26" CONTENT="he" WC="0.73" CC="50"/>
						<SP ID="P322_SP00281" HPOS="1152" VPOS="1650" WIDTH="16"/>
						<String ID="P322_ST00312" HPOS="1168" VPOS="1617" WIDTH="105" HEIGHT="32" CONTENT="added," WC="1.00" CC="000000"/>
						<SP ID="P322_SP00282" HPOS="1273" VPOS="1650" WIDTH="13"/>
						<String ID="P322_ST00313" HPOS="1286" VPOS="1619" WIDTH="17" HEIGHT="12" CONTENT='"' WC="0.55" CC="4"/>
						<SP ID="P322_SP00283" HPOS="1303" VPOS="1650" WIDTH="11"/>
						<String ID="P322_ST00314" HPOS="1314" VPOS="1616" WIDTH="130" HEIGHT="27" CONTENT="Delenda" WC="0.79" CC="0705001"/>
						<SP ID="P322_SP00284" HPOS="1444" VPOS="1650" WIDTH="14"/>
						<String ID="P322_ST00315" HPOS="1458" VPOS="1617" WIDTH="39" HEIGHT="26" CONTENT="est" WC="0.95" CC="001"/>
					</TextLine>
					<TextLine ID="P322_TL00030" HPOS="347" VPOS="1666" WIDTH="799" HEIGHT="35">
						<String ID="P322_ST00316" HPOS="347" VPOS="1667" WIDTH="136" HEIGHT="34" CONTENT="Carthago" WC="0.83" CC="00015501"/>
						<SP ID="P322_SP00285" HPOS="483" VPOS="1701" WIDTH="14"/>
						<String ID="P322_ST00317" HPOS="497" VPOS="1667" WIDTH="14" HEIGHT="10" CONTENT='"' WC="0.58" CC="4"/>
						<String ID="P322_ST00318" HPOS="514" VPOS="1683" WIDTH="37" HEIGHT="4" CONTENT="—" WC="0.20" CC="8"/>
						<String ID="P322_ST00319" HPOS="553" VPOS="1671" WIDTH="16" HEIGHT="11" CONTENT='"' WC="0.60" CC="3"/>
						<SP ID="P322_SP00286" HPOS="569" VPOS="1701" WIDTH="11"/>
						<String ID="P322_ST00320" HPOS="580" VPOS="1667" WIDTH="58" HEIGHT="27" CONTENT="We" WC="1.00" CC="00"/>
						<SP ID="P322_SP00287" HPOS="638" VPOS="1701" WIDTH="14"/>
						<String ID="P322_ST00321" HPOS="652" VPOS="1667" WIDTH="93" HEIGHT="34" CONTENT="really" WC="0.93" CC="000400"/>
						<SP ID="P322_SP00288" HPOS="745" VPOS="1701" WIDTH="14"/>
						<String ID="P322_ST00322" HPOS="759" VPOS="1671" WIDTH="77" HEIGHT="23" CONTENT="must" WC="0.90" CC="0300"/>
						<SP ID="P322_SP00289" HPOS="836" VPOS="1701" WIDTH="15"/>
						<String ID="P322_ST00323" HPOS="851" VPOS="1667" WIDTH="101" HEIGHT="26" CONTENT="smash" WC="0.90" CC="00005"/>
						<SP ID="P322_SP00290" HPOS="952" VPOS="1701" WIDTH="15"/>
						<String ID="P322_ST00324" HPOS="967" VPOS="1666" WIDTH="179" HEIGHT="34" CONTENT='Carthage."' WC="0.85" CC="0021700004"/>
					</TextLine>
				</TextBlock>
				<TextBlock ID="P322_TB00006" HPOS="341" VPOS="1740" WIDTH="1155" HEIGHT="431" STYLEREFS="TXT_2 PAR_LEFT">
					<TextLine ID="P322_TL00031" HPOS="399" VPOS="1741" WIDTH="1097" HEIGHT="35">
						<String ID="P322_ST00325" HPOS="399" VPOS="1743" WIDTH="98" HEIGHT="25" CONTENT="Rome" WC="1.00" CC="0000"/>
						<SP ID="P322_SP00291" HPOS="497" VPOS="1768" WIDTH="23"/>
						<String ID="P322_ST00326" HPOS="520" VPOS="1743" WIDTH="109" HEIGHT="33" CONTENT="agreed" WC="0.98" CC="000000"/>
						<SP ID="P322_SP00292" HPOS="629" VPOS="1776" WIDTH="19"/>
						<String ID="P322_ST00327" HPOS="648" VPOS="1742" WIDTH="72" HEIGHT="26" CONTENT="with" WC="0.65" CC="0526"/>
						<SP ID="P322_SP00293" HPOS="720" VPOS="1776" WIDTH="25"/>
						<String ID="P322_ST00328" HPOS="745" VPOS="1742" WIDTH="83" HEIGHT="32" CONTENT="Cato," WC="1.00" CC="00000"/>
						<SP ID="P322_SP00294" HPOS="828" VPOS="1776" WIDTH="22"/>
						<String ID="P322_ST00329" HPOS="850" VPOS="1751" WIDTH="81" HEIGHT="17" CONTENT="more" WC="0.93" CC="0020"/>
						<SP ID="P322_SP00295" HPOS="931" VPOS="1776" WIDTH="21"/>
						<String ID="P322_ST00330" HPOS="952" VPOS="1742" WIDTH="163" HEIGHT="34" CONTENT="especially" WC="0.97" CC="0000020000"/>
						<SP ID="P322_SP00296" HPOS="1115" VPOS="1776" WIDTH="20"/>
						<String ID="P322_ST00331" HPOS="1135" VPOS="1742" WIDTH="86" HEIGHT="26" CONTENT="when" WC="0.77" CC="0701"/>
						<SP ID="P322_SP00297" HPOS="1221" VPOS="1776" WIDTH="21"/>
						<String ID="P322_ST00332" HPOS="1242" VPOS="1742" WIDTH="38" HEIGHT="25" CONTENT="he" WC="0.73" CC="50"/>
						<SP ID="P322_SP00298" HPOS="1280" VPOS="1776" WIDTH="20"/>
						<String ID="P322_ST00333" HPOS="1300" VPOS="1741" WIDTH="123" HEIGHT="35" CONTENT="pointed" WC="0.96" CC="0000200"/>
						<SP ID="P322_SP00299" HPOS="1423" VPOS="1776" WIDTH="24"/>
						<String ID="P322_ST00334" HPOS="1447" VPOS="1744" WIDTH="49" HEIGHT="23" CONTENT="out" WC="0.89" CC="030"/>
					</TextLine>
					<TextLine ID="P322_TL00032" HPOS="344" VPOS="1791" WIDTH="1152" HEIGHT="35">
						<String ID="P322_ST00335" HPOS="344" VPOS="1793" WIDTH="65" HEIGHT="25" CONTENT="that" WC="0.78" CC="0602"/>
						<SP ID="P322_SP00300" HPOS="409" VPOS="1818" WIDTH="24"/>
						<String ID="P322_ST00336" HPOS="433" VPOS="1792" WIDTH="50" HEIGHT="26" CONTENT="the" WC="0.81" CC="050"/>
						<SP ID="P322_SP00301" HPOS="483" VPOS="1818" WIDTH="23"/>
						<String ID="P322_ST00337" HPOS="506" VPOS="1792" WIDTH="85" HEIGHT="34" CONTENT="place" WC="1.00" CC="00000"/>
						<SP ID="P322_SP00302" HPOS="591" VPOS="1826" WIDTH="22"/>
						<String ID="P322_ST00338" HPOS="613" VPOS="1801" WIDTH="61" HEIGHT="17" CONTENT="was" WC="1.00" CC="000"/>
						<SP ID="P322_SP00303" HPOS="674" VPOS="1826" WIDTH="24"/>
						<String ID="P322_ST00339" HPOS="698" VPOS="1792" WIDTH="197" HEIGHT="34" CONTENT="exceedingly" WC="0.95" CC="00000005000"/>
						<SP ID="P322_SP00304" HPOS="895" VPOS="1826" WIDTH="22"/>
						<String ID="P322_ST00340" HPOS="917" VPOS="1793" WIDTH="63" HEIGHT="25" CONTENT="rich" WC="0.76" CC="0306"/>
						<String ID="P322_ST00341" HPOS="990" VPOS="1802" WIDTH="6" HEIGHT="21" CONTENT=";" WC="1.00" CC="0"/>
						<SP ID="P322_SP00305" HPOS="996" VPOS="1826" WIDTH="25"/>
						<String ID="P322_ST00342" HPOS="1021" VPOS="1792" WIDTH="45" HEIGHT="26" CONTENT="for" WC="0.86" CC="004"/>
						<SP ID="P322_SP00306" HPOS="1066" VPOS="1826" WIDTH="26"/>
						<String ID="P322_ST00343" HPOS="1092" VPOS="1792" WIDTH="50" HEIGHT="26" CONTENT="the" WC="0.79" CC="060"/>
						<SP ID="P322_SP00307" HPOS="1142" VPOS="1826" WIDTH="28"/>
						<String ID="P322_ST00344" HPOS="1170" VPOS="1792" WIDTH="147" HEIGHT="31" CONTENT="Romans," WC="0.83" CC="0070004"/>
						<SP ID="P322_SP00308" HPOS="1317" VPOS="1826" WIDTH="24"/>
						<String ID="P322_ST00345" HPOS="1341" VPOS="1791" WIDTH="155" HEIGHT="26" CONTENT="whenever" WC="0.78" CC="02040900"/>
					</TextLine>
					<TextLine ID="P322_TL00033" HPOS="344" VPOS="1840" WIDTH="1152" HEIGHT="36">
						<String ID="P322_ST00346" HPOS="344" VPOS="1842" WIDTH="81" HEIGHT="25" CONTENT="there" WC="0.75" CC="45020"/>
						<SP ID="P322_SP00309" HPOS="425" VPOS="1867" WIDTH="20"/>
						<String ID="P322_ST00347" HPOS="445" VPOS="1850" WIDTH="60" HEIGHT="17" CONTENT="was" WC="1.00" CC="000"/>
						<SP ID="P322_SP00310" HPOS="505" VPOS="1867" WIDTH="21"/>
						<String ID="P322_ST00348" HPOS="526" VPOS="1841" WIDTH="148" HEIGHT="35" CONTENT="anything" WC="0.87" CC="03004200"/>
						<SP ID="P322_SP00311" HPOS="674" VPOS="1876" WIDTH="19"/>
						<String ID="P322_ST00349" HPOS="693" VPOS="1845" WIDTH="30" HEIGHT="22" CONTENT="to" WC="1.00" CC="00"/>
						<SP ID="P322_SP00312" HPOS="723" VPOS="1876" WIDTH="21"/>
						<String ID="P322_ST00350" HPOS="744" VPOS="1842" WIDTH="36" HEIGHT="25" CONTENT="be" WC="1.00" CC="00"/>
						<SP ID="P322_SP00313" HPOS="780" VPOS="1876" WIDTH="21"/>
						<String ID="P322_ST00351" HPOS="801" VPOS="1846" WIDTH="52" HEIGHT="30" CONTENT="got" WC="0.92" CC="002"/>
						<SP ID="P322_SP00314" HPOS="853" VPOS="1876" WIDTH="20"/>
						<String ID="P322_ST00352" HPOS="873" VPOS="1843" WIDTH="41" HEIGHT="33" CONTENT="by" WC="1.00" CC="00"/>
						<SP ID="P322_SP00315" HPOS="914" VPOS="1876" WIDTH="19"/>
						<String ID="P322_ST00353" HPOS="933" VPOS="1842" WIDTH="137" HEIGHT="34" CONTENT="robbery," WC="0.86" CC="30000501"/>
						<SP ID="P322_SP00316" HPOS="1070" VPOS="1876" WIDTH="18"/>
						<String ID="P322_ST00354" HPOS="1088" VPOS="1850" WIDTH="77" HEIGHT="17" CONTENT="were" WC="0.97" CC="0010"/>
						<SP ID="P322_SP00317" HPOS="1165" VPOS="1876" WIDTH="21"/>
						<String ID="P322_ST00355" HPOS="1186" VPOS="1841" WIDTH="80" HEIGHT="35" CONTENT="quite" WC="0.90" CC="03100"/>
						<SP ID="P322_SP00318" HPOS="1266" VPOS="1876" WIDTH="21"/>
						<String ID="P322_ST00356" HPOS="1287" VPOS="1842" WIDTH="147" HEIGHT="34" CONTENT="prepared" WC="0.91" CC="03000300"/>
						<SP ID="P322_SP00319" HPOS="1434" VPOS="1876" WIDTH="19"/>
						<String ID="P322_ST00357" HPOS="1453" VPOS="1840" WIDTH="43" HEIGHT="27" CONTENT="for" WC="0.83" CC="103"/>
					</TextLine>
					<TextLine ID="P322_TL00034" HPOS="343" VPOS="1891" WIDTH="1153" HEIGHT="32">
						<String ID="P322_ST00358" HPOS="343" VPOS="1891" WIDTH="141" HEIGHT="26" CONTENT="violence." WC="0.88" CC="000404000"/>
						<SP ID="P322_SP00320" HPOS="484" VPOS="1917" WIDTH="39"/>
						<String ID="P322_ST00359" HPOS="523" VPOS="1891" WIDTH="63" HEIGHT="26" CONTENT="The" WC="1.00" CC="000"/>
						<SP ID="P322_SP00321" HPOS="586" VPOS="1917" WIDTH="28"/>
						<String ID="P322_ST00360" HPOS="614" VPOS="1891" WIDTH="135" HEIGHT="32" CONTENT="Consuls," WC="0.85" CC="00004304"/>
						<SP ID="P322_SP00322" HPOS="749" VPOS="1923" WIDTH="25"/>
						<String ID="P322_ST00361" HPOS="774" VPOS="1891" WIDTH="42" HEIGHT="25" CONTENT="M." WC="1.00" CC="00"/>
						<SP ID="P322_SP00323" HPOS="816" VPOS="1923" WIDTH="24"/>
						<String ID="P322_ST00362" HPOS="840" VPOS="1891" WIDTH="143" HEIGHT="26" CONTENT="Manilius" WC="0.90" CC="00060010"/>
						<SP ID="P322_SP00324" HPOS="983" VPOS="1923" WIDTH="25"/>
						<String ID="P322_ST00363" HPOS="1008" VPOS="1892" WIDTH="59" HEIGHT="24" CONTENT="and" WC="1.00" CC="000"/>
						<SP ID="P322_SP00325" HPOS="1067" VPOS="1923" WIDTH="24"/>
						<String ID="P322_ST00364" HPOS="1091" VPOS="1891" WIDTH="33" HEIGHT="26" CONTENT="L." WC="1.00" CC="00"/>
						<SP ID="P322_SP00326" HPOS="1124" VPOS="1923" WIDTH="25"/>
						<String ID="P322_ST00365" HPOS="1149" VPOS="1891" WIDTH="132" HEIGHT="26" CONTENT="Marcius" WC="0.86" CC="0030060"/>
						<SP ID="P322_SP00327" HPOS="1281" VPOS="1923" WIDTH="25"/>
						<String ID="P322_ST00366" HPOS="1306" VPOS="1891" WIDTH="190" HEIGHT="31" CONTENT="Censorinus," WC="0.82" CC="00300035402"/>
					</TextLine>
					<TextLine ID="P322_TL00035" HPOS="344" VPOS="1941" WIDTH="1152" HEIGHT="34">
						<String ID="P322_ST00367" HPOS="344" VPOS="1942" WIDTH="166" HEIGHT="25" CONTENT="assembled" WC="0.95" CC="000040000"/>
						<SP ID="P322_SP00328" HPOS="510" VPOS="1967" WIDTH="22"/>
						<String ID="P322_ST00368" HPOS="532" VPOS="1941" WIDTH="72" HEIGHT="26" CONTENT="with" WC="0.85" CC="0006"/>
						<SP ID="P322_SP00329" HPOS="604" VPOS="1967" WIDTH="25"/>
						<String ID="P322_ST00369" HPOS="629" VPOS="1949" WIDTH="17" HEIGHT="17" CONTENT="a" WC="1.00" CC="0"/>
						<SP ID="P322_SP00330" HPOS="646" VPOS="1967" WIDTH="22"/>
						<String ID="P322_ST00370" HPOS="668" VPOS="1942" WIDTH="83" HEIGHT="33" CONTENT="large" WC="0.96" CC="00100"/>
						<SP ID="P322_SP00331" HPOS="751" VPOS="1975" WIDTH="23"/>
						<String ID="P322_ST00371" HPOS="774" VPOS="1941" WIDTH="79" HEIGHT="26" CONTENT="force" WC="0.97" CC="00100"/>
						<SP ID="P322_SP00332" HPOS="853" VPOS="1975" WIDTH="24"/>
						<String ID="P322_ST00372" HPOS="877" VPOS="1942" WIDTH="29" HEIGHT="25" CONTENT="in" WC="1.00" CC="00"/>
						<SP ID="P322_SP00333" HPOS="906" VPOS="1975" WIDTH="26"/>
						<String ID="P322_ST00373" HPOS="932" VPOS="1941" WIDTH="102" HEIGHT="34" CONTENT="Sicily," WC="0.90" CC="0400002"/>
						<SP ID="P322_SP00334" HPOS="1034" VPOS="1975" WIDTH="23"/>
						<String ID="P322_ST00374" HPOS="1057" VPOS="1941" WIDTH="98" HEIGHT="26" CONTENT="where" WC="0.89" CC="05000"/>
						<SP ID="P322_SP00335" HPOS="1155" VPOS="1975" WIDTH="25"/>
						<String ID="P322_ST00375" HPOS="1180" VPOS="1949" WIDTH="81" HEIGHT="17" CONTENT="some" WC="1.00" CC="0000"/>
						<SP ID="P322_SP00336" HPOS="1261" VPOS="1975" WIDTH="25"/>
						<String ID="P322_ST00376" HPOS="1286" VPOS="1941" WIDTH="210" HEIGHT="26" CONTENT="ambassadors" WC="0.89" CC="00000060040"/>
					</TextLine>
					<TextLine ID="P322_TL00036" HPOS="343" VPOS="1990" WIDTH="1153" HEIGHT="36">
						<String ID="P322_ST00377" HPOS="343" VPOS="1991" WIDTH="148" HEIGHT="34" CONTENT="appeared" WC="0.94" CC="00000400"/>
						<SP ID="P322_SP00337" HPOS="491" VPOS="2025" WIDTH="18"/>
						<String ID="P322_ST00378" HPOS="509" VPOS="1990" WIDTH="74" HEIGHT="26" CONTENT="from" WC="0.90" CC="0300"/>
						<SP ID="P322_SP00338" HPOS="583" VPOS="2025" WIDTH="19"/>
						<String ID="P322_ST00379" HPOS="602" VPOS="1990" WIDTH="149" HEIGHT="35" CONTENT="Carthage" WC="0.73" CC="00226090"/>
						<String ID="P322_ST00380" HPOS="762" VPOS="2002" WIDTH="6" HEIGHT="19" CONTENT=";" WC="0.89" CC="1"/>
						<SP ID="P322_SP00339" HPOS="768" VPOS="2025" WIDTH="22"/>
						<String ID="P322_ST00381" HPOS="790" VPOS="1992" WIDTH="52" HEIGHT="25" CONTENT="but" WC="0.92" CC="001"/>
						<SP ID="P322_SP00340" HPOS="842" VPOS="2025" WIDTH="20"/>
						<String ID="P322_ST00382" HPOS="862" VPOS="1992" WIDTH="50" HEIGHT="25" CONTENT="the" WC="0.71" CC="170"/>
						<SP ID="P322_SP00341" HPOS="912" VPOS="2025" WIDTH="21"/>
						<String ID="P322_ST00383" HPOS="933" VPOS="1992" WIDTH="71" HEIGHT="34" CONTENT="only" WC="0.77" CC="0710"/>
						<SP ID="P322_SP00342" HPOS="1004" VPOS="2026" WIDTH="14"/>
						<String ID="P322_ST00384" HPOS="1018" VPOS="1991" WIDTH="92" HEIGHT="25" CONTENT="result" WC="0.93" CC="000300"/>
						<SP ID="P322_SP00343" HPOS="1110" VPOS="2026" WIDTH="19"/>
						<String ID="P322_ST00385" HPOS="1129" VPOS="1990" WIDTH="32" HEIGHT="26" CONTENT="of" WC="1.00" CC="00"/>
						<SP ID="P322_SP00344" HPOS="1161" VPOS="2026" WIDTH="15"/>
						<String ID="P322_ST00386" HPOS="1176" VPOS="1990" WIDTH="187" HEIGHT="35" CONTENT="negotiation" WC="0.90" CC="00002008000"/>
						<SP ID="P322_SP00345" HPOS="1363" VPOS="2026" WIDTH="14"/>
						<String ID="P322_ST00387" HPOS="1377" VPOS="1998" WIDTH="62" HEIGHT="18" CONTENT="was" WC="1.00" CC="000"/>
						<SP ID="P322_SP00346" HPOS="1439" VPOS="2026" WIDTH="19"/>
						<String ID="P322_ST00388" HPOS="1458" VPOS="1998" WIDTH="38" HEIGHT="18" CONTENT="an" WC="1.00" CC="00"/>
					</TextLine>
					<TextLine ID="P322_TL00037" HPOS="343" VPOS="2038" WIDTH="1153" HEIGHT="36">
						<String ID="P322_ST00389" HPOS="343" VPOS="2039" WIDTH="85" HEIGHT="25" CONTENT="order" WC="0.84" CC="04002"/>
						<SP ID="P322_SP00347" HPOS="428" VPOS="2064" WIDTH="13"/>
						<String ID="P322_ST00390" HPOS="441" VPOS="2039" WIDTH="64" HEIGHT="25" CONTENT="that" WC="0.60" CC="0609"/>
						<SP ID="P322_SP00348" HPOS="505" VPOS="2064" WIDTH="15"/>
						<String ID="P322_ST00391" HPOS="520" VPOS="2047" WIDTH="53" HEIGHT="24" CONTENT="300" WC="0.75" CC="700"/>
						<SP ID="P322_SP00349" HPOS="573" VPOS="2071" WIDTH="14"/>
						<String ID="P322_ST00392" HPOS="587" VPOS="2039" WIDTH="147" HEIGHT="25" CONTENT="members" WC="0.96" CC="0000020"/>
						<SP ID="P322_SP00350" HPOS="734" VPOS="2071" WIDTH="19"/>
						<String ID="P322_ST00393" HPOS="753" VPOS="2038" WIDTH="32" HEIGHT="26" CONTENT="of" WC="1.00" CC="00"/>
						<SP ID="P322_SP00351" HPOS="785" VPOS="2071" WIDTH="16"/>
						<String ID="P322_ST00394" HPOS="801" VPOS="2039" WIDTH="50" HEIGHT="25" CONTENT="the" WC="0.77" CC="050"/>
						<SP ID="P322_SP00352" HPOS="851" VPOS="2071" WIDTH="20"/>
						<String ID="P322_ST00395" HPOS="871" VPOS="2039" WIDTH="67" HEIGHT="26" CONTENT="best" WC="0.77" CC="0009"/>
						<SP ID="P322_SP00353" HPOS="938" VPOS="2071" WIDTH="19"/>
						<String ID="P322_ST00396" HPOS="957" VPOS="2038" WIDTH="218" HEIGHT="36" CONTENT="Carthaginian" WC="0.81" CC="003460003500"/>
						<SP ID="P322_SP00354" HPOS="1175" VPOS="2074" WIDTH="18"/>
						<String ID="P322_ST00397" HPOS="1193" VPOS="2038" WIDTH="128" HEIGHT="27" CONTENT="families" WC="1.00" CC="00000000"/>
						<SP ID="P322_SP00355" HPOS="1321" VPOS="2074" WIDTH="15"/>
						<String ID="P322_ST00398" HPOS="1336" VPOS="2039" WIDTH="107" HEIGHT="25" CONTENT="should" WC="0.85" CC="060010"/>
						<SP ID="P322_SP00356" HPOS="1443" VPOS="2074" WIDTH="18"/>
						<String ID="P322_ST00399" HPOS="1461" VPOS="2040" WIDTH="35" HEIGHT="25" CONTENT="be" WC="1.00" CC="00"/>
					</TextLine>
					<TextLine ID="P322_TL00038" HPOS="342" VPOS="2087" WIDTH="1154" HEIGHT="37">
						<String ID="P322_ST00400" HPOS="342" VPOS="2092" WIDTH="66" HEIGHT="21" CONTENT="sent" WC="1.00" CC="0000"/>
						<SP ID="P322_SP00357" HPOS="408" VPOS="2113" WIDTH="16"/>
						<String ID="P322_ST00401" HPOS="424" VPOS="2097" WIDTH="68" HEIGHT="16" CONTENT="over" WC="0.90" CC="0003"/>
						<SP ID="P322_SP00358" HPOS="492" VPOS="2113" WIDTH="13"/>
						<String ID="P322_ST00402" HPOS="505" VPOS="2088" WIDTH="41" HEIGHT="35" CONTENT="by" WC="1.00" CC="00"/>
						<SP ID="P322_SP00359" HPOS="546" VPOS="2123" WIDTH="12"/>
						<String ID="P322_ST00403" HPOS="558" VPOS="2097" WIDTH="67" HEIGHT="26" CONTENT="way" WC="1.00" CC="000"/>
						<SP ID="P322_SP00360" HPOS="625" VPOS="2123" WIDTH="14"/>
						<String ID="P322_ST00404" HPOS="639" VPOS="2087" WIDTH="32" HEIGHT="26" CONTENT="of" WC="1.00" CC="00"/>
						<SP ID="P322_SP00361" HPOS="671" VPOS="2123" WIDTH="15"/>
						<String ID="P322_ST00405" HPOS="686" VPOS="2088" WIDTH="152" HEIGHT="36" CONTENT="hostages." WC="0.76" CC="700409000"/>
						<SP ID="P322_SP00362" HPOS="838" VPOS="2124" WIDTH="40"/>
						<String ID="P322_ST00406" HPOS="878" VPOS="2089" WIDTH="63" HEIGHT="25" CONTENT="The" WC="0.91" CC="020"/>
						<SP ID="P322_SP00363" HPOS="941" VPOS="2124" WIDTH="21"/>
						<String ID="P322_ST00407" HPOS="962" VPOS="2089" WIDTH="138" HEIGHT="26" CONTENT="Romans" WC="1.00" CC="000000"/>
						<SP ID="P322_SP00364" HPOS="1100" VPOS="2124" WIDTH="21"/>
						<String ID="P322_ST00408" HPOS="1121" VPOS="2089" WIDTH="72" HEIGHT="26" CONTENT="then" WC="0.80" CC="0700"/>
						<SP ID="P322_SP00365" HPOS="1193" VPOS="2124" WIDTH="20"/>
						<String ID="P322_ST00409" HPOS="1213" VPOS="2089" WIDTH="110" HEIGHT="34" CONTENT="passed" WC="1.00" CC="000000"/>
						<SP ID="P322_SP00366" HPOS="1323" VPOS="2124" WIDTH="20"/>
						<String ID="P322_ST00410" HPOS="1343" VPOS="2097" WIDTH="71" HEIGHT="17" CONTENT="over" WC="0.94" CC="0002"/>
						<SP ID="P322_SP00367" HPOS="1414" VPOS="2124" WIDTH="21"/>
						<String ID="P322_ST00411" HPOS="1435" VPOS="2089" WIDTH="61" HEIGHT="25" CONTENT="into" WC="0.86" CC="0500"/>
					</TextLine>
					<TextLine ID="P322_TL00039" HPOS="342" VPOS="2136" WIDTH="1154" HEIGHT="35">
						<String ID="P322_ST00412" HPOS="342" VPOS="2137" WIDTH="98" HEIGHT="31" CONTENT="Utica," WC="0.77" CC="076000"/>
						<SP ID="P322_SP00368" HPOS="440" VPOS="2168" WIDTH="16"/>
						<String ID="P322_ST00413" HPOS="456" VPOS="2137" WIDTH="96" HEIGHT="26" CONTENT="where" WC="0.85" CC="06000"/>
						<SP ID="P322_SP00369" HPOS="552" VPOS="2168" WIDTH="18"/>
						<String ID="P322_ST00414" HPOS="570" VPOS="2137" WIDTH="50" HEIGHT="26" CONTENT="the" WC="0.81" CC="050"/>
						<SP ID="P322_SP00370" HPOS="620" VPOS="2168" WIDTH="18"/>
						<String ID="P322_ST00415" HPOS="638" VPOS="2136" WIDTH="217" HEIGHT="35" CONTENT="Carthaginian" WC="0.80" CC="104460000006"/>
						<SP ID="P322_SP00371" HPOS="855" VPOS="2171" WIDTH="17"/>
						<String ID="P322_ST00416" HPOS="872" VPOS="2139" WIDTH="211" HEIGHT="25" CONTENT="ambassadors" WC="0.96" CC="00000000030"/>
						<SP ID="P322_SP00372" HPOS="1083" VPOS="2171" WIDTH="16"/>
						<String ID="P322_ST00417" HPOS="1099" VPOS="2138" WIDTH="91" HEIGHT="33" CONTENT="again" WC="0.62" CC="00936"/>
						<SP ID="P322_SP00373" HPOS="1190" VPOS="2171" WIDTH="14"/>
						<String ID="P322_ST00418" HPOS="1204" VPOS="2138" WIDTH="76" HEIGHT="26" CONTENT="tried" WC="0.88" CC="04001"/>
						<SP ID="P322_SP00374" HPOS="1280" VPOS="2171" WIDTH="17"/>
						<String ID="P322_ST00419" HPOS="1297" VPOS="2142" WIDTH="30" HEIGHT="21" CONTENT="to" WC="0.90" CC="20"/>
						<SP ID="P322_SP00375" HPOS="1327" VPOS="2171" WIDTH="15"/>
						<String ID="P322_ST00420" HPOS="1342" VPOS="2142" WIDTH="86" HEIGHT="28" CONTENT="treat," WC="0.98" CC="010000"/>
						<SP ID="P322_SP00376" HPOS="1428" VPOS="2171" WIDTH="15"/>
						<String ID="P322_ST00421" HPOS="1443" VPOS="2139" WIDTH="53" HEIGHT="25" CONTENT="but" WC="0.53" CC="049"/>
					</TextLine>
				</TextBlock>
			</PrintSpace>
		</Page>
	</Layout>
</alto>
