<?xml version="1.0" encoding="UTF-8"?>
<alto xmlns:xsi="http://www.w3.org/2001/XMLSchema-instance" xsi:noNamespaceSchemaLocation="http://www.bl.uk/schemas/alto/alto-1-4.xsd" xmlns:xlink="http://www.w3.org/1999/xlink">
	<Description>
		<MeasurementUnit>mm10</MeasurementUnit>
		<sourceImageInformation>
			<fileName>//head1/IN/2008-39/A0012093469/008954.jp2</fileName>
		</sourceImageInformation>
		<OCRProcessing ID="OCRPROCESSING_1">
			<preProcessingStep>
				<processingSoftware>
					<softwareCreator>CCS Content Conversion Specialists GmbH, Germany</softwareCreator>
					<softwareName>CCS docWORKS</softwareName>
					<softwareVersion>6.1-0.67</softwareVersion>
				</processingSoftware>
			</preProcessingStep>
			<ocrProcessingStep>
				<processingSoftware>
					<softwareCreator>ABBYY (BIT Software), Russia</softwareCreator>
					<softwareName>Finereader</softwareName>
				</processingSoftware>
			</ocrProcessingStep>
		</OCRProcessing>
	</Description>
	<Styles>
		<TextStyle ID="TXT_0" FONTSIZE="11" FONTFAMILY="Courier New"/>
		<TextStyle ID="TXT_1" FONTSIZE="9" FONTFAMILY="Fraktur"/>
		<TextStyle ID="TXT_2" FONTSIZE="9" FONTFAMILY="Courier New"/>
		<ParagraphStyle ID="PAR_RIGHT" ALIGN="Right"/>
		<ParagraphStyle ID="PAR_LEFT" ALIGN="Left"/>
	</Styles>
	<Layout>
		<Page ID="P106" PHYSICAL_IMG_NR="106" HEIGHT="2518" WIDTH="1698" PRINTED_IMG_NR="80" POSITION="Left" ACCURACY="86.11">
			<TopMargin ID="P106_TM00001" HPOS="0" VPOS="0" WIDTH="1698" HEIGHT="324">
				<TextBlock ID="P106_TB00001" HPOS="629" VPOS="265" WIDTH="635" HEIGHT="59" STYLEREFS="TXT_0 PAR_RIGHT">
					<TextLine ID="P106_TL00001" HPOS="630" VPOS="265" WIDTH="634" HEIGHT="59">
						<String ID="P106_ST00001" HPOS="630" VPOS="265" WIDTH="152" HEIGHT="45" CONTENT="Comic" WC="1.00" CC="00000"/>
						<SP ID="P106_SP00001" HPOS="782" VPOS="310" WIDTH="31"/>
						<String ID="P106_ST00002" HPOS="813" VPOS="265" WIDTH="192" HEIGHT="59" CONTENT="History" WC="0.85" CC="0006300"/>
						<SP ID="P106_SP00002" HPOS="1005" VPOS="324" WIDTH="34"/>
						<String ID="P106_ST00003" HPOS="1039" VPOS="267" WIDTH="55" HEIGHT="57" CONTENT="of" WC="1.00" CC="00"/>
						<SP ID="P106_SP00003" HPOS="1094" VPOS="324" WIDTH="18"/>
						<String ID="P106_ST00004" HPOS="1112" VPOS="266" WIDTH="152" HEIGHT="44" CONTENT="Rome." WC="0.91" CC="00004"/>
					</TextLine>
				</TextBlock>
				<TextBlock ID="P106_TB00002" HPOS="364" VPOS="276" WIDTH="41" HEIGHT="31" STYLEREFS="TXT_1 PAR_LEFT">
					<TextLine ID="P106_TL00002" HPOS="403" VPOS="305" WIDTH="2" HEIGHT="2">
						<String ID="P106_ST00005" HPOS="403" VPOS="305" WIDTH="2" HEIGHT="2" CONTENT="80" WC="1.00" CC="00"/>
					</TextLine>
				</TextBlock>
				<TextBlock ID="P106_TB00003" HPOS="1402" VPOS="288" WIDTH="127" HEIGHT="23" STYLEREFS="TXT_2 PAR_RIGHT">
					<TextLine ID="P106_TL00003" HPOS="1402" VPOS="288" WIDTH="127" HEIGHT="23">
						<String ID="P106_ST00006" HPOS="1402" VPOS="290" WIDTH="75" HEIGHT="21" CONTENT="[Chap." WC="0.68" CC="009900"/>
						<SP ID="P106_SP00004" HPOS="1477" VPOS="311" WIDTH="13"/>
						<String ID="P106_ST00007" HPOS="1490" VPOS="288" WIDTH="39" HEIGHT="18" CONTENT="VI." WC="0.80" CC="050"/>
					</TextLine>
				</TextBlock>
			</TopMargin>
			<LeftMargin ID="P106_LM00001" HPOS="0" VPOS="308" WIDTH="359" HEIGHT="1901"/>
			<RightMargin ID="P106_RM00001" HPOS="1533" VPOS="308" WIDTH="165" HEIGHT="1901"/>
			<BottomMargin ID="P106_BM00001" HPOS="0" VPOS="2209" WIDTH="1698" HEIGHT="308"/>
			<PrintSpace ID="P106_PS00001" HPOS="359" VPOS="308" WIDTH="1174" HEIGHT="1901">
				<TextBlock ID="P106_TB00004" HPOS="359" VPOS="381" WIDTH="1174" HEIGHT="387" STYLEREFS="TXT_2 PAR_LEFT">
					<TextLine ID="P106_TL00004" HPOS="363" VPOS="381" WIDTH="1166" HEIGHT="35">
						<String ID="P106_ST00008" HPOS="363" VPOS="383" WIDTH="97" HEIGHT="33" CONTENT="roads," WC="0.88" CC="300003"/>
						<SP ID="P106_SP00005" HPOS="460" VPOS="416" WIDTH="17"/>
						<String ID="P106_ST00009" HPOS="477" VPOS="383" WIDTH="59" HEIGHT="26" CONTENT="and" WC="1.00" CC="000"/>
						<SP ID="P106_SP00006" HPOS="536" VPOS="416" WIDTH="21"/>
						<String ID="P106_ST00010" HPOS="557" VPOS="383" WIDTH="110" HEIGHT="33" CONTENT="drains," WC="0.86" CC="0003600"/>
						<SP ID="P106_SP00007" HPOS="667" VPOS="416" WIDTH="17"/>
						<String ID="P106_ST00011" HPOS="684" VPOS="392" WIDTH="32" HEIGHT="17" CONTENT="as" WC="1.00" CC="00"/>
						<SP ID="P106_SP00008" HPOS="716" VPOS="416" WIDTH="15"/>
						<String ID="P106_ST00012" HPOS="731" VPOS="383" WIDTH="67" HEIGHT="26" CONTENT="well" WC="0.83" CC="0060"/>
						<SP ID="P106_SP00009" HPOS="798" VPOS="416" WIDTH="16"/>
						<String ID="P106_ST00013" HPOS="814" VPOS="392" WIDTH="32" HEIGHT="17" CONTENT="as" WC="1.00" CC="00"/>
						<SP ID="P106_SP00010" HPOS="846" VPOS="416" WIDTH="16"/>
						<String ID="P106_ST00014" HPOS="862" VPOS="382" WIDTH="33" HEIGHT="27" CONTENT="of" WC="0.94" CC="10"/>
						<SP ID="P106_SP00011" HPOS="895" VPOS="416" WIDTH="14"/>
						<String ID="P106_ST00015" HPOS="909" VPOS="383" WIDTH="89" HEIGHT="26" CONTENT="baths" WC="0.79" CC="10170"/>
						<SP ID="P106_SP00012" HPOS="998" VPOS="416" WIDTH="15"/>
						<String ID="P106_ST00016" HPOS="1013" VPOS="383" WIDTH="60" HEIGHT="26" CONTENT="and" WC="0.77" CC="600"/>
						<SP ID="P106_SP00013" HPOS="1073" VPOS="416" WIDTH="12"/>
						<String ID="P106_ST00017" HPOS="1085" VPOS="383" WIDTH="205" HEIGHT="26" CONTENT="washhouses." WC="0.90" CC="00063000010"/>
						<SP ID="P106_SP00014" HPOS="1290" VPOS="416" WIDTH="41"/>
						<String ID="P106_ST00018" HPOS="1331" VPOS="381" WIDTH="86" HEIGHT="35" CONTENT="They" WC="0.98" CC="0000"/>
						<SP ID="P106_SP00015" HPOS="1417" VPOS="416" WIDTH="15"/>
						<String ID="P106_ST00019" HPOS="1432" VPOS="388" WIDTH="97" HEIGHT="19" CONTENT="some" SUBS_TYPE="HypPart1" SUBS_CONTENT="sometimes" WC="1.00" CC="00000"/>
						<HYP CONTENT="-"/>
					</TextLine>
					<TextLine ID="P106_TL00005" HPOS="362" VPOS="431" WIDTH="1165" HEIGHT="37">
						<String ID="P106_ST00020" HPOS="362" VPOS="433" WIDTH="89" HEIGHT="27" CONTENT="times" SUBS_TYPE="HypPart2" SUBS_CONTENT="sometimes" WC="0.95" CC="02000"/>
						<SP ID="P106_SP00016" HPOS="451" VPOS="460" WIDTH="24"/>
						<String ID="P106_ST00021" HPOS="475" VPOS="433" WIDTH="124" HEIGHT="26" CONTENT="decided" WC="0.92" CC="0002020"/>
						<SP ID="P106_SP00017" HPOS="599" VPOS="460" WIDTH="24"/>
						<String ID="P106_ST00022" HPOS="623" VPOS="434" WIDTH="86" HEIGHT="25" CONTENT="small" WC="0.86" CC="00033"/>
						<SP ID="P106_SP00018" HPOS="709" VPOS="460" WIDTH="25"/>
						<String ID="P106_ST00023" HPOS="734" VPOS="433" WIDTH="144" HEIGHT="35" CONTENT="disputes," WC="0.79" CC="050008004"/>
						<SP ID="P106_SP00019" HPOS="878" VPOS="468" WIDTH="17"/>
						<String ID="P106_ST00024" HPOS="895" VPOS="433" WIDTH="57" HEIGHT="26" CONTENT="and" WC="0.81" CC="005"/>
						<SP ID="P106_SP00020" HPOS="952" VPOS="468" WIDTH="23"/>
						<String ID="P106_ST00025" HPOS="975" VPOS="433" WIDTH="87" HEIGHT="26" CONTENT="acted" WC="1.00" CC="00000"/>
						<SP ID="P106_SP00021" HPOS="1062" VPOS="468" WIDTH="22"/>
						<String ID="P106_ST00026" HPOS="1084" VPOS="442" WIDTH="33" HEIGHT="17" CONTENT="as" WC="1.00" CC="00"/>
						<SP ID="P106_SP00022" HPOS="1117" VPOS="468" WIDTH="20"/>
						<String ID="P106_ST00027" HPOS="1137" VPOS="433" WIDTH="172" HEIGHT="34" CONTENT="Inspectors" WC="0.90" CC="0000009000"/>
						<SP ID="P106_SP00023" HPOS="1309" VPOS="468" WIDTH="23"/>
						<String ID="P106_ST00028" HPOS="1332" VPOS="431" WIDTH="33" HEIGHT="27" CONTENT="of" WC="0.96" CC="00"/>
						<SP ID="P106_SP00024" HPOS="1365" VPOS="468" WIDTH="16"/>
						<String ID="P106_ST00029" HPOS="1381" VPOS="431" WIDTH="146" HEIGHT="32" CONTENT="Markets," WC="0.91" CC="20000400"/>
					</TextLine>
					<TextLine ID="P106_TL00006" HPOS="363" VPOS="481" WIDTH="1170" HEIGHT="38">
						<String ID="P106_ST00030" HPOS="363" VPOS="483" WIDTH="178" HEIGHT="36" CONTENT="examining" WC="0.86" CC="000023500"/>
						<SP ID="P106_SP00025" HPOS="541" VPOS="519" WIDTH="25"/>
						<String ID="P106_ST00031" HPOS="566" VPOS="483" WIDTH="137" HEIGHT="35" CONTENT="weights," WC="0.85" CC="00602003"/>
						<SP ID="P106_SP00026" HPOS="703" VPOS="519" WIDTH="31"/>
						<String ID="P106_ST00032" HPOS="734" VPOS="482" WIDTH="124" HEIGHT="36" CONTENT="settling" WC="0.85" CC="00004610"/>
						<SP ID="P106_SP00027" HPOS="858" VPOS="519" WIDTH="27"/>
						<String ID="P106_ST00033" HPOS="885" VPOS="483" WIDTH="142" HEIGHT="34" CONTENT="quarrels," WC="0.96" CC="000000003"/>
						<SP ID="P106_SP00028" HPOS="1027" VPOS="519" WIDTH="29"/>
						<String ID="P106_ST00034" HPOS="1056" VPOS="483" WIDTH="59" HEIGHT="26" CONTENT="and" WC="0.93" CC="010"/>
						<SP ID="P106_SP00029" HPOS="1115" VPOS="519" WIDTH="25"/>
						<String ID="P106_ST00035" HPOS="1140" VPOS="482" WIDTH="129" HEIGHT="35" CONTENT="holding" WC="0.58" CC="7005239"/>
						<SP ID="P106_SP00030" HPOS="1269" VPOS="519" WIDTH="28"/>
						<String ID="P106_ST00036" HPOS="1297" VPOS="481" WIDTH="51" HEIGHT="28" CONTENT="the" WC="0.73" CC="070"/>
						<SP ID="P106_SP00031" HPOS="1348" VPOS="519" WIDTH="29"/>
						<String ID="P106_ST00037" HPOS="1377" VPOS="481" WIDTH="95" HEIGHT="27" CONTENT="scales" WC="0.89" CC="000600"/>
						<SP ID="P106_SP00032" HPOS="1472" VPOS="519" WIDTH="28"/>
						<String ID="P106_ST00038" HPOS="1500" VPOS="481" WIDTH="33" HEIGHT="26" CONTENT="of" WC="0.90" CC="02"/>
					</TextLine>
					<TextLine ID="P106_TL00007" HPOS="360" VPOS="531" WIDTH="1168" HEIGHT="38">
						<String ID="P106_ST00039" HPOS="360" VPOS="533" WIDTH="108" HEIGHT="36" CONTENT="justice" WC="0.91" CC="0100400"/>
						<SP ID="P106_SP00033" HPOS="468" VPOS="569" WIDTH="15"/>
						<String ID="P106_ST00040" HPOS="483" VPOS="542" WIDTH="33" HEIGHT="18" CONTENT="as" WC="1.00" CC="00"/>
						<SP ID="P106_SP00034" HPOS="516" VPOS="569" WIDTH="15"/>
						<String ID="P106_ST00041" HPOS="531" VPOS="534" WIDTH="67" HEIGHT="26" CONTENT="well" WC="0.87" CC="0040"/>
						<SP ID="P106_SP00035" HPOS="598" VPOS="569" WIDTH="15"/>
						<String ID="P106_ST00042" HPOS="613" VPOS="542" WIDTH="32" HEIGHT="18" CONTENT="as" WC="1.00" CC="00"/>
						<SP ID="P106_SP00036" HPOS="645" VPOS="569" WIDTH="15"/>
						<String ID="P106_ST00043" HPOS="660" VPOS="533" WIDTH="33" HEIGHT="27" CONTENT="of" WC="1.00" CC="00"/>
						<SP ID="P106_SP00037" HPOS="693" VPOS="569" WIDTH="10"/>
						<String ID="P106_ST00044" HPOS="703" VPOS="533" WIDTH="216" HEIGHT="26" CONTENT="merchandise." WC="0.87" CC="000060602000"/>
						<SP ID="P106_SP00038" HPOS="919" VPOS="569" WIDTH="35"/>
						<String ID="P106_ST00045" HPOS="954" VPOS="533" WIDTH="86" HEIGHT="36" CONTENT="They" WC="0.96" CC="0100"/>
						<SP ID="P106_SP00039" HPOS="1040" VPOS="569" WIDTH="9"/>
						<String ID="P106_ST00046" HPOS="1049" VPOS="533" WIDTH="73" HEIGHT="35" CONTENT="kept" WC="0.76" CC="0009"/>
						<SP ID="P106_SP00040" HPOS="1122" VPOS="569" WIDTH="15"/>
						<String ID="P106_ST00047" HPOS="1137" VPOS="542" WIDTH="38" HEIGHT="17" CONTENT="an" WC="0.83" CC="03"/>
						<SP ID="P106_SP00041" HPOS="1175" VPOS="569" WIDTH="15"/>
						<String ID="P106_ST00048" HPOS="1190" VPOS="542" WIDTH="54" HEIGHT="26" CONTENT="eye" WC="1.00" CC="000"/>
						<SP ID="P106_SP00042" HPOS="1244" VPOS="569" WIDTH="15"/>
						<String ID="P106_ST00049" HPOS="1259" VPOS="536" WIDTH="29" HEIGHT="22" CONTENT="to" WC="1.00" CC="00"/>
						<SP ID="P106_SP00043" HPOS="1288" VPOS="569" WIDTH="16"/>
						<String ID="P106_ST00050" HPOS="1304" VPOS="531" WIDTH="224" HEIGHT="27" CONTENT="unwholesome" WC="0.88" CC="03040400000"/>
					</TextLine>
					<TextLine ID="P106_TL00008" HPOS="362" VPOS="581" WIDTH="1171" HEIGHT="38">
						<String ID="P106_ST00051" HPOS="362" VPOS="583" WIDTH="178" HEIGHT="36" CONTENT="provisions," WC="0.86" CC="00006040003"/>
						<SP ID="P106_SP00044" HPOS="540" VPOS="619" WIDTH="16"/>
						<String ID="P106_ST00052" HPOS="556" VPOS="583" WIDTH="59" HEIGHT="26" CONTENT="and" WC="1.00" CC="000"/>
						<SP ID="P106_SP00045" HPOS="615" VPOS="619" WIDTH="22"/>
						<String ID="P106_ST00053" HPOS="637" VPOS="592" WIDTH="18" HEIGHT="17" CONTENT="a" WC="1.00" CC="0"/>
						<SP ID="P106_SP00046" HPOS="655" VPOS="619" WIDTH="22"/>
						<String ID="P106_ST00054" HPOS="677" VPOS="592" WIDTH="72" HEIGHT="17" CONTENT="nose" WC="1.00" CC="0000"/>
						<SP ID="P106_SP00047" HPOS="749" VPOS="619" WIDTH="22"/>
						<String ID="P106_ST00055" HPOS="771" VPOS="586" WIDTH="32" HEIGHT="23" CONTENT="to" WC="0.86" CC="20"/>
						<SP ID="P106_SP00048" HPOS="803" VPOS="619" WIDTH="22"/>
						<String ID="P106_ST00056" HPOS="825" VPOS="583" WIDTH="76" HEIGHT="26" CONTENT="stale" WC="0.70" CC="52070"/>
						<SP ID="P106_SP00049" HPOS="901" VPOS="619" WIDTH="20"/>
						<String ID="P106_ST00057" HPOS="921" VPOS="582" WIDTH="56" HEIGHT="27" CONTENT="fish" WC="0.84" CC="0004"/>
						<SP ID="P106_SP00050" HPOS="977" VPOS="619" WIDTH="13"/>
						<String ID="P106_ST00058" HPOS="990" VPOS="593" WIDTH="6" HEIGHT="21" CONTENT=";" WC="0.43" CC="5"/>
						<SP ID="P106_SP00051" HPOS="996" VPOS="619" WIDTH="22"/>
						<String ID="P106_ST00059" HPOS="1018" VPOS="583" WIDTH="77" HEIGHT="26" CONTENT="their" WC="0.68" CC="07044"/>
						<SP ID="P106_SP00052" HPOS="1095" VPOS="619" WIDTH="22"/>
						<String ID="P106_ST00060" HPOS="1117" VPOS="592" WIDTH="66" HEIGHT="17" CONTENT="ears" WC="0.64" CC="0760"/>
						<SP ID="P106_SP00053" HPOS="1183" VPOS="619" WIDTH="20"/>
						<String ID="P106_ST00061" HPOS="1203" VPOS="582" WIDTH="72" HEIGHT="26" CONTENT="took" WC="1.00" CC="0000"/>
						<SP ID="P106_SP00054" HPOS="1275" VPOS="619" WIDTH="20"/>
						<String ID="P106_ST00062" HPOS="1295" VPOS="581" WIDTH="184" HEIGHT="35" CONTENT="cognisance" WC="0.88" CC="0002500400"/>
						<SP ID="P106_SP00055" HPOS="1479" VPOS="619" WIDTH="21"/>
						<String ID="P106_ST00063" HPOS="1500" VPOS="581" WIDTH="33" HEIGHT="27" CONTENT="of" WC="1.00" CC="00"/>
					</TextLine>
					<TextLine ID="P106_TL00009" HPOS="362" VPOS="632" WIDTH="1164" HEIGHT="37">
						<String ID="P106_ST00064" HPOS="362" VPOS="635" WIDTH="60" HEIGHT="25" CONTENT="bad" WC="1.00" CC="000"/>
						<SP ID="P106_SP00056" HPOS="422" VPOS="660" WIDTH="21"/>
						<String ID="P106_ST00065" HPOS="443" VPOS="635" WIDTH="171" HEIGHT="34" CONTENT="language;" WC="0.87" CC="405000000"/>
						<SP ID="P106_SP00057" HPOS="614" VPOS="669" WIDTH="22"/>
						<String ID="P106_ST00066" HPOS="636" VPOS="634" WIDTH="30" HEIGHT="26" CONTENT="in" WC="1.00" CC="00"/>
						<SP ID="P106_SP00058" HPOS="666" VPOS="669" WIDTH="21"/>
						<String ID="P106_ST00067" HPOS="687" VPOS="633" WIDTH="77" HEIGHT="27" CONTENT="their" WC="0.76" CC="07012"/>
						<SP ID="P106_SP00059" HPOS="764" VPOS="669" WIDTH="21"/>
						<String ID="P106_ST00068" HPOS="785" VPOS="634" WIDTH="97" HEIGHT="25" CONTENT="hands" WC="0.70" CC="60800"/>
						<SP ID="P106_SP00060" HPOS="882" VPOS="669" WIDTH="22"/>
						<String ID="P106_ST00069" HPOS="904" VPOS="634" WIDTH="71" HEIGHT="35" CONTENT="they" WC="0.83" CC="0600"/>
						<SP ID="P106_SP00061" HPOS="975" VPOS="669" WIDTH="15"/>
						<String ID="P106_ST00070" HPOS="990" VPOS="633" WIDTH="113" HEIGHT="26" CONTENT="carried" WC="0.99" CC="0000000"/>
						<SP ID="P106_SP00062" HPOS="1103" VPOS="669" WIDTH="21"/>
						<String ID="P106_ST00071" HPOS="1124" VPOS="642" WIDTH="18" HEIGHT="17" CONTENT="a" WC="1.00" CC="0"/>
						<SP ID="P106_SP00063" HPOS="1142" VPOS="669" WIDTH="20"/>
						<String ID="P106_ST00072" HPOS="1162" VPOS="632" WIDTH="86" HEIGHT="31" CONTENT="staff;" WC="0.91" CC="000005"/>
						<SP ID="P106_SP00064" HPOS="1248" VPOS="669" WIDTH="24"/>
						<String ID="P106_ST00073" HPOS="1272" VPOS="632" WIDTH="59" HEIGHT="26" CONTENT="and" WC="0.76" CC="070"/>
						<SP ID="P106_SP00065" HPOS="1331" VPOS="669" WIDTH="22"/>
						<String ID="P106_ST00074" HPOS="1353" VPOS="632" WIDTH="73" HEIGHT="35" CONTENT="they" WC="0.85" CC="0600"/>
						<SP ID="P106_SP00066" HPOS="1426" VPOS="669" WIDTH="13"/>
						<String ID="P106_ST00075" HPOS="1439" VPOS="641" WIDTH="87" HEIGHT="23" CONTENT="were," WC="0.96" CC="00200"/>
					</TextLine>
					<TextLine ID="P106_TL00010" HPOS="363" VPOS="682" WIDTH="1166" HEIGHT="36">
						<String ID="P106_ST00076" HPOS="363" VPOS="684" WIDTH="32" HEIGHT="26" CONTENT="in" WC="0.67" CC="60"/>
						<SP ID="P106_SP00067" HPOS="395" VPOS="710" WIDTH="22"/>
						<String ID="P106_ST00077" HPOS="417" VPOS="684" WIDTH="69" HEIGHT="32" CONTENT="fact," WC="0.81" CC="00090"/>
						<SP ID="P106_SP00068" HPOS="486" VPOS="716" WIDTH="23"/>
						<String ID="P106_ST00078" HPOS="509" VPOS="692" WIDTH="17" HEIGHT="17" CONTENT="a" WC="1.00" CC="0"/>
						<SP ID="P106_SP00069" HPOS="526" VPOS="716" WIDTH="22"/>
						<String ID="P106_ST00079" HPOS="548" VPOS="684" WIDTH="117" HEIGHT="26" CONTENT="curious" WC="0.98" CC="0001000"/>
						<SP ID="P106_SP00070" HPOS="665" VPOS="716" WIDTH="24"/>
						<String ID="P106_ST00080" HPOS="689" VPOS="683" WIDTH="169" HEIGHT="35" CONTENT="compound" WC="0.94" CC="00000500"/>
						<SP ID="P106_SP00071" HPOS="858" VPOS="718" WIDTH="22"/>
						<String ID="P106_ST00081" HPOS="880" VPOS="682" WIDTH="33" HEIGHT="27" CONTENT="of" WC="1.00" CC="00"/>
						<SP ID="P106_SP00072" HPOS="913" VPOS="718" WIDTH="19"/>
						<String ID="P106_ST00082" HPOS="932" VPOS="683" WIDTH="51" HEIGHT="26" CONTENT="the" WC="0.84" CC="040"/>
						<SP ID="P106_SP00073" HPOS="983" VPOS="718" WIDTH="23"/>
						<String ID="P106_ST00083" HPOS="1006" VPOS="684" WIDTH="116" HEIGHT="31" CONTENT="beadle," WC="0.89" CC="6000001"/>
						<SP ID="P106_SP00074" HPOS="1122" VPOS="718" WIDTH="23"/>
						<String ID="P106_ST00084" HPOS="1145" VPOS="683" WIDTH="50" HEIGHT="26" CONTENT="the" WC="0.87" CC="030"/>
						<SP ID="P106_SP00075" HPOS="1195" VPOS="718" WIDTH="24"/>
						<String ID="P106_ST00085" HPOS="1219" VPOS="682" WIDTH="237" HEIGHT="33" CONTENT="commissioner," WC="0.83" CC="0060300003044"/>
						<SP ID="P106_SP00076" HPOS="1456" VPOS="718" WIDTH="21"/>
						<String ID="P106_ST00086" HPOS="1477" VPOS="682" WIDTH="52" HEIGHT="27" CONTENT="the" WC="0.47" CC="960"/>
					</TextLine>
					<TextLine ID="P106_TL00011" HPOS="363" VPOS="733" WIDTH="517" HEIGHT="35">
						<String ID="P106_ST00087" HPOS="363" VPOS="734" WIDTH="179" HEIGHT="34" CONTENT="policeman," WC="0.88" CC="0000000803"/>
						<SP ID="P106_SP00077" HPOS="542" VPOS="768" WIDTH="16"/>
						<String ID="P106_ST00088" HPOS="558" VPOS="734" WIDTH="58" HEIGHT="26" CONTENT="and" WC="1.00" CC="000"/>
						<SP ID="P106_SP00078" HPOS="616" VPOS="768" WIDTH="15"/>
						<String ID="P106_ST00089" HPOS="631" VPOS="734" WIDTH="50" HEIGHT="25" CONTENT="the" WC="0.75" CC="060"/>
						<SP ID="P106_SP00079" HPOS="681" VPOS="768" WIDTH="15"/>
						<String ID="P106_ST00090" HPOS="696" VPOS="733" WIDTH="184" HEIGHT="35" CONTENT="magistrate." WC="0.80" CC="00920000702"/>
					</TextLine>
				</TextBlock>
				<TextBlock ID="P106_TB00005" HPOS="363" VPOS="814" WIDTH="1164" HEIGHT="336" STYLEREFS="TXT_2 PAR_LEFT">
					<TextLine ID="P106_TL00012" HPOS="418" VPOS="814" WIDTH="1109" HEIGHT="38">
						<String ID="P106_ST00091" HPOS="418" VPOS="818" WIDTH="103" HEIGHT="27" CONTENT="While" WC="0.76" CC="06310"/>
						<SP ID="P106_SP00080" HPOS="521" VPOS="845" WIDTH="23"/>
						<String ID="P106_ST00092" HPOS="544" VPOS="818" WIDTH="50" HEIGHT="26" CONTENT="the" WC="0.75" CC="070"/>
						<SP ID="P106_SP00081" HPOS="594" VPOS="845" WIDTH="24"/>
						<String ID="P106_ST00093" HPOS="618" VPOS="817" WIDTH="156" HEIGHT="35" CONTENT="plebeians" WC="0.93" CC="000004010"/>
						<SP ID="P106_SP00082" HPOS="774" VPOS="852" WIDTH="26"/>
						<String ID="P106_ST00094" HPOS="800" VPOS="817" WIDTH="60" HEIGHT="26" CONTENT="had" WC="0.77" CC="600"/>
						<SP ID="P106_SP00083" HPOS="860" VPOS="852" WIDTH="27"/>
						<String ID="P106_ST00095" HPOS="887" VPOS="818" WIDTH="76" HEIGHT="25" CONTENT="been" WC="0.86" CC="3002"/>
						<SP ID="P106_SP00084" HPOS="963" VPOS="852" WIDTH="27"/>
						<String ID="P106_ST00096" HPOS="990" VPOS="816" WIDTH="123" HEIGHT="35" CONTENT="sulking" WC="0.61" CC="0210579"/>
						<SP ID="P106_SP00085" HPOS="1113" VPOS="852" WIDTH="26"/>
						<String ID="P106_ST00097" HPOS="1139" VPOS="825" WIDTH="39" HEIGHT="17" CONTENT="on" WC="0.98" CC="00"/>
						<SP ID="P106_SP00086" HPOS="1178" VPOS="852" WIDTH="23"/>
						<String ID="P106_ST00098" HPOS="1201" VPOS="816" WIDTH="51" HEIGHT="26" CONTENT="the" WC="0.48" CC="860"/>
						<SP ID="P106_SP00087" HPOS="1252" VPOS="852" WIDTH="25"/>
						<String ID="P106_ST00099" HPOS="1277" VPOS="816" WIDTH="89" HEIGHT="25" CONTENT="Mons" WC="0.95" CC="0100"/>
						<SP ID="P106_SP00088" HPOS="1366" VPOS="852" WIDTH="22"/>
						<String ID="P106_ST00100" HPOS="1388" VPOS="814" WIDTH="101" HEIGHT="34" CONTENT="Sacer," WC="0.78" CC="001333"/>
						<SP ID="P106_SP00089" HPOS="1489" VPOS="852" WIDTH="21"/>
						<String ID="P106_ST00101" HPOS="1510" VPOS="824" WIDTH="17" HEIGHT="17" CONTENT="a" WC="1.00" CC="0"/>
					</TextLine>
					<TextLine ID="P106_TL00013" HPOS="364" VPOS="866" WIDTH="1163" HEIGHT="38">
						<String ID="P106_ST00102" HPOS="364" VPOS="873" WIDTH="97" HEIGHT="31" CONTENT="treaty" WC="0.97" CC="010000"/>
						<SP ID="P106_SP00090" HPOS="461" VPOS="904" WIDTH="14"/>
						<String ID="P106_ST00103" HPOS="475" VPOS="868" WIDTH="134" HEIGHT="27" CONTENT="between" WC="0.93" CC="0000004"/>
						<SP ID="P106_SP00091" HPOS="609" VPOS="904" WIDTH="14"/>
						<String ID="P106_ST00104" HPOS="623" VPOS="868" WIDTH="51" HEIGHT="26" CONTENT="the" WC="0.76" CC="070"/>
						<SP ID="P106_SP00092" HPOS="674" VPOS="904" WIDTH="14"/>
						<String ID="P106_ST00105" HPOS="688" VPOS="867" WIDTH="105" HEIGHT="27" CONTENT="Latins" WC="0.74" CC="300650"/>
						<SP ID="P106_SP00093" HPOS="793" VPOS="904" WIDTH="16"/>
						<String ID="P106_ST00106" HPOS="809" VPOS="868" WIDTH="60" HEIGHT="25" CONTENT="and" WC="1.00" CC="000"/>
						<SP ID="P106_SP00094" HPOS="869" VPOS="904" WIDTH="18"/>
						<String ID="P106_ST00107" HPOS="887" VPOS="867" WIDTH="51" HEIGHT="27" CONTENT="the" WC="0.62" CC="640"/>
						<SP ID="P106_SP00095" HPOS="938" VPOS="904" WIDTH="14"/>
						<String ID="P106_ST00108" HPOS="952" VPOS="867" WIDTH="138" HEIGHT="26" CONTENT="Romans" WC="1.00" CC="000000"/>
						<SP ID="P106_SP00096" HPOS="1090" VPOS="904" WIDTH="17"/>
						<String ID="P106_ST00109" HPOS="1107" VPOS="867" WIDTH="61" HEIGHT="26" CONTENT="had" WC="0.80" CC="500"/>
						<SP ID="P106_SP00097" HPOS="1168" VPOS="904" WIDTH="18"/>
						<String ID="P106_ST00110" HPOS="1186" VPOS="868" WIDTH="76" HEIGHT="25" CONTENT="been" WC="0.95" CC="0002"/>
						<SP ID="P106_SP00098" HPOS="1262" VPOS="904" WIDTH="21"/>
						<String ID="P106_ST00111" HPOS="1283" VPOS="866" WIDTH="132" HEIGHT="35" CONTENT="brought" WC="0.76" CC="6300060"/>
						<SP ID="P106_SP00099" HPOS="1415" VPOS="904" WIDTH="21"/>
						<String ID="P106_ST00112" HPOS="1436" VPOS="867" WIDTH="91" HEIGHT="26" CONTENT="about" WC="0.88" CC="01040"/>
					</TextLine>
					<TextLine ID="P106_TL00014" HPOS="363" VPOS="916" WIDTH="1164" HEIGHT="39">
						<String ID="P106_ST00113" HPOS="363" VPOS="921" WIDTH="41" HEIGHT="34" CONTENT="by" WC="1.00" CC="00"/>
						<SP ID="P106_SP00100" HPOS="404" VPOS="955" WIDTH="23"/>
						<String ID="P106_ST00114" HPOS="427" VPOS="918" WIDTH="126" HEIGHT="35" CONTENT="Spurius" WC="0.90" CC="0000240"/>
						<SP ID="P106_SP00101" HPOS="553" VPOS="955" WIDTH="23"/>
						<String ID="P106_ST00115" HPOS="576" VPOS="918" WIDTH="129" HEIGHT="33" CONTENT="Cassius," WC="0.94" CC="00003001"/>
						<SP ID="P106_SP00102" HPOS="705" VPOS="955" WIDTH="24"/>
						<String ID="P106_ST00116" HPOS="729" VPOS="927" WIDTH="18" HEIGHT="18" CONTENT="a" WC="1.00" CC="0"/>
						<SP ID="P106_SP00103" HPOS="747" VPOS="955" WIDTH="23"/>
						<String ID="P106_ST00117" HPOS="770" VPOS="917" WIDTH="120" HEIGHT="34" CONTENT="Consul," WC="0.99" CC="0000000"/>
						<SP ID="P106_SP00104" HPOS="890" VPOS="955" WIDTH="21"/>
						<String ID="P106_ST00118" HPOS="911" VPOS="918" WIDTH="76" HEIGHT="32" CONTENT="who," WC="0.83" CC="0600"/>
						<SP ID="P106_SP00105" HPOS="987" VPOS="955" WIDTH="25"/>
						<String ID="P106_ST00119" HPOS="1012" VPOS="917" WIDTH="116" HEIGHT="35" CONTENT="though" WC="0.79" CC="060005"/>
						<SP ID="P106_SP00106" HPOS="1128" VPOS="955" WIDTH="23"/>
						<String ID="P106_ST00120" HPOS="1151" VPOS="917" WIDTH="48" HEIGHT="26" CONTENT="his" WC="0.58" CC="740"/>
						<SP ID="P106_SP00107" HPOS="1199" VPOS="955" WIDTH="22"/>
						<String ID="P106_ST00121" HPOS="1221" VPOS="925" WIDTH="90" HEIGHT="18" CONTENT="name" WC="0.89" CC="4000"/>
						<SP ID="P106_SP00108" HPOS="1311" VPOS="955" WIDTH="23"/>
						<String ID="P106_ST00122" HPOS="1334" VPOS="916" WIDTH="112" HEIGHT="26" CONTENT="sounds" WC="0.92" CC="005000"/>
						<SP ID="P106_SP00109" HPOS="1446" VPOS="955" WIDTH="20"/>
						<String ID="P106_ST00123" HPOS="1466" VPOS="917" WIDTH="61" HEIGHT="26" CONTENT="like" WC="0.96" CC="0010"/>
					</TextLine>
					<TextLine ID="P106_TL00015" HPOS="364" VPOS="966" WIDTH="1163" HEIGHT="36">
						<String ID="P106_ST00124" HPOS="364" VPOS="967" WIDTH="175" HEIGHT="28" CONTENT="counterfeit" WC="0.90" CC="10002000050"/>
						<SP ID="P106_SP00110" HPOS="539" VPOS="995" WIDTH="22"/>
						<String ID="P106_ST00125" HPOS="561" VPOS="967" WIDTH="76" HEIGHT="33" CONTENT="coin," WC="1.00" CC="00000"/>
						<SP ID="P106_SP00111" HPOS="637" VPOS="1000" WIDTH="22"/>
						<String ID="P106_ST00126" HPOS="659" VPOS="976" WIDTH="95" HEIGHT="18" CONTENT="seems" WC="0.94" CC="00030"/>
						<SP ID="P106_SP00112" HPOS="754" VPOS="1000" WIDTH="24"/>
						<String ID="P106_ST00127" HPOS="778" VPOS="972" WIDTH="30" HEIGHT="22" CONTENT="to" WC="0.82" CC="30"/>
						<SP ID="P106_SP00113" HPOS="808" VPOS="1000" WIDTH="23"/>
						<String ID="P106_ST00128" HPOS="831" VPOS="967" WIDTH="77" HEIGHT="27" CONTENT="have" WC="0.85" CC="5000"/>
						<SP ID="P106_SP00114" HPOS="908" VPOS="1000" WIDTH="21"/>
						<String ID="P106_ST00129" HPOS="929" VPOS="967" WIDTH="160" HEIGHT="34" CONTENT="possessed" WC="1.00" CC="000000000"/>
						<SP ID="P106_SP00115" HPOS="1089" VPOS="1001" WIDTH="20"/>
						<String ID="P106_ST00130" HPOS="1109" VPOS="976" WIDTH="18" HEIGHT="17" CONTENT="a" WC="1.00" CC="0"/>
						<SP ID="P106_SP00116" HPOS="1127" VPOS="1001" WIDTH="17"/>
						<String ID="P106_ST00131" HPOS="1144" VPOS="967" WIDTH="79" HEIGHT="35" CONTENT="good" WC="1.00" CC="0000"/>
						<SP ID="P106_SP00117" HPOS="1223" VPOS="1002" WIDTH="25"/>
						<String ID="P106_ST00132" HPOS="1248" VPOS="967" WIDTH="68" HEIGHT="25" CONTENT="deal" WC="0.96" CC="0001"/>
						<SP ID="P106_SP00118" HPOS="1316" VPOS="1002" WIDTH="22"/>
						<String ID="P106_ST00133" HPOS="1338" VPOS="966" WIDTH="33" HEIGHT="26" CONTENT="of" WC="1.00" CC="00"/>
						<SP ID="P106_SP00119" HPOS="1371" VPOS="1002" WIDTH="17"/>
						<String ID="P106_ST00134" HPOS="1388" VPOS="966" WIDTH="50" HEIGHT="27" CONTENT="the" WC="0.76" CC="150"/>
						<SP ID="P106_SP00120" HPOS="1438" VPOS="1002" WIDTH="24"/>
						<String ID="P106_ST00135" HPOS="1462" VPOS="970" WIDTH="65" HEIGHT="23" CONTENT="true" WC="0.96" CC="0010"/>
					</TextLine>
					<TextLine ID="P106_TL00016" HPOS="364" VPOS="1016" WIDTH="1163" HEIGHT="36">
						<String ID="P106_ST00136" HPOS="364" VPOS="1018" WIDTH="101" HEIGHT="26" CONTENT="metal." WC="0.94" CC="000030"/>
						<SP ID="P106_SP00121" HPOS="465" VPOS="1044" WIDTH="39"/>
						<String ID="P106_ST00137" HPOS="504" VPOS="1017" WIDTH="47" HEIGHT="35" CONTENT="By" WC="0.65" CC="60"/>
						<SP ID="P106_SP00122" HPOS="551" VPOS="1052" WIDTH="14"/>
						<String ID="P106_ST00138" HPOS="565" VPOS="1017" WIDTH="50" HEIGHT="27" CONTENT="the" WC="0.78" CC="060"/>
						<SP ID="P106_SP00123" HPOS="615" VPOS="1052" WIDTH="15"/>
						<String ID="P106_ST00139" HPOS="630" VPOS="1021" WIDTH="106" HEIGHT="31" CONTENT="treaty," WC="1.00" CC="0000000"/>
						<SP ID="P106_SP00124" HPOS="736" VPOS="1052" WIDTH="15"/>
						<String ID="P106_ST00140" HPOS="751" VPOS="1017" WIDTH="73" HEIGHT="26" CONTENT="both" WC="0.83" CC="0006"/>
						<SP ID="P106_SP00125" HPOS="824" VPOS="1052" WIDTH="15"/>
						<String ID="P106_ST00141" HPOS="839" VPOS="1017" WIDTH="119" HEIGHT="27" CONTENT="nations" WC="0.77" CC="4022060"/>
						<SP ID="P106_SP00126" HPOS="958" VPOS="1052" WIDTH="15"/>
						<String ID="P106_ST00142" HPOS="973" VPOS="1025" WIDTH="77" HEIGHT="19" CONTENT="were" WC="1.00" CC="0000"/>
						<SP ID="P106_SP00127" HPOS="1050" VPOS="1052" WIDTH="14"/>
						<String ID="P106_ST00143" HPOS="1064" VPOS="1020" WIDTH="31" HEIGHT="23" CONTENT="to" WC="1.00" CC="00"/>
						<SP ID="P106_SP00128" HPOS="1095" VPOS="1052" WIDTH="20"/>
						<String ID="P106_ST00144" HPOS="1115" VPOS="1017" WIDTH="37" HEIGHT="26" CONTENT="be" WC="0.81" CC="03"/>
						<SP ID="P106_SP00129" HPOS="1152" VPOS="1052" WIDTH="18"/>
						<String ID="P106_ST00145" HPOS="1170" VPOS="1017" WIDTH="110" HEIGHT="25" CONTENT="almost" WC="0.84" CC="060003"/>
						<SP ID="P106_SP00130" HPOS="1280" VPOS="1052" WIDTH="17"/>
						<String ID="P106_ST00146" HPOS="1297" VPOS="1016" WIDTH="127" HEIGHT="35" CONTENT="entirely" WC="0.79" CC="05920000"/>
						<SP ID="P106_SP00131" HPOS="1424" VPOS="1052" WIDTH="14"/>
						<String ID="P106_ST00147" HPOS="1438" VPOS="1017" WIDTH="89" HEIGHT="33" CONTENT="equal" WC="0.86" CC="00700"/>
					</TextLine>
					<TextLine ID="P106_TL00017" HPOS="364" VPOS="1066" WIDTH="1163" HEIGHT="36">
						<String ID="P106_ST00148" HPOS="364" VPOS="1067" WIDTH="30" HEIGHT="27" CONTENT="in" WC="0.79" CC="40"/>
						<SP ID="P106_SP00132" HPOS="394" VPOS="1094" WIDTH="15"/>
						<String ID="P106_ST00149" HPOS="409" VPOS="1076" WIDTH="88" HEIGHT="26" CONTENT="every" WC="0.92" CC="00040"/>
						<SP ID="P106_SP00133" HPOS="497" VPOS="1102" WIDTH="13"/>
						<String ID="P106_ST00150" HPOS="510" VPOS="1071" WIDTH="116" HEIGHT="29" CONTENT="respect" WC="0.97" CC="2000000"/>
						<String ID="P106_ST00151" HPOS="637" VPOS="1077" WIDTH="5" HEIGHT="20" CONTENT=";" WC="0.55" CC="4"/>
						<SP ID="P106_SP00134" HPOS="642" VPOS="1102" WIDTH="23"/>
						<String ID="P106_ST00152" HPOS="665" VPOS="1067" WIDTH="68" HEIGHT="32" CONTENT="and," WC="0.78" CC="0502"/>
						<SP ID="P106_SP00135" HPOS="733" VPOS="1102" WIDTH="15"/>
						<String ID="P106_ST00153" HPOS="748" VPOS="1075" WIDTH="75" HEIGHT="18" CONTENT="even" WC="0.88" CC="0004"/>
						<SP ID="P106_SP00136" HPOS="823" VPOS="1102" WIDTH="14"/>
						<String ID="P106_ST00154" HPOS="837" VPOS="1066" WIDTH="72" HEIGHT="27" CONTENT="with" WC="0.75" CC="0405"/>
						<SP ID="P106_SP00137" HPOS="909" VPOS="1102" WIDTH="15"/>
						<String ID="P106_ST00155" HPOS="924" VPOS="1066" WIDTH="107" HEIGHT="35" CONTENT="regard" WC="0.96" CC="200000"/>
						<SP ID="P106_SP00138" HPOS="1031" VPOS="1102" WIDTH="15"/>
						<String ID="P106_ST00156" HPOS="1046" VPOS="1070" WIDTH="30" HEIGHT="22" CONTENT="to" WC="1.00" CC="00"/>
						<SP ID="P106_SP00139" HPOS="1076" VPOS="1102" WIDTH="20"/>
						<String ID="P106_ST00157" HPOS="1096" VPOS="1066" WIDTH="102" HEIGHT="35" CONTENT="booty," WC="0.89" CC="000302"/>
						<SP ID="P106_SP00140" HPOS="1198" VPOS="1102" WIDTH="15"/>
						<String ID="P106_ST00158" HPOS="1213" VPOS="1066" WIDTH="72" HEIGHT="35" CONTENT="they" WC="0.89" CC="3100"/>
						<SP ID="P106_SP00141" HPOS="1285" VPOS="1102" WIDTH="14"/>
						<String ID="P106_ST00159" HPOS="1299" VPOS="1074" WIDTH="77" HEIGHT="18" CONTENT="were" WC="0.91" CC="0030"/>
						<SP ID="P106_SP00142" HPOS="1376" VPOS="1102" WIDTH="14"/>
						<String ID="P106_ST00160" HPOS="1390" VPOS="1070" WIDTH="31" HEIGHT="22" CONTENT="to" WC="1.00" CC="00"/>
						<SP ID="P106_SP00143" HPOS="1421" VPOS="1102" WIDTH="14"/>
						<String ID="P106_ST00161" HPOS="1435" VPOS="1066" WIDTH="37" HEIGHT="26" CONTENT="be" WC="1.00" CC="00"/>
						<SP ID="P106_SP00144" HPOS="1472" VPOS="1102" WIDTH="15"/>
						<String ID="P106_ST00162" HPOS="1487" VPOS="1074" WIDTH="40" HEIGHT="19" CONTENT="on" WC="0.84" CC="03"/>
					</TextLine>
					<TextLine ID="P106_TL00018" HPOS="364" VPOS="1116" WIDTH="284" HEIGHT="34">
						<String ID="P106_ST00163" HPOS="364" VPOS="1118" WIDTH="51" HEIGHT="26" CONTENT="the" WC="0.75" CC="070"/>
						<SP ID="P106_SP00145" HPOS="415" VPOS="1144" WIDTH="14"/>
						<String ID="P106_ST00164" HPOS="429" VPOS="1125" WIDTH="81" HEIGHT="19" CONTENT="same" WC="1.00" CC="0000"/>
						<SP ID="P106_SP00146" HPOS="510" VPOS="1144" WIDTH="14"/>
						<String ID="P106_ST00165" HPOS="524" VPOS="1116" WIDTH="124" HEIGHT="34" CONTENT="footing." WC="0.97" CC="00002000"/>
					</TextLine>
				</TextBlock>
				<TextBlock ID="P106_TB00006" HPOS="359" VPOS="1197" WIDTH="1165" HEIGHT="876" STYLEREFS="TXT_2 PAR_LEFT">
					<TextLine ID="P106_TL00019" HPOS="421" VPOS="1197" WIDTH="1103" HEIGHT="35">
						<String ID="P106_ST00166" HPOS="421" VPOS="1198" WIDTH="47" HEIGHT="34" CONTENT="By" WC="0.70" CC="50"/>
						<SP ID="P106_SP00147" HPOS="468" VPOS="1232" WIDTH="17"/>
						<String ID="P106_ST00167" HPOS="485" VPOS="1197" WIDTH="125" HEIGHT="26" CONTENT="another" WC="0.88" CC="0001501"/>
						<SP ID="P106_SP00148" HPOS="610" VPOS="1232" WIDTH="16"/>
						<String ID="P106_ST00168" HPOS="626" VPOS="1197" WIDTH="100" HEIGHT="26" CONTENT="clause" WC="0.85" CC="030300"/>
						<SP ID="P106_SP00149" HPOS="726" VPOS="1232" WIDTH="21"/>
						<String ID="P106_ST00169" HPOS="747" VPOS="1197" WIDTH="31" HEIGHT="26" CONTENT="in" WC="1.00" CC="00"/>
						<SP ID="P106_SP00150" HPOS="778" VPOS="1232" WIDTH="24"/>
						<String ID="P106_ST00170" HPOS="802" VPOS="1198" WIDTH="50" HEIGHT="25" CONTENT="the" WC="0.82" CC="050"/>
						<SP ID="P106_SP00151" HPOS="852" VPOS="1232" WIDTH="19"/>
						<String ID="P106_ST00171" HPOS="871" VPOS="1197" WIDTH="69" HEIGHT="33" CONTENT="Act," WC="0.91" CC="0003"/>
						<SP ID="P106_SP00152" HPOS="940" VPOS="1232" WIDTH="22"/>
						<String ID="P106_ST00172" HPOS="962" VPOS="1198" WIDTH="85" HEIGHT="26" CONTENT="those" WC="0.85" CC="07000"/>
						<SP ID="P106_SP00153" HPOS="1047" VPOS="1232" WIDTH="21"/>
						<String ID="P106_ST00173" HPOS="1068" VPOS="1198" WIDTH="149" HEIGHT="27" CONTENT="insolvent" WC="0.86" CC="050060000"/>
						<SP ID="P106_SP00154" HPOS="1217" VPOS="1232" WIDTH="18"/>
						<String ID="P106_ST00174" HPOS="1235" VPOS="1199" WIDTH="120" HEIGHT="26" CONTENT="debtors" WC="0.99" CC="0000000"/>
						<SP ID="P106_SP00155" HPOS="1355" VPOS="1232" WIDTH="21"/>
						<String ID="P106_ST00175" HPOS="1376" VPOS="1199" WIDTH="67" HEIGHT="27" CONTENT="who" WC="0.76" CC="070"/>
						<SP ID="P106_SP00156" HPOS="1443" VPOS="1232" WIDTH="22"/>
						<String ID="P106_ST00176" HPOS="1465" VPOS="1199" WIDTH="59" HEIGHT="27" CONTENT="had" WC="0.77" CC="600"/>
					</TextLine>
					<TextLine ID="P106_TL00020" HPOS="366" VPOS="1246" WIDTH="1158" HEIGHT="36">
						<String ID="P106_ST00177" HPOS="366" VPOS="1249" WIDTH="75" HEIGHT="24" CONTENT="been" WC="1.00" CC="0000"/>
						<SP ID="P106_SP00157" HPOS="441" VPOS="1273" WIDTH="28"/>
						<String ID="P106_ST00178" HPOS="469" VPOS="1247" WIDTH="158" HEIGHT="26" CONTENT="converted" WC="0.94" CC="000004000"/>
						<SP ID="P106_SP00158" HPOS="627" VPOS="1273" WIDTH="24"/>
						<String ID="P106_ST00179" HPOS="651" VPOS="1246" WIDTH="63" HEIGHT="26" CONTENT="into" WC="0.75" CC="0090"/>
						<SP ID="P106_SP00159" HPOS="714" VPOS="1273" WIDTH="24"/>
						<String ID="P106_ST00180" HPOS="738" VPOS="1249" WIDTH="17" HEIGHT="11" CONTENT='"' WC="1.00" CC="0"/>
						<SP ID="P106_SP00160" HPOS="755" VPOS="1273" WIDTH="10"/>
						<String ID="P106_ST00181" HPOS="765" VPOS="1247" WIDTH="150" HEIGHT="35" CONTENT="alarming" WC="0.90" CC="00031030"/>
						<SP ID="P106_SP00161" HPOS="915" VPOS="1282" WIDTH="24"/>
						<String ID="P106_ST00182" HPOS="939" VPOS="1247" WIDTH="147" HEIGHT="27" CONTENT="sacrifices" WC="0.91" CC="0003022000"/>
						<SP ID="P106_SP00162" HPOS="1086" VPOS="1282" WIDTH="13"/>
						<String ID="P106_ST00183" HPOS="1099" VPOS="1248" WIDTH="4" HEIGHT="26" CONTENT="!" WC="1.00" CC="0"/>
						<SP ID="P106_SP00163" HPOS="1103" VPOS="1282" WIDTH="13"/>
						<String ID="P106_ST00184" HPOS="1116" VPOS="1248" WIDTH="15" HEIGHT="8" CONTENT='"' WC="0.64" CC="3"/>
						<SP ID="P106_SP00164" HPOS="1131" VPOS="1282" WIDTH="26"/>
						<String ID="P106_ST00185" HPOS="1157" VPOS="1248" WIDTH="60" HEIGHT="25" CONTENT="and" WC="0.80" CC="050"/>
						<SP ID="P106_SP00165" HPOS="1217" VPOS="1282" WIDTH="23"/>
						<String ID="P106_ST00186" HPOS="1240" VPOS="1257" WIDTH="77" HEIGHT="17" CONTENT="were" WC="1.00" CC="0000"/>
						<SP ID="P106_SP00166" HPOS="1317" VPOS="1282" WIDTH="25"/>
						<String ID="P106_ST00187" HPOS="1342" VPOS="1249" WIDTH="128" HEIGHT="27" CONTENT="reduced" WC="0.93" CC="0004000"/>
						<SP ID="P106_SP00167" HPOS="1470" VPOS="1282" WIDTH="23"/>
						<String ID="P106_ST00188" HPOS="1493" VPOS="1253" WIDTH="31" HEIGHT="23" CONTENT="to" WC="0.76" CC="40"/>
					</TextLine>
					<TextLine ID="P106_TL00021" HPOS="366" VPOS="1295" WIDTH="1157" HEIGHT="38">
						<String ID="P106_ST00189" HPOS="366" VPOS="1297" WIDTH="125" HEIGHT="34" CONTENT="slavery," WC="0.86" CC="04000203"/>
						<SP ID="P106_SP00168" HPOS="491" VPOS="1331" WIDTH="14"/>
						<String ID="P106_ST00190" HPOS="505" VPOS="1297" WIDTH="127" HEIGHT="24" CONTENT="because" WC="0.97" CC="0000100"/>
						<SP ID="P106_SP00169" HPOS="632" VPOS="1331" WIDTH="15"/>
						<String ID="P106_ST00191" HPOS="647" VPOS="1295" WIDTH="77" HEIGHT="26" CONTENT="their" WC="0.80" CC="04050"/>
						<SP ID="P106_SP00170" HPOS="724" VPOS="1331" WIDTH="13"/>
						<String ID="P106_ST00192" HPOS="737" VPOS="1295" WIDTH="143" HEIGHT="27" CONTENT="creditors" WC="0.71" CC="040644500"/>
						<SP ID="P106_SP00171" HPOS="880" VPOS="1331" WIDTH="15"/>
						<String ID="P106_ST00193" HPOS="895" VPOS="1299" WIDTH="17" HEIGHT="11" CONTENT='"' WC="1.00" CC="0"/>
						<SP ID="P106_SP00172" HPOS="912" VPOS="1331" WIDTH="12"/>
						<String ID="P106_ST00194" HPOS="924" VPOS="1300" WIDTH="78" HEIGHT="23" CONTENT="must" WC="0.76" CC="0107"/>
						<SP ID="P106_SP00173" HPOS="1002" VPOS="1331" WIDTH="20"/>
						<String ID="P106_ST00195" HPOS="1022" VPOS="1297" WIDTH="77" HEIGHT="26" CONTENT="have" WC="0.74" CC="7020"/>
						<SP ID="P106_SP00174" HPOS="1099" VPOS="1331" WIDTH="19"/>
						<String ID="P106_ST00196" HPOS="1118" VPOS="1298" WIDTH="100" HEIGHT="31" CONTENT='cash,"' WC="0.79" CC="000705"/>
						<SP ID="P106_SP00175" HPOS="1218" VPOS="1331" WIDTH="17"/>
						<String ID="P106_ST00197" HPOS="1235" VPOS="1306" WIDTH="33" HEIGHT="18" CONTENT="or" WC="0.73" CC="05"/>
						<SP ID="P106_SP00176" HPOS="1268" VPOS="1331" WIDTH="18"/>
						<String ID="P106_ST00198" HPOS="1286" VPOS="1298" WIDTH="39" HEIGHT="26" CONTENT="its" WC="0.85" CC="400"/>
						<SP ID="P106_SP00177" HPOS="1325" VPOS="1331" WIDTH="17"/>
						<String ID="P106_ST00199" HPOS="1342" VPOS="1298" WIDTH="181" HEIGHT="35" CONTENT="equivalent," WC="0.88" CC="00050040020"/>
					</TextLine>
					<TextLine ID="P106_TL00022" HPOS="366" VPOS="1344" WIDTH="1157" HEIGHT="37">
						<String ID="P106_ST00200" HPOS="366" VPOS="1354" WIDTH="76" HEIGHT="17" CONTENT="were" WC="1.00" CC="0000"/>
						<SP ID="P106_SP00178" HPOS="442" VPOS="1371" WIDTH="14"/>
						<String ID="P106_ST00201" HPOS="456" VPOS="1345" WIDTH="131" HEIGHT="26" CONTENT="restored" WC="0.92" CC="00060000"/>
						<SP ID="P106_SP00179" HPOS="587" VPOS="1371" WIDTH="15"/>
						<String ID="P106_ST00202" HPOS="602" VPOS="1348" WIDTH="30" HEIGHT="23" CONTENT="to" WC="1.00" CC="00"/>
						<SP ID="P106_SP00180" HPOS="632" VPOS="1371" WIDTH="10"/>
						<String ID="P106_ST00203" HPOS="642" VPOS="1344" WIDTH="140" HEIGHT="26" CONTENT="freedom." WC="0.92" CC="60000000"/>
						<SP ID="P106_SP00181" HPOS="782" VPOS="1371" WIDTH="28"/>
						<String ID="P106_ST00204" HPOS="810" VPOS="1345" WIDTH="63" HEIGHT="26" CONTENT="The" WC="0.75" CC="240"/>
						<SP ID="P106_SP00182" HPOS="873" VPOS="1371" WIDTH="12"/>
						<String ID="P106_ST00205" HPOS="885" VPOS="1354" WIDTH="158" HEIGHT="27" CONTENT="ceremony" WC="1.00" CC="00000000"/>
						<SP ID="P106_SP00183" HPOS="1043" VPOS="1381" WIDTH="11"/>
						<String ID="P106_ST00206" HPOS="1054" VPOS="1346" WIDTH="33" HEIGHT="26" CONTENT="of" WC="1.00" CC="00"/>
						<SP ID="P106_SP00184" HPOS="1087" VPOS="1381" WIDTH="9"/>
						<String ID="P106_ST00207" HPOS="1096" VPOS="1347" WIDTH="219" HEIGHT="26" CONTENT="manumission" WC="0.97" CC="00000300000"/>
						<SP ID="P106_SP00185" HPOS="1315" VPOS="1381" WIDTH="8"/>
						<String ID="P106_ST00208" HPOS="1323" VPOS="1357" WIDTH="63" HEIGHT="17" CONTENT="was" WC="1.00" CC="000"/>
						<SP ID="P106_SP00186" HPOS="1386" VPOS="1381" WIDTH="12"/>
						<String ID="P106_ST00209" HPOS="1398" VPOS="1348" WIDTH="125" HEIGHT="33" CONTENT="curious," WC="0.71" CC="05450501"/>
					</TextLine>
					<TextLine ID="P106_TL00023" HPOS="366" VPOS="1394" WIDTH="1158" HEIGHT="40">
						<String ID="P106_ST00210" HPOS="366" VPOS="1394" WIDTH="60" HEIGHT="26" CONTENT="and" WC="0.90" CC="020"/>
						<SP ID="P106_SP00187" HPOS="426" VPOS="1420" WIDTH="13"/>
						<String ID="P106_ST00211" HPOS="439" VPOS="1394" WIDTH="166" HEIGHT="34" CONTENT="comprised" WC="0.94" CC="000014000"/>
						<SP ID="P106_SP00188" HPOS="605" VPOS="1428" WIDTH="15"/>
						<String ID="P106_ST00212" HPOS="620" VPOS="1403" WIDTH="31" HEIGHT="17" CONTENT="so" WC="1.00" CC="00"/>
						<SP ID="P106_SP00189" HPOS="651" VPOS="1428" WIDTH="15"/>
						<String ID="P106_ST00213" HPOS="666" VPOS="1403" WIDTH="91" HEIGHT="26" CONTENT="many" WC="0.93" CC="0020"/>
						<SP ID="P106_SP00190" HPOS="757" VPOS="1429" WIDTH="14"/>
						<String ID="P106_ST00214" HPOS="771" VPOS="1394" WIDTH="175" HEIGHT="35" CONTENT="indignities" WC="0.85" CC="02020009000"/>
						<SP ID="P106_SP00191" HPOS="946" VPOS="1429" WIDTH="16"/>
						<String ID="P106_ST00215" HPOS="962" VPOS="1396" WIDTH="77" HEIGHT="26" CONTENT="done" WC="1.00" CC="0000"/>
						<SP ID="P106_SP00192" HPOS="1039" VPOS="1429" WIDTH="19"/>
						<String ID="P106_ST00216" HPOS="1058" VPOS="1400" WIDTH="30" HEIGHT="22" CONTENT="to" WC="1.00" CC="00"/>
						<SP ID="P106_SP00193" HPOS="1088" VPOS="1429" WIDTH="21"/>
						<String ID="P106_ST00217" HPOS="1109" VPOS="1397" WIDTH="50" HEIGHT="25" CONTENT="the" WC="0.59" CC="560"/>
						<SP ID="P106_SP00194" HPOS="1159" VPOS="1429" WIDTH="21"/>
						<String ID="P106_ST00218" HPOS="1180" VPOS="1397" WIDTH="92" HEIGHT="32" CONTENT="slave," WC="0.64" CC="640703"/>
						<SP ID="P106_SP00195" HPOS="1272" VPOS="1429" WIDTH="16"/>
						<String ID="P106_ST00219" HPOS="1288" VPOS="1398" WIDTH="73" HEIGHT="32" CONTENT="that," WC="0.82" CC="05020"/>
						<SP ID="P106_SP00196" HPOS="1361" VPOS="1430" WIDTH="17"/>
						<String ID="P106_ST00220" HPOS="1378" VPOS="1398" WIDTH="146" HEIGHT="36" CONTENT="although" WC="0.70" CC="01060087"/>
					</TextLine>
					<TextLine ID="P106_TL00024" HPOS="365" VPOS="1444" WIDTH="1159" HEIGHT="37">
						<String ID="P106_ST00221" HPOS="365" VPOS="1444" WIDTH="68" HEIGHT="32" CONTENT="free," WC="0.88" CC="02003"/>
						<SP ID="P106_SP00197" HPOS="433" VPOS="1476" WIDTH="19"/>
						<String ID="P106_ST00222" HPOS="452" VPOS="1445" WIDTH="37" HEIGHT="25" CONTENT="he" WC="0.73" CC="50"/>
						<SP ID="P106_SP00198" HPOS="489" VPOS="1476" WIDTH="19"/>
						<String ID="P106_ST00223" HPOS="508" VPOS="1444" WIDTH="86" HEIGHT="26" CONTENT="could" WC="1.00" CC="00000"/>
						<SP ID="P106_SP00199" HPOS="594" VPOS="1476" WIDTH="21"/>
						<String ID="P106_ST00224" HPOS="615" VPOS="1448" WIDTH="51" HEIGHT="22" CONTENT="not" WC="0.61" CC="209"/>
						<SP ID="P106_SP00200" HPOS="666" VPOS="1476" WIDTH="18"/>
						<String ID="P106_ST00225" HPOS="684" VPOS="1444" WIDTH="77" HEIGHT="26" CONTENT="have" WC="0.84" CC="6000"/>
						<SP ID="P106_SP00201" HPOS="761" VPOS="1476" WIDTH="18"/>
						<String ID="P106_ST00226" HPOS="779" VPOS="1445" WIDTH="76" HEIGHT="25" CONTENT="been" WC="1.00" CC="0000"/>
						<SP ID="P106_SP00202" HPOS="855" VPOS="1476" WIDTH="14"/>
						<String ID="P106_ST00227" HPOS="869" VPOS="1454" WIDTH="72" HEIGHT="26" CONTENT="very" WC="1.00" CC="0000"/>
						<SP ID="P106_SP00203" HPOS="941" VPOS="1480" WIDTH="14"/>
						<String ID="P106_ST00228" HPOS="955" VPOS="1454" WIDTH="73" HEIGHT="27" CONTENT="easy" WC="1.00" CC="0000"/>
						<SP ID="P106_SP00204" HPOS="1028" VPOS="1481" WIDTH="18"/>
						<String ID="P106_ST00229" HPOS="1046" VPOS="1447" WIDTH="95" HEIGHT="25" CONTENT="under" WC="0.92" CC="00003"/>
						<SP ID="P106_SP00205" HPOS="1141" VPOS="1481" WIDTH="18"/>
						<String ID="P106_ST00230" HPOS="1159" VPOS="1446" WIDTH="51" HEIGHT="26" CONTENT="the" WC="0.75" CC="070"/>
						<SP ID="P106_SP00206" HPOS="1210" VPOS="1481" WIDTH="18"/>
						<String ID="P106_ST00231" HPOS="1228" VPOS="1455" WIDTH="130" HEIGHT="26" CONTENT="process." WC="1.00" CC="00000000"/>
						<SP ID="P106_SP00207" HPOS="1358" VPOS="1481" WIDTH="41"/>
						<String ID="P106_ST00232" HPOS="1399" VPOS="1447" WIDTH="50" HEIGHT="27" CONTENT="He" WC="0.77" CC="40"/>
						<SP ID="P106_SP00208" HPOS="1449" VPOS="1481" WIDTH="13"/>
						<String ID="P106_ST00233" HPOS="1462" VPOS="1457" WIDTH="62" HEIGHT="18" CONTENT="was" WC="0.72" CC="610"/>
					</TextLine>
					<TextLine ID="P106_TL00025" HPOS="365" VPOS="1493" WIDTH="1159" HEIGHT="37">
						<String ID="P106_ST00234" HPOS="365" VPOS="1494" WIDTH="63" HEIGHT="25" CONTENT="first" WC="0.63" CC="33308"/>
						<SP ID="P106_SP00209" HPOS="428" VPOS="1519" WIDTH="15"/>
						<String ID="P106_ST00235" HPOS="443" VPOS="1494" WIDTH="89" HEIGHT="25" CONTENT="taken" WC="0.94" CC="00003"/>
						<SP ID="P106_SP00210" HPOS="532" VPOS="1519" WIDTH="14"/>
						<String ID="P106_ST00236" HPOS="546" VPOS="1493" WIDTH="99" HEIGHT="26" CONTENT="before" WC="0.89" CC="600000"/>
						<SP ID="P106_SP00211" HPOS="645" VPOS="1519" WIDTH="15"/>
						<String ID="P106_ST00237" HPOS="660" VPOS="1494" WIDTH="50" HEIGHT="26" CONTENT="the" WC="0.76" CC="070"/>
						<SP ID="P106_SP00212" HPOS="710" VPOS="1520" WIDTH="15"/>
						<String ID="P106_ST00238" HPOS="725" VPOS="1494" WIDTH="111" HEIGHT="26" CONTENT="Consul" WC="0.82" CC="004050"/>
						<SP ID="P106_SP00213" HPOS="836" VPOS="1520" WIDTH="14"/>
						<String ID="P106_ST00239" HPOS="850" VPOS="1495" WIDTH="41" HEIGHT="35" CONTENT="by" WC="1.00" CC="00"/>
						<SP ID="P106_SP00214" HPOS="891" VPOS="1530" WIDTH="13"/>
						<String ID="P106_ST00240" HPOS="904" VPOS="1495" WIDTH="48" HEIGHT="26" CONTENT="his" WC="0.66" CC="630"/>
						<SP ID="P106_SP00215" HPOS="952" VPOS="1530" WIDTH="14"/>
						<String ID="P106_ST00241" HPOS="966" VPOS="1499" WIDTH="119" HEIGHT="29" CONTENT="master," WC="0.83" CC="0005023"/>
						<SP ID="P106_SP00216" HPOS="1085" VPOS="1530" WIDTH="16"/>
						<String ID="P106_ST00242" HPOS="1101" VPOS="1496" WIDTH="66" HEIGHT="26" CONTENT="who" WC="0.82" CC="050"/>
						<SP ID="P106_SP00217" HPOS="1167" VPOS="1530" WIDTH="21"/>
						<String ID="P106_ST00243" HPOS="1188" VPOS="1505" WIDTH="78" HEIGHT="25" CONTENT="gave" WC="1.00" CC="0000"/>
						<SP ID="P106_SP00218" HPOS="1266" VPOS="1530" WIDTH="17"/>
						<String ID="P106_ST00244" HPOS="1283" VPOS="1497" WIDTH="63" HEIGHT="26" CONTENT="him" WC="0.77" CC="600"/>
						<SP ID="P106_SP00219" HPOS="1346" VPOS="1530" WIDTH="15"/>
						<String ID="P106_ST00245" HPOS="1361" VPOS="1506" WIDTH="17" HEIGHT="17" CONTENT="a" WC="1.00" CC="0"/>
						<SP ID="P106_SP00220" HPOS="1378" VPOS="1530" WIDTH="15"/>
						<String ID="P106_ST00246" HPOS="1393" VPOS="1498" WIDTH="78" HEIGHT="26" CONTENT="blow" WC="0.85" CC="0500"/>
						<SP ID="P106_SP00221" HPOS="1471" VPOS="1530" WIDTH="15"/>
						<String ID="P106_ST00247" HPOS="1486" VPOS="1507" WIDTH="38" HEIGHT="18" CONTENT="on" WC="1.00" CC="00"/>
					</TextLine>
					<TextLine ID="P106_TL00026" HPOS="365" VPOS="1543" WIDTH="1158" HEIGHT="39">
						<String ID="P106_ST00248" HPOS="365" VPOS="1544" WIDTH="50" HEIGHT="25" CONTENT="the" WC="0.82" CC="040"/>
						<SP ID="P106_SP00222" HPOS="415" VPOS="1569" WIDTH="14"/>
						<String ID="P106_ST00249" HPOS="429" VPOS="1543" WIDTH="100" HEIGHT="31" CONTENT="cheek," WC="0.86" CC="050002"/>
						<SP ID="P106_SP00223" HPOS="529" VPOS="1574" WIDTH="15"/>
						<String ID="P106_ST00250" HPOS="544" VPOS="1543" WIDTH="96" HEIGHT="26" CONTENT="which" WC="0.76" CC="04205"/>
						<SP ID="P106_SP00224" HPOS="640" VPOS="1574" WIDTH="15"/>
						<String ID="P106_ST00251" HPOS="655" VPOS="1552" WIDTH="60" HEIGHT="17" CONTENT="was" WC="0.67" CC="900"/>
						<SP ID="P106_SP00225" HPOS="715" VPOS="1574" WIDTH="15"/>
						<String ID="P106_ST00252" HPOS="730" VPOS="1544" WIDTH="100" HEIGHT="26" CONTENT="rather" WC="0.84" CC="200600"/>
						<SP ID="P106_SP00226" HPOS="830" VPOS="1574" WIDTH="15"/>
						<String ID="P106_ST00253" HPOS="845" VPOS="1552" WIDTH="17" HEIGHT="17" CONTENT="a" WC="1.00" CC="0"/>
						<SP ID="P106_SP00227" HPOS="862" VPOS="1574" WIDTH="13"/>
						<String ID="P106_ST00254" HPOS="875" VPOS="1544" WIDTH="213" HEIGHT="27" CONTENT="back-handed" WC="0.94" CC="00000600000"/>
						<SP ID="P106_SP00228" HPOS="1088" VPOS="1574" WIDTH="14"/>
						<String ID="P106_ST00255" HPOS="1102" VPOS="1546" WIDTH="88" HEIGHT="25" CONTENT="mode" WC="1.00" CC="0000"/>
						<SP ID="P106_SP00229" HPOS="1190" VPOS="1574" WIDTH="15"/>
						<String ID="P106_ST00256" HPOS="1205" VPOS="1546" WIDTH="34" HEIGHT="26" CONTENT="of" WC="1.00" CC="00"/>
						<SP ID="P106_SP00230" HPOS="1239" VPOS="1574" WIDTH="10"/>
						<String ID="P106_ST00257" HPOS="1249" VPOS="1547" WIDTH="126" HEIGHT="35" CONTENT="making" WC="0.57" CC="700349"/>
						<SP ID="P106_SP00231" HPOS="1375" VPOS="1582" WIDTH="14"/>
						<String ID="P106_ST00258" HPOS="1389" VPOS="1556" WIDTH="38" HEIGHT="17" CONTENT="an" WC="1.00" CC="00"/>
						<SP ID="P106_SP00232" HPOS="1427" VPOS="1582" WIDTH="16"/>
						<String ID="P106_ST00259" HPOS="1443" VPOS="1547" WIDTH="80" HEIGHT="27" CONTENT="inde" SUBS_TYPE="HypPart1" SUBS_CONTENT="independent" WC="0.84" CC="06000"/>
						<HYP CONTENT="-"/>
					</TextLine>
					<TextLine ID="P106_TL00027" HPOS="366" VPOS="1592" WIDTH="1156" HEIGHT="35">
						<String ID="P106_ST00260" HPOS="366" VPOS="1592" WIDTH="130" HEIGHT="35" CONTENT="pendent" SUBS_TYPE="HypPart2" SUBS_CONTENT="independent" WC="0.88" CC="0000008"/>
						<SP ID="P106_SP00233" HPOS="496" VPOS="1627" WIDTH="14"/>
						<String ID="P106_ST00261" HPOS="510" VPOS="1601" WIDTH="70" HEIGHT="18" CONTENT="man" WC="0.86" CC="004"/>
						<SP ID="P106_SP00234" HPOS="580" VPOS="1627" WIDTH="14"/>
						<String ID="P106_ST00262" HPOS="594" VPOS="1592" WIDTH="32" HEIGHT="27" CONTENT="of" WC="1.00" CC="00"/>
						<SP ID="P106_SP00235" HPOS="626" VPOS="1627" WIDTH="11"/>
						<String ID="P106_ST00263" HPOS="637" VPOS="1592" WIDTH="71" HEIGHT="27" CONTENT="him." WC="0.80" CC="3400"/>
						<SP ID="P106_SP00236" HPOS="708" VPOS="1627" WIDTH="39"/>
						<String ID="P106_ST00264" HPOS="747" VPOS="1593" WIDTH="64" HEIGHT="26" CONTENT="The" WC="0.83" CC="050"/>
						<SP ID="P106_SP00237" HPOS="811" VPOS="1627" WIDTH="16"/>
						<String ID="P106_ST00265" HPOS="827" VPOS="1593" WIDTH="110" HEIGHT="26" CONTENT="Consul" WC="0.87" CC="006010"/>
						<SP ID="P106_SP00238" HPOS="937" VPOS="1627" WIDTH="21"/>
						<String ID="P106_ST00266" HPOS="958" VPOS="1595" WIDTH="71" HEIGHT="25" CONTENT="then" WC="0.61" CC="8600"/>
						<SP ID="P106_SP00239" HPOS="1029" VPOS="1627" WIDTH="20"/>
						<String ID="P106_ST00267" HPOS="1049" VPOS="1595" WIDTH="61" HEIGHT="25" CONTENT="laid" WC="0.83" CC="2040"/>
						<SP ID="P106_SP00240" HPOS="1110" VPOS="1627" WIDTH="18"/>
						<String ID="P106_ST00268" HPOS="1128" VPOS="1595" WIDTH="47" HEIGHT="26" CONTENT="his" WC="0.65" CC="730"/>
						<SP ID="P106_SP00241" HPOS="1175" VPOS="1627" WIDTH="14"/>
						<String ID="P106_ST00269" HPOS="1189" VPOS="1597" WIDTH="89" HEIGHT="25" CONTENT="wand" WC="1.00" CC="0000"/>
						<SP ID="P106_SP00242" HPOS="1278" VPOS="1627" WIDTH="20"/>
						<String ID="P106_ST00270" HPOS="1298" VPOS="1597" WIDTH="90" HEIGHT="26" CONTENT="about" WC="0.65" CC="06009"/>
						<SP ID="P106_SP00243" HPOS="1388" VPOS="1627" WIDTH="22"/>
						<String ID="P106_ST00271" HPOS="1410" VPOS="1597" WIDTH="50" HEIGHT="27" CONTENT="the" WC="0.66" CC="370"/>
						<SP ID="P106_SP00244" HPOS="1460" VPOS="1627" WIDTH="21"/>
						<String ID="P106_ST00272" HPOS="1481" VPOS="1597" WIDTH="41" HEIGHT="27" CONTENT="in" SUBS_TYPE="HypPart1" SUBS_CONTENT="insolvent's" WC="0.75" CC="240"/>
						<HYP CONTENT="-"/>
					</TextLine>
					<TextLine ID="P106_TL00028" HPOS="366" VPOS="1641" WIDTH="1158" HEIGHT="40">
						<String ID="P106_ST00273" HPOS="366" VPOS="1641" WIDTH="140" HEIGHT="27" CONTENT="solvent's" SUBS_TYPE="HypPart2" SUBS_CONTENT="insolvent's" WC="0.95" CC="000000040"/>
						<SP ID="P106_SP00245" HPOS="506" VPOS="1668" WIDTH="20"/>
						<String ID="P106_ST00274" HPOS="526" VPOS="1642" WIDTH="87" HEIGHT="32" CONTENT="back," WC="1.00" CC="00000"/>
						<SP ID="P106_SP00246" HPOS="613" VPOS="1674" WIDTH="22"/>
						<String ID="P106_ST00275" HPOS="635" VPOS="1646" WIDTH="30" HEIGHT="22" CONTENT="at" WC="1.00" CC="00"/>
						<SP ID="P106_SP00247" HPOS="665" VPOS="1674" WIDTH="21"/>
						<String ID="P106_ST00276" HPOS="686" VPOS="1643" WIDTH="49" HEIGHT="25" CONTENT="the" WC="0.78" CC="060"/>
						<SP ID="P106_SP00248" HPOS="735" VPOS="1674" WIDTH="22"/>
						<String ID="P106_ST00277" HPOS="757" VPOS="1652" WIDTH="81" HEIGHT="16" CONTENT="same" WC="1.00" CC="0000"/>
						<SP ID="P106_SP00249" HPOS="838" VPOS="1674" WIDTH="23"/>
						<String ID="P106_ST00278" HPOS="861" VPOS="1643" WIDTH="71" HEIGHT="26" CONTENT="time" WC="0.89" CC="0040"/>
						<SP ID="P106_SP00250" HPOS="932" VPOS="1674" WIDTH="22"/>
						<String ID="P106_ST00279" HPOS="954" VPOS="1644" WIDTH="155" HEIGHT="35" CONTENT="declaring" WC="0.72" CC="010252670"/>
						<SP ID="P106_SP00251" HPOS="1109" VPOS="1679" WIDTH="19"/>
						<String ID="P106_ST00280" HPOS="1128" VPOS="1645" WIDTH="61" HEIGHT="26" CONTENT="him" WC="0.65" CC="531"/>
						<SP ID="P106_SP00252" HPOS="1189" VPOS="1679" WIDTH="21"/>
						<String ID="P106_ST00281" HPOS="1210" VPOS="1646" WIDTH="146" HEIGHT="35" CONTENT="perfectly" WC="0.93" CC="000000060"/>
						<SP ID="P106_SP00253" HPOS="1356" VPOS="1681" WIDTH="15"/>
						<String ID="P106_ST00282" HPOS="1371" VPOS="1646" WIDTH="70" HEIGHT="33" CONTENT="free," WC="0.95" CC="02000"/>
						<SP ID="P106_SP00254" HPOS="1441" VPOS="1681" WIDTH="24"/>
						<String ID="P106_ST00283" HPOS="1465" VPOS="1649" WIDTH="59" HEIGHT="25" CONTENT="and" WC="0.09" CC="979"/>
					</TextLine>
					<TextLine ID="P106_TL00029" HPOS="363" VPOS="1691" WIDTH="1161" HEIGHT="41">
						<String ID="P106_ST00284" HPOS="363" VPOS="1691" WIDTH="108" HEIGHT="35" CONTENT="telling" WC="0.69" CC="4004209"/>
						<SP ID="P106_SP00255" HPOS="471" VPOS="1726" WIDTH="9"/>
						<String ID="P106_ST00285" HPOS="480" VPOS="1691" WIDTH="61" HEIGHT="26" CONTENT="him" WC="0.68" CC="620"/>
						<SP ID="P106_SP00256" HPOS="541" VPOS="1726" WIDTH="10"/>
						<String ID="P106_ST00286" HPOS="551" VPOS="1695" WIDTH="31" HEIGHT="23" CONTENT="to" WC="1.00" CC="00"/>
						<SP ID="P106_SP00257" HPOS="582" VPOS="1726" WIDTH="14"/>
						<String ID="P106_ST00287" HPOS="596" VPOS="1700" WIDTH="39" HEIGHT="26" CONTENT="go" WC="1.00" CC="00"/>
						<SP ID="P106_SP00258" HPOS="635" VPOS="1726" WIDTH="11"/>
						<String ID="P106_ST00288" HPOS="646" VPOS="1692" WIDTH="90" HEIGHT="26" CONTENT="about" WC="0.90" CC="30010"/>
						<SP ID="P106_SP00259" HPOS="736" VPOS="1726" WIDTH="11"/>
						<String ID="P106_ST00289" HPOS="747" VPOS="1692" WIDTH="46" HEIGHT="26" CONTENT="his" WC="0.57" CC="750"/>
						<SP ID="P106_SP00260" HPOS="793" VPOS="1726" WIDTH="11"/>
						<String ID="P106_ST00290" HPOS="804" VPOS="1692" WIDTH="138" HEIGHT="27" CONTENT="business" WC="0.69" CC="66035020"/>
						<String ID="P106_ST00291" HPOS="945" VPOS="1710" WIDTH="33" HEIGHT="3" CONTENT="—" WC="0.20" CC="8"/>
						<String ID="P106_ST00292" HPOS="982" VPOS="1693" WIDTH="25" HEIGHT="25" CONTENT="if" WC="0.68" CC="14"/>
						<SP ID="P106_SP00261" HPOS="1007" VPOS="1726" WIDTH="8"/>
						<String ID="P106_ST00293" HPOS="1015" VPOS="1694" WIDTH="38" HEIGHT="25" CONTENT="he" WC="0.67" CC="60"/>
						<SP ID="P106_SP00262" HPOS="1053" VPOS="1726" WIDTH="15"/>
						<String ID="P106_ST00294" HPOS="1068" VPOS="1694" WIDTH="159" HEIGHT="35" CONTENT="happened" WC="0.94" CC="50000000"/>
						<SP ID="P106_SP00263" HPOS="1227" VPOS="1729" WIDTH="9"/>
						<String ID="P106_ST00295" HPOS="1236" VPOS="1699" WIDTH="30" HEIGHT="22" CONTENT="to" WC="1.00" CC="00"/>
						<SP ID="P106_SP00264" HPOS="1266" VPOS="1729" WIDTH="11"/>
						<String ID="P106_ST00296" HPOS="1277" VPOS="1696" WIDTH="78" HEIGHT="26" CONTENT="have" WC="0.83" CC="6000"/>
						<SP ID="P106_SP00265" HPOS="1355" VPOS="1729" WIDTH="11"/>
						<String ID="P106_ST00297" HPOS="1366" VPOS="1706" WIDTH="68" HEIGHT="26" CONTENT="any." WC="0.96" CC="0100"/>
						<SP ID="P106_SP00266" HPOS="1434" VPOS="1732" WIDTH="26"/>
						<String ID="P106_ST00298" HPOS="1460" VPOS="1698" WIDTH="64" HEIGHT="26" CONTENT="The" WC="0.79" CC="060"/>
					</TextLine>
					<TextLine ID="P106_TL00030" HPOS="364" VPOS="1741" WIDTH="1160" HEIGHT="42">
						<String ID="P106_ST00299" HPOS="364" VPOS="1741" WIDTH="125" HEIGHT="34" CONTENT="beating" WC="0.68" CC="6008510"/>
						<SP ID="P106_SP00267" HPOS="489" VPOS="1775" WIDTH="13"/>
						<String ID="P106_ST00300" HPOS="502" VPOS="1741" WIDTH="114" HEIGHT="35" CONTENT="having" WC="0.88" CC="600000"/>
						<SP ID="P106_SP00268" HPOS="616" VPOS="1776" WIDTH="14"/>
						<String ID="P106_ST00301" HPOS="630" VPOS="1742" WIDTH="75" HEIGHT="26" CONTENT="been" WC="0.98" CC="0000"/>
						<SP ID="P106_SP00269" HPOS="705" VPOS="1776" WIDTH="15"/>
						<String ID="P106_ST00302" HPOS="720" VPOS="1751" WIDTH="79" HEIGHT="26" CONTENT="gone" WC="1.00" CC="0000"/>
						<SP ID="P106_SP00270" HPOS="799" VPOS="1777" WIDTH="14"/>
						<String ID="P106_ST00303" HPOS="813" VPOS="1742" WIDTH="140" HEIGHT="36" CONTENT="through," WC="0.63" CC="55000872"/>
						<SP ID="P106_SP00271" HPOS="953" VPOS="1778" WIDTH="15"/>
						<String ID="P106_ST00304" HPOS="968" VPOS="1744" WIDTH="84" HEIGHT="25" CONTENT="there" WC="0.91" CC="04000"/>
						<SP ID="P106_SP00272" HPOS="1052" VPOS="1778" WIDTH="15"/>
						<String ID="P106_ST00305" HPOS="1067" VPOS="1752" WIDTH="61" HEIGHT="18" CONTENT="was" WC="1.00" CC="000"/>
						<SP ID="P106_SP00273" HPOS="1128" VPOS="1778" WIDTH="15"/>
						<String ID="P106_ST00306" HPOS="1143" VPOS="1744" WIDTH="61" HEIGHT="26" CONTENT="still" WC="0.82" CC="16001"/>
						<SP ID="P106_SP00274" HPOS="1204" VPOS="1778" WIDTH="18"/>
						<String ID="P106_ST00307" HPOS="1222" VPOS="1754" WIDTH="82" HEIGHT="17" CONTENT="more" WC="0.92" CC="0030"/>
						<SP ID="P106_SP00275" HPOS="1304" VPOS="1778" WIDTH="20"/>
						<String ID="P106_ST00308" HPOS="1324" VPOS="1746" WIDTH="152" HEIGHT="37" CONTENT="lathering" WC="0.73" CC="400600039"/>
						<SP ID="P106_SP00276" HPOS="1476" VPOS="1783" WIDTH="17"/>
						<String ID="P106_ST00309" HPOS="1493" VPOS="1751" WIDTH="31" HEIGHT="24" CONTENT="to" WC="1.00" CC="00"/>
					</TextLine>
					<TextLine ID="P106_TL00031" HPOS="362" VPOS="1790" WIDTH="1162" HEIGHT="39">
						<String ID="P106_ST00310" HPOS="362" VPOS="1791" WIDTH="38" HEIGHT="26" CONTENT="be" WC="1.00" CC="00"/>
						<SP ID="P106_SP00277" HPOS="400" VPOS="1817" WIDTH="21"/>
						<String ID="P106_ST00311" HPOS="421" VPOS="1791" WIDTH="130" HEIGHT="26" CONTENT="endured" WC="0.93" CC="0004000"/>
						<String ID="P106_ST00312" HPOS="561" VPOS="1801" WIDTH="5" HEIGHT="20" CONTENT=";" WC="0.40" CC="5"/>
						<SP ID="P106_SP00278" HPOS="566" VPOS="1821" WIDTH="23"/>
						<String ID="P106_ST00313" HPOS="589" VPOS="1790" WIDTH="44" HEIGHT="27" CONTENT="for" WC="0.79" CC="006"/>
						<SP ID="P106_SP00279" HPOS="633" VPOS="1821" WIDTH="18"/>
						<String ID="P106_ST00314" HPOS="651" VPOS="1791" WIDTH="50" HEIGHT="26" CONTENT="the" WC="0.75" CC="060"/>
						<SP ID="P106_SP00280" HPOS="701" VPOS="1821" WIDTH="18"/>
						<String ID="P106_ST00315" HPOS="719" VPOS="1791" WIDTH="78" HEIGHT="26" CONTENT="head" WC="0.81" CC="7000"/>
						<SP ID="P106_SP00281" HPOS="797" VPOS="1821" WIDTH="18"/>
						<String ID="P106_ST00316" HPOS="815" VPOS="1791" WIDTH="34" HEIGHT="27" CONTENT="of" WC="1.00" CC="00"/>
						<SP ID="P106_SP00282" HPOS="849" VPOS="1821" WIDTH="13"/>
						<String ID="P106_ST00317" HPOS="862" VPOS="1792" WIDTH="51" HEIGHT="26" CONTENT="the" WC="0.84" CC="040"/>
						<SP ID="P106_SP00283" HPOS="913" VPOS="1821" WIDTH="17"/>
						<String ID="P106_ST00318" HPOS="930" VPOS="1792" WIDTH="153" HEIGHT="26" CONTENT="freedman" WC="1.00" CC="00000000"/>
						<SP ID="P106_SP00284" HPOS="1083" VPOS="1821" WIDTH="18"/>
						<String ID="P106_ST00319" HPOS="1101" VPOS="1802" WIDTH="61" HEIGHT="17" CONTENT="was" WC="1.00" CC="000"/>
						<SP ID="P106_SP00285" HPOS="1162" VPOS="1821" WIDTH="22"/>
						<String ID="P106_ST00320" HPOS="1184" VPOS="1794" WIDTH="112" HEIGHT="35" CONTENT="closely" WC="0.83" CC="0700040"/>
						<SP ID="P106_SP00286" HPOS="1296" VPOS="1829" WIDTH="15"/>
						<String ID="P106_ST00321" HPOS="1311" VPOS="1795" WIDTH="121" HEIGHT="33" CONTENT="shaved," WC="0.87" CC="0600002"/>
						<SP ID="P106_SP00287" HPOS="1432" VPOS="1829" WIDTH="22"/>
						<String ID="P106_ST00322" HPOS="1454" VPOS="1806" WIDTH="32" HEIGHT="17" CONTENT="as" WC="1.00" CC="00"/>
						<SP ID="P106_SP00288" HPOS="1486" VPOS="1829" WIDTH="22"/>
						<String ID="P106_ST00323" HPOS="1508" VPOS="1807" WIDTH="16" HEIGHT="17" CONTENT="a" WC="1.00" CC="0"/>
					</TextLine>
					<TextLine ID="P106_TL00032" HPOS="363" VPOS="1840" WIDTH="1161" HEIGHT="37">
						<String ID="P106_ST00324" HPOS="363" VPOS="1840" WIDTH="183" HEIGHT="34" CONTENT="precaution," WC="0.84" CC="00000062061"/>
						<SP ID="P106_SP00289" HPOS="546" VPOS="1874" WIDTH="15"/>
						<String ID="P106_ST00325" HPOS="561" VPOS="1840" WIDTH="139" HEIGHT="34" CONTENT="perhaps," WC="0.84" CC="00250004"/>
						<SP ID="P106_SP00290" HPOS="700" VPOS="1874" WIDTH="17"/>
						<String ID="P106_ST00326" HPOS="717" VPOS="1840" WIDTH="119" HEIGHT="35" CONTENT="against" WC="0.95" CC="0003000"/>
						<SP ID="P106_SP00291" HPOS="836" VPOS="1875" WIDTH="15"/>
						<String ID="P106_ST00327" HPOS="851" VPOS="1841" WIDTH="46" HEIGHT="26" CONTENT="his" WC="0.79" CC="600"/>
						<SP ID="P106_SP00292" HPOS="897" VPOS="1875" WIDTH="15"/>
						<String ID="P106_ST00328" HPOS="912" VPOS="1841" WIDTH="95" HEIGHT="36" CONTENT="going" WC="0.88" CC="00500"/>
						<SP ID="P106_SP00293" HPOS="1007" VPOS="1877" WIDTH="13"/>
						<String ID="P106_ST00329" HPOS="1020" VPOS="1842" WIDTH="70" HEIGHT="25" CONTENT="mad" WC="1.00" CC="000"/>
						<SP ID="P106_SP00294" HPOS="1090" VPOS="1877" WIDTH="19"/>
						<String ID="P106_ST00330" HPOS="1109" VPOS="1851" WIDTH="38" HEIGHT="17" CONTENT="on" WC="1.00" CC="00"/>
						<SP ID="P106_SP00295" HPOS="1147" VPOS="1877" WIDTH="21"/>
						<String ID="P106_ST00331" HPOS="1168" VPOS="1844" WIDTH="50" HEIGHT="25" CONTENT="the" WC="0.82" CC="050"/>
						<SP ID="P106_SP00296" HPOS="1218" VPOS="1877" WIDTH="15"/>
						<String ID="P106_ST00332" HPOS="1233" VPOS="1844" WIDTH="181" HEIGHT="28" CONTENT="attainment" WC="0.83" CC="0006200007"/>
						<SP ID="P106_SP00297" HPOS="1414" VPOS="1877" WIDTH="14"/>
						<String ID="P106_ST00333" HPOS="1428" VPOS="1846" WIDTH="34" HEIGHT="26" CONTENT="of" WC="0.93" CC="10"/>
						<SP ID="P106_SP00298" HPOS="1462" VPOS="1877" WIDTH="15"/>
						<String ID="P106_ST00334" HPOS="1477" VPOS="1847" WIDTH="47" HEIGHT="26" CONTENT="his" WC="0.69" CC="530"/>
					</TextLine>
					<TextLine ID="P106_TL00033" HPOS="363" VPOS="1889" WIDTH="1161" HEIGHT="38">
						<String ID="P106_ST00335" HPOS="363" VPOS="1889" WIDTH="116" HEIGHT="35" CONTENT="liberty." WC="0.70" CC="54202900"/>
						<SP ID="P106_SP00299" HPOS="479" VPOS="1924" WIDTH="42"/>
						<String ID="P106_ST00336" HPOS="521" VPOS="1889" WIDTH="57" HEIGHT="26" CONTENT="His" WC="0.82" CC="500"/>
						<SP ID="P106_SP00300" HPOS="578" VPOS="1924" WIDTH="15"/>
						<String ID="P106_ST00337" HPOS="593" VPOS="1889" WIDTH="113" HEIGHT="27" CONTENT="release" WC="0.95" CC="3000000"/>
						<SP ID="P106_SP00301" HPOS="706" VPOS="1924" WIDTH="14"/>
						<String ID="P106_ST00338" HPOS="720" VPOS="1889" WIDTH="74" HEIGHT="27" CONTENT="from" WC="0.65" CC="0309"/>
						<SP ID="P106_SP00302" HPOS="794" VPOS="1924" WIDTH="20"/>
						<String ID="P106_ST00339" HPOS="814" VPOS="1890" WIDTH="46" HEIGHT="27" CONTENT="his" WC="0.82" CC="500"/>
						<SP ID="P106_SP00303" HPOS="860" VPOS="1924" WIDTH="18"/>
						<String ID="P106_ST00340" HPOS="878" VPOS="1891" WIDTH="105" HEIGHT="26" CONTENT="chains" WC="0.89" CC="060000"/>
						<SP ID="P106_SP00304" HPOS="983" VPOS="1924" WIDTH="13"/>
						<String ID="P106_ST00341" HPOS="996" VPOS="1900" WIDTH="61" HEIGHT="17" CONTENT="was" WC="0.81" CC="005"/>
						<SP ID="P106_SP00305" HPOS="1057" VPOS="1924" WIDTH="20"/>
						<String ID="P106_ST00342" HPOS="1077" VPOS="1896" WIDTH="51" HEIGHT="21" CONTENT="not" WC="0.57" CC="407"/>
						<SP ID="P106_SP00306" HPOS="1128" VPOS="1924" WIDTH="19"/>
						<String ID="P106_ST00343" HPOS="1147" VPOS="1894" WIDTH="148" HEIGHT="33" CONTENT="complete" WC="1.00" CC="00000000"/>
						<SP ID="P106_SP00307" HPOS="1295" VPOS="1927" WIDTH="18"/>
						<String ID="P106_ST00344" HPOS="1313" VPOS="1895" WIDTH="77" HEIGHT="26" CONTENT="until" WC="0.76" CC="35002"/>
						<SP ID="P106_SP00308" HPOS="1390" VPOS="1927" WIDTH="18"/>
						<String ID="P106_ST00345" HPOS="1408" VPOS="1896" WIDTH="38" HEIGHT="26" CONTENT="he" WC="0.71" CC="50"/>
						<SP ID="P106_SP00309" HPOS="1446" VPOS="1927" WIDTH="18"/>
						<String ID="P106_ST00346" HPOS="1464" VPOS="1897" WIDTH="60" HEIGHT="26" CONTENT="had" WC="0.90" CC="300"/>
					</TextLine>
					<TextLine ID="P106_TL00034" HPOS="361" VPOS="1938" WIDTH="1163" HEIGHT="35">
						<String ID="P106_ST00347" HPOS="361" VPOS="1939" WIDTH="77" HEIGHT="26" CONTENT="been" WC="0.92" CC="0003"/>
						<SP ID="P106_SP00310" HPOS="438" VPOS="1965" WIDTH="18"/>
						<String ID="P106_ST00348" HPOS="456" VPOS="1938" WIDTH="142" HEIGHT="34" CONTENT="deprived" WC="0.73" CC="00056900"/>
						<SP ID="P106_SP00311" HPOS="598" VPOS="1972" WIDTH="19"/>
						<String ID="P106_ST00349" HPOS="617" VPOS="1938" WIDTH="33" HEIGHT="26" CONTENT="of" WC="0.81" CC="03"/>
						<SP ID="P106_SP00312" HPOS="650" VPOS="1972" WIDTH="15"/>
						<String ID="P106_ST00350" HPOS="665" VPOS="1938" WIDTH="46" HEIGHT="27" CONTENT="his" WC="0.80" CC="500"/>
						<SP ID="P106_SP00313" HPOS="711" VPOS="1972" WIDTH="20"/>
						<String ID="P106_ST00351" HPOS="731" VPOS="1939" WIDTH="82" HEIGHT="27" CONTENT="locks" WC="1.00" CC="00000"/>
						<String ID="P106_ST00352" HPOS="822" VPOS="1950" WIDTH="6" HEIGHT="21" CONTENT=";" WC="0.91" CC="0"/>
						<SP ID="P106_SP00314" HPOS="828" VPOS="1972" WIDTH="23"/>
						<String ID="P106_ST00353" HPOS="851" VPOS="1940" WIDTH="59" HEIGHT="26" CONTENT="and" WC="0.82" CC="050"/>
						<SP ID="P106_SP00315" HPOS="910" VPOS="1972" WIDTH="19"/>
						<String ID="P106_ST00354" HPOS="929" VPOS="1944" WIDTH="30" HEIGHT="23" CONTENT="to" WC="1.00" CC="00"/>
						<SP ID="P106_SP00316" HPOS="959" VPOS="1972" WIDTH="20"/>
						<String ID="P106_ST00355" HPOS="979" VPOS="1950" WIDTH="98" HEIGHT="17" CONTENT="crown" WC="0.96" CC="02000"/>
						<SP ID="P106_SP00317" HPOS="1077" VPOS="1972" WIDTH="19"/>
						<String ID="P106_ST00356" HPOS="1096" VPOS="1942" WIDTH="49" HEIGHT="31" CONTENT="all," WC="0.91" CC="0002"/>
						<SP ID="P106_SP00318" HPOS="1145" VPOS="1973" WIDTH="20"/>
						<String ID="P106_ST00357" HPOS="1165" VPOS="1943" WIDTH="38" HEIGHT="25" CONTENT="he" WC="0.68" CC="60"/>
						<SP ID="P106_SP00319" HPOS="1203" VPOS="1973" WIDTH="16"/>
						<String ID="P106_ST00358" HPOS="1219" VPOS="1952" WIDTH="61" HEIGHT="18" CONTENT="was" WC="1.00" CC="000"/>
						<SP ID="P106_SP00320" HPOS="1280" VPOS="1973" WIDTH="21"/>
						<String ID="P106_ST00359" HPOS="1301" VPOS="1944" WIDTH="137" HEIGHT="28" CONTENT="invested" WC="0.93" CC="50000000"/>
						<SP ID="P106_SP00321" HPOS="1438" VPOS="1973" WIDTH="14"/>
						<String ID="P106_ST00360" HPOS="1452" VPOS="1947" WIDTH="72" HEIGHT="26" CONTENT="with" WC="1.00" CC="0000"/>
					</TextLine>
					<TextLine ID="P106_TL00035" HPOS="361" VPOS="1987" WIDTH="1163" HEIGHT="42">
						<String ID="P106_ST00361" HPOS="361" VPOS="1989" WIDTH="66" HEIGHT="26" CONTENT="that" WC="0.84" CC="0600"/>
						<SP ID="P106_SP00322" HPOS="427" VPOS="2015" WIDTH="19"/>
						<String ID="P106_ST00362" HPOS="446" VPOS="1989" WIDTH="126" HEIGHT="25" CONTENT="emblem" WC="0.97" CC="000100"/>
						<SP ID="P106_SP00323" HPOS="572" VPOS="2015" WIDTH="21"/>
						<String ID="P106_ST00363" HPOS="593" VPOS="1987" WIDTH="32" HEIGHT="27" CONTENT="of" WC="1.00" CC="00"/>
						<SP ID="P106_SP00324" HPOS="625" VPOS="2015" WIDTH="13"/>
						<String ID="P106_ST00364" HPOS="638" VPOS="1989" WIDTH="144" HEIGHT="35" CONTENT="butchery" WC="0.83" CC="00006007"/>
						<SP ID="P106_SP00325" HPOS="782" VPOS="2024" WIDTH="21"/>
						<String ID="P106_ST00365" HPOS="803" VPOS="1989" WIDTH="30" HEIGHT="26" CONTENT="in" WC="1.00" CC="00"/>
						<SP ID="P106_SP00326" HPOS="833" VPOS="2024" WIDTH="19"/>
						<String ID="P106_ST00366" HPOS="852" VPOS="1998" WIDTH="18" HEIGHT="18" CONTENT="a" WC="1.00" CC="0"/>
						<SP ID="P106_SP00327" HPOS="870" VPOS="2024" WIDTH="19"/>
						<String ID="P106_ST00367" HPOS="889" VPOS="1990" WIDTH="142" HEIGHT="34" CONTENT="political," WC="0.75" CC="0065024004"/>
						<SP ID="P106_SP00328" HPOS="1031" VPOS="2024" WIDTH="16"/>
						<String ID="P106_ST00368" HPOS="1047" VPOS="2000" WIDTH="32" HEIGHT="16" CONTENT="as" WC="1.00" CC="00"/>
						<SP ID="P106_SP00329" HPOS="1079" VPOS="2024" WIDTH="17"/>
						<String ID="P106_ST00369" HPOS="1096" VPOS="1992" WIDTH="68" HEIGHT="26" CONTENT="well" WC="0.85" CC="0023"/>
						<SP ID="P106_SP00330" HPOS="1164" VPOS="2024" WIDTH="20"/>
						<String ID="P106_ST00370" HPOS="1184" VPOS="2000" WIDTH="33" HEIGHT="18" CONTENT="as" WC="1.00" CC="00"/>
						<SP ID="P106_SP00331" HPOS="1217" VPOS="2024" WIDTH="21"/>
						<String ID="P106_ST00371" HPOS="1238" VPOS="2001" WIDTH="17" HEIGHT="17" CONTENT="a" WC="1.00" CC="0"/>
						<SP ID="P106_SP00332" HPOS="1255" VPOS="2024" WIDTH="21"/>
						<String ID="P106_ST00372" HPOS="1276" VPOS="1994" WIDTH="92" HEIGHT="26" CONTENT="social" WC="0.97" CC="000100"/>
						<SP ID="P106_SP00333" HPOS="1368" VPOS="2024" WIDTH="21"/>
						<String ID="P106_ST00373" HPOS="1389" VPOS="1995" WIDTH="85" HEIGHT="34" CONTENT="point" WC="0.85" CC="50100"/>
						<SP ID="P106_SP00334" HPOS="1474" VPOS="2029" WIDTH="22"/>
						<String ID="P106_ST00374" HPOS="1496" VPOS="1998" WIDTH="28" HEIGHT="25" CONTENT="of" WC="0.65" CC="07"/>
					</TextLine>
					<TextLine ID="P106_TL00036" HPOS="360" VPOS="2038" WIDTH="457" HEIGHT="35">
						<String ID="P106_ST00375" HPOS="360" VPOS="2038" WIDTH="84" HEIGHT="33" CONTENT="view," WC="0.88" CC="02003"/>
						<SP ID="P106_SP00335" HPOS="444" VPOS="2071" WIDTH="15"/>
						<String ID="P106_ST00376" HPOS="459" VPOS="2038" WIDTH="50" HEIGHT="26" CONTENT="the" WC="0.79" CC="060"/>
						<SP ID="P106_SP00336" HPOS="509" VPOS="2071" WIDTH="14"/>
						<String ID="P106_ST00377" HPOS="523" VPOS="2038" WIDTH="52" HEIGHT="26" CONTENT="red" WC="0.91" CC="200"/>
						<SP ID="P106_SP00337" HPOS="575" VPOS="2071" WIDTH="14"/>
						<String ID="P106_ST00378" HPOS="589" VPOS="2046" WIDTH="55" HEIGHT="26" CONTENT="cap" WC="1.00" CC="000"/>
						<SP ID="P106_SP00338" HPOS="644" VPOS="2072" WIDTH="15"/>
						<String ID="P106_ST00379" HPOS="659" VPOS="2038" WIDTH="33" HEIGHT="26" CONTENT="of" WC="1.00" CC="00"/>
						<SP ID="P106_SP00339" HPOS="692" VPOS="2072" WIDTH="9"/>
						<String ID="P106_ST00380" HPOS="701" VPOS="2038" WIDTH="116" HEIGHT="35" CONTENT="liberty." WC="0.78" CC="03604300"/>
					</TextLine>
				</TextBlock>
				<TextBlock ID="P106_TB00007" HPOS="360" VPOS="2120" WIDTH="1164" HEIGHT="89" STYLEREFS="TXT_2 PAR_LEFT">
					<TextLine ID="P106_TL00037" HPOS="416" VPOS="2120" WIDTH="1108" HEIGHT="39">
						<String ID="P106_ST00381" HPOS="416" VPOS="2120" WIDTH="120" HEIGHT="34" CONTENT="During" WC="0.72" CC="607300"/>
						<SP ID="P106_SP00340" HPOS="536" VPOS="2154" WIDTH="18"/>
						<String ID="P106_ST00382" HPOS="554" VPOS="2120" WIDTH="50" HEIGHT="26" CONTENT="the" WC="0.79" CC="060"/>
						<SP ID="P106_SP00341" HPOS="604" VPOS="2154" WIDTH="17"/>
						<String ID="P106_ST00383" HPOS="621" VPOS="2120" WIDTH="129" HEIGHT="27" CONTENT="internal" WC="0.84" CC="60000500"/>
						<SP ID="P106_SP00342" HPOS="750" VPOS="2154" WIDTH="22"/>
						<String ID="P106_ST00384" HPOS="772" VPOS="2122" WIDTH="134" HEIGHT="33" CONTENT="quarrels" WC="0.79" CC="06041040"/>
						<SP ID="P106_SP00343" HPOS="906" VPOS="2155" WIDTH="22"/>
						<String ID="P106_ST00385" HPOS="928" VPOS="2121" WIDTH="33" HEIGHT="28" CONTENT="of" WC="0.87" CC="02"/>
						<SP ID="P106_SP00344" HPOS="961" VPOS="2155" WIDTH="16"/>
						<String ID="P106_ST00386" HPOS="977" VPOS="2122" WIDTH="109" HEIGHT="34" CONTENT="Rome," WC="0.83" CC="00502"/>
						<SP ID="P106_SP00345" HPOS="1086" VPOS="2156" WIDTH="22"/>
						<String ID="P106_ST00387" HPOS="1108" VPOS="2123" WIDTH="182" HEIGHT="36" CONTENT="agriculture" WC="0.76" CC="50030041540"/>
						<SP ID="P106_SP00346" HPOS="1290" VPOS="2159" WIDTH="21"/>
						<String ID="P106_ST00388" HPOS="1311" VPOS="2126" WIDTH="60" HEIGHT="27" CONTENT="had" WC="0.75" CC="700"/>
						<SP ID="P106_SP00347" HPOS="1371" VPOS="2159" WIDTH="22"/>
						<String ID="P106_ST00389" HPOS="1393" VPOS="2127" WIDTH="77" HEIGHT="27" CONTENT="been" WC="0.95" CC="2000"/>
						<SP ID="P106_SP00348" HPOS="1470" VPOS="2159" WIDTH="21"/>
						<String ID="P106_ST00390" HPOS="1491" VPOS="2138" WIDTH="33" HEIGHT="18" CONTENT="so" WC="1.00" CC="00"/>
					</TextLine>
					<TextLine ID="P106_TL00038" HPOS="361" VPOS="2170" WIDTH="1163" HEIGHT="39">
						<String ID="P106_ST00391" HPOS="361" VPOS="2170" WIDTH="182" HEIGHT="35" CONTENT="thoroughly" WC="0.72" CC="0601050750"/>
						<SP ID="P106_SP00349" HPOS="543" VPOS="2205" WIDTH="15"/>
						<String ID="P106_ST00392" HPOS="558" VPOS="2170" WIDTH="165" HEIGHT="35" CONTENT="neglected," WC="0.90" CC="0001000052"/>
						<SP ID="P106_SP00350" HPOS="723" VPOS="2205" WIDTH="21"/>
						<String ID="P106_ST00393" HPOS="744" VPOS="2171" WIDTH="66" HEIGHT="27" CONTENT="that" WC="0.70" CC="5600"/>
						<SP ID="P106_SP00351" HPOS="810" VPOS="2205" WIDTH="15"/>
						<String ID="P106_ST00394" HPOS="825" VPOS="2171" WIDTH="51" HEIGHT="27" CONTENT="the" WC="0.81" CC="050"/>
						<SP ID="P106_SP00352" HPOS="876" VPOS="2205" WIDTH="20"/>
						<String ID="P106_ST00395" HPOS="896" VPOS="2171" WIDTH="119" HEIGHT="27" CONTENT="harvest" WC="0.77" CC="6027000"/>
						<SP ID="P106_SP00353" HPOS="1015" VPOS="2205" WIDTH="20"/>
						<String ID="P106_ST00396" HPOS="1035" VPOS="2173" WIDTH="60" HEIGHT="26" CONTENT="had" WC="0.78" CC="600"/>
						<SP ID="P106_SP00354" HPOS="1095" VPOS="2205" WIDTH="22"/>
						<String ID="P106_ST00397" HPOS="1117" VPOS="2174" WIDTH="179" HEIGHT="35" CONTENT="completely" WC="0.87" CC="0170300000"/>
						<SP ID="P106_SP00355" HPOS="1296" VPOS="2209" WIDTH="14"/>
						<String ID="P106_ST00398" HPOS="1310" VPOS="2175" WIDTH="91" HEIGHT="29" CONTENT="fallen" WC="0.83" CC="004401"/>
						<SP ID="P106_SP00356" HPOS="1401" VPOS="2209" WIDTH="21"/>
						<String ID="P106_ST00399" HPOS="1422" VPOS="2182" WIDTH="31" HEIGHT="22" CONTENT="to" WC="0.98" CC="00"/>
						<SP ID="P106_SP00357" HPOS="1453" VPOS="2209" WIDTH="21"/>
						<String ID="P106_ST00400" HPOS="1474" VPOS="2179" WIDTH="50" HEIGHT="27" CONTENT="the" WC="0.73" CC="061"/>
					</TextLine>
				</TextBlock>
			</PrintSpace>
		</Page>
	</Layout>
</alto>
