<?xml version="1.0" encoding="UTF-8"?>
<alto xmlns:xsi="http://www.w3.org/2001/XMLSchema-instance" xsi:noNamespaceSchemaLocation="http://www.bl.uk/schemas/alto/alto-1-4.xsd" xmlns:xlink="http://www.w3.org/1999/xlink">
	<Description>
		<MeasurementUnit>mm10</MeasurementUnit>
		<sourceImageInformation>
			<fileName>//head1/IN/2008-39/A0012093469/009078.jp2</fileName>
		</sourceImageInformation>
		<OCRProcessing ID="OCRPROCESSING_1">
			<preProcessingStep>
				<processingSoftware>
					<softwareCreator>CCS Content Conversion Specialists GmbH, Germany</softwareCreator>
					<softwareName>CCS docWORKS</softwareName>
					<softwareVersion>6.1-0.67</softwareVersion>
				</processingSoftware>
			</preProcessingStep>
			<ocrProcessingStep>
				<processingSoftware>
					<softwareCreator>ABBYY (BIT Software), Russia</softwareCreator>
					<softwareName>Finereader</softwareName>
				</processingSoftware>
			</ocrProcessingStep>
		</OCRProcessing>
	</Description>
	<Styles>
		<TextStyle ID="TXT_0" FONTSIZE="11" FONTFAMILY="Courier New"/>
		<TextStyle ID="TXT_1" FONTSIZE="9" FONTFAMILY="Courier New"/>
		<TextStyle ID="TXT_2" FONTSIZE="9" FONTFAMILY="Fraktur"/>
		<ParagraphStyle ID="PAR_RIGHT" ALIGN="Right"/>
		<ParagraphStyle ID="PAR_LEFT" ALIGN="Left"/>
	</Styles>
	<Layout>
		<Page ID="P222" PHYSICAL_IMG_NR="222" HEIGHT="2518" WIDTH="1698" PRINTED_IMG_NR="190" POSITION="Left" ACCURACY="88.02">
			<TopMargin ID="P222_TM00001" HPOS="0" VPOS="0" WIDTH="1698" HEIGHT="310">
				<TextBlock ID="P222_TB00001" HPOS="597" VPOS="253" WIDTH="633" HEIGHT="57" STYLEREFS="TXT_0 PAR_RIGHT">
					<TextLine ID="P222_TL00001" HPOS="598" VPOS="253" WIDTH="632" HEIGHT="57">
						<String ID="P222_ST00001" HPOS="598" VPOS="254" WIDTH="151" HEIGHT="46" CONTENT="Comic" WC="0.92" CC="00011"/>
						<SP ID="P222_SP00001" HPOS="749" VPOS="300" WIDTH="31"/>
						<String ID="P222_ST00002" HPOS="780" VPOS="254" WIDTH="192" HEIGHT="56" CONTENT="History" WC="0.82" CC="0407000"/>
						<SP ID="P222_SP00002" HPOS="972" VPOS="310" WIDTH="34"/>
						<String ID="P222_ST00003" HPOS="1006" VPOS="254" WIDTH="55" HEIGHT="56" CONTENT="of" WC="1.00" CC="00"/>
						<SP ID="P222_SP00003" HPOS="1061" VPOS="310" WIDTH="18"/>
						<String ID="P222_ST00004" HPOS="1079" VPOS="253" WIDTH="151" HEIGHT="43" CONTENT="Rome." WC="0.91" CC="03001"/>
					</TextLine>
				</TextBlock>
				<TextBlock ID="P222_TB00002" HPOS="1350" VPOS="270" WIDTH="150" HEIGHT="22" STYLEREFS="TXT_1 PAR_RIGHT">
					<TextLine ID="P222_TL00002" HPOS="1351" VPOS="270" WIDTH="149" HEIGHT="22">
						<String ID="P222_ST00005" HPOS="1351" VPOS="272" WIDTH="74" HEIGHT="20" CONTENT="[Chap." WC="0.72" CC="070080"/>
						<SP ID="P222_SP00004" HPOS="1425" VPOS="292" WIDTH="15"/>
						<String ID="P222_ST00006" HPOS="1440" VPOS="270" WIDTH="60" HEIGHT="18" CONTENT="XIV." WC="0.38" CC="9490"/>
					</TextLine>
				</TextBlock>
				<TextBlock ID="P222_TB00003" HPOS="344" VPOS="276" WIDTH="60" HEIGHT="29" STYLEREFS="TXT_2 PAR_LEFT">
					<TextLine ID="P222_TL00003" HPOS="402" VPOS="303" WIDTH="2" HEIGHT="2">
						<String ID="P222_ST00007" HPOS="402" VPOS="303" WIDTH="2" HEIGHT="2" CONTENT="190" WC="1.00" CC="000"/>
					</TextLine>
				</TextBlock>
			</TopMargin>
			<LeftMargin ID="P222_LM00001" HPOS="0" VPOS="306" WIDTH="339" HEIGHT="1888"/>
			<RightMargin ID="P222_RM00001" HPOS="1505" VPOS="306" WIDTH="193" HEIGHT="1888"/>
			<BottomMargin ID="P222_BM00001" HPOS="0" VPOS="2194" WIDTH="1698" HEIGHT="323"/>
			<PrintSpace ID="P222_PS00001" HPOS="339" VPOS="306" WIDTH="1166" HEIGHT="1888">
				<TextBlock ID="P222_TB00004" HPOS="339" VPOS="361" WIDTH="1162" HEIGHT="349" STYLEREFS="TXT_1 PAR_LEFT">
					<TextLine ID="P222_TL00004" HPOS="341" VPOS="361" WIDTH="1157" HEIGHT="48">
						<String ID="P222_ST00008" HPOS="341" VPOS="375" WIDTH="120" HEIGHT="34" CONTENT="ships—" WC="0.53" CC="496008"/>
						<String ID="P222_ST00009" HPOS="463" VPOS="382" WIDTH="32" HEIGHT="18" CONTENT="as" WC="1.00" CC="00"/>
						<SP ID="P222_SP00005" HPOS="495" VPOS="409" WIDTH="14"/>
						<String ID="P222_ST00010" HPOS="509" VPOS="382" WIDTH="44" HEIGHT="18" CONTENT="we" WC="1.00" CC="00"/>
						<SP ID="P222_SP00006" HPOS="553" VPOS="409" WIDTH="20"/>
						<String ID="P222_ST00011" HPOS="573" VPOS="381" WIDTH="49" HEIGHT="18" CONTENT="are" WC="0.80" CC="050"/>
						<SP ID="P222_SP00007" HPOS="622" VPOS="409" WIDTH="14"/>
						<String ID="P222_ST00012" HPOS="636" VPOS="373" WIDTH="63" HEIGHT="26" CONTENT="told" WC="0.89" CC="0040"/>
						<SP ID="P222_SP00008" HPOS="699" VPOS="409" WIDTH="18"/>
						<String ID="P222_ST00013" HPOS="717" VPOS="373" WIDTH="41" HEIGHT="34" CONTENT="by" WC="1.00" CC="00"/>
						<SP ID="P222_SP00009" HPOS="758" VPOS="409" WIDTH="23"/>
						<String ID="P222_ST00014" HPOS="781" VPOS="372" WIDTH="50" HEIGHT="25" CONTENT="the" WC="0.69" CC="350"/>
						<SP ID="P222_SP00010" HPOS="831" VPOS="409" WIDTH="19"/>
						<String ID="P222_ST00015" HPOS="850" VPOS="380" WIDTH="83" HEIGHT="17" CONTENT="same" WC="0.98" CC="0000"/>
						<SP ID="P222_SP00011" HPOS="933" VPOS="409" WIDTH="16"/>
						<String ID="P222_ST00016" HPOS="949" VPOS="370" WIDTH="152" HEIGHT="33" CONTENT="authority" WC="0.68" CC="607600700"/>
						<SP ID="P222_SP00012" HPOS="1101" VPOS="409" WIDTH="17"/>
						<String ID="P222_ST00017" HPOS="1118" VPOS="368" WIDTH="65" HEIGHT="26" CONTENT="that" WC="0.79" CC="1600"/>
						<SP ID="P222_SP00013" HPOS="1183" VPOS="409" WIDTH="15"/>
						<String ID="P222_ST00018" HPOS="1198" VPOS="366" WIDTH="170" HEIGHT="33" CONTENT="represents" WC="0.99" CC="0001000000"/>
						<SP ID="P222_SP00014" HPOS="1368" VPOS="409" WIDTH="15"/>
						<String ID="P222_ST00019" HPOS="1383" VPOS="361" WIDTH="62" HEIGHT="26" CONTENT="him" WC="0.75" CC="330"/>
						<SP ID="P222_SP00015" HPOS="1445" VPOS="409" WIDTH="22"/>
						<String ID="P222_ST00020" HPOS="1467" VPOS="364" WIDTH="31" HEIGHT="22" CONTENT="to" WC="0.81" CC="30"/>
					</TextLine>
					<TextLine ID="P222_TL00005" HPOS="339" VPOS="413" WIDTH="1162" HEIGHT="45">
						<String ID="P222_ST00021" HPOS="339" VPOS="425" WIDTH="78" HEIGHT="26" CONTENT="have" WC="0.87" CC="5000"/>
						<SP ID="P222_SP00016" HPOS="417" VPOS="451" WIDTH="13"/>
						<String ID="P222_ST00022" HPOS="430" VPOS="424" WIDTH="113" HEIGHT="27" CONTENT="started" WC="0.95" CC="0003000"/>
						<SP ID="P222_SP00017" HPOS="543" VPOS="451" WIDTH="20"/>
						<String ID="P222_ST00023" HPOS="563" VPOS="423" WIDTH="71" HEIGHT="26" CONTENT="with" WC="0.88" CC="0202"/>
						<SP ID="P222_SP00018" HPOS="634" VPOS="451" WIDTH="16"/>
						<String ID="P222_ST00024" HPOS="650" VPOS="422" WIDTH="71" HEIGHT="36" CONTENT="only" WC="0.89" CC="0040"/>
						<SP ID="P222_SP00019" HPOS="721" VPOS="458" WIDTH="15"/>
						<String ID="P222_ST00025" HPOS="736" VPOS="421" WIDTH="127" HEIGHT="35" CONTENT="sixty,—" WC="0.86" CC="0001008"/>
						<String ID="P222_ST00026" HPOS="870" VPOS="430" WIDTH="17" HEIGHT="17" CONTENT="a" WC="1.00" CC="0"/>
						<SP ID="P222_SP00020" HPOS="887" VPOS="458" WIDTH="15"/>
						<String ID="P222_ST00027" HPOS="902" VPOS="419" WIDTH="59" HEIGHT="28" CONTENT="fact" WC="0.82" CC="0007"/>
						<SP ID="P222_SP00021" HPOS="961" VPOS="458" WIDTH="15"/>
						<String ID="P222_ST00028" HPOS="976" VPOS="419" WIDTH="96" HEIGHT="28" CONTENT="which" WC="0.73" CC="04305"/>
						<SP ID="P222_SP00022" HPOS="1072" VPOS="458" WIDTH="19"/>
						<String ID="P222_ST00029" HPOS="1091" VPOS="419" WIDTH="100" HEIGHT="25" CONTENT="leaves" WC="0.86" CC="200500"/>
						<SP ID="P222_SP00023" HPOS="1191" VPOS="458" WIDTH="22"/>
						<String ID="P222_ST00030" HPOS="1213" VPOS="414" WIDTH="78" HEIGHT="28" CONTENT="little" WC="0.96" CC="000020"/>
						<SP ID="P222_SP00024" HPOS="1291" VPOS="458" WIDTH="19"/>
						<String ID="P222_ST00031" HPOS="1310" VPOS="413" WIDTH="93" HEIGHT="26" CONTENT="doubt" WC="0.94" CC="00200"/>
						<SP ID="P222_SP00025" HPOS="1403" VPOS="458" WIDTH="20"/>
						<String ID="P222_ST00032" HPOS="1423" VPOS="419" WIDTH="33" HEIGHT="17" CONTENT="as" WC="1.00" CC="00"/>
						<SP ID="P222_SP00026" HPOS="1456" VPOS="458" WIDTH="15"/>
						<String ID="P222_ST00033" HPOS="1471" VPOS="414" WIDTH="30" HEIGHT="22" CONTENT="to" WC="1.00" CC="00"/>
					</TextLine>
					<TextLine ID="P222_TL00006" HPOS="340" VPOS="461" WIDTH="1161" HEIGHT="47">
						<String ID="P222_ST00034" HPOS="340" VPOS="475" WIDTH="97" HEIGHT="27" CONTENT="which" WC="0.76" CC="07004"/>
						<SP ID="P222_SP00027" HPOS="437" VPOS="502" WIDTH="19"/>
						<String ID="P222_ST00035" HPOS="456" VPOS="478" WIDTH="87" HEIGHT="30" CONTENT="party" WC="0.94" CC="00020"/>
						<SP ID="P222_SP00028" HPOS="543" VPOS="508" WIDTH="14"/>
						<String ID="P222_ST00036" HPOS="557" VPOS="473" WIDTH="126" HEIGHT="35" CONTENT="profited" WC="0.84" CC="00722000"/>
						<SP ID="P222_SP00029" HPOS="683" VPOS="508" WIDTH="25"/>
						<String ID="P222_ST00037" HPOS="708" VPOS="475" WIDTH="77" HEIGHT="22" CONTENT="most" WC="0.82" CC="0007"/>
						<SP ID="P222_SP00030" HPOS="785" VPOS="508" WIDTH="24"/>
						<String ID="P222_ST00038" HPOS="809" VPOS="471" WIDTH="40" HEIGHT="35" CONTENT="by" WC="1.00" CC="00"/>
						<SP ID="P222_SP00031" HPOS="849" VPOS="508" WIDTH="14"/>
						<String ID="P222_ST00039" HPOS="863" VPOS="470" WIDTH="50" HEIGHT="27" CONTENT="the" WC="0.70" CC="071"/>
						<SP ID="P222_SP00032" HPOS="913" VPOS="508" WIDTH="22"/>
						<String ID="P222_ST00040" HPOS="935" VPOS="469" WIDTH="165" HEIGHT="34" CONTENT="friendship" WC="0.73" CC="0660180030"/>
						<SP ID="P222_SP00033" HPOS="1100" VPOS="508" WIDTH="25"/>
						<String ID="P222_ST00041" HPOS="1125" VPOS="469" WIDTH="137" HEIGHT="25" CONTENT="between" WC="0.86" CC="0020006"/>
						<SP ID="P222_SP00034" HPOS="1262" VPOS="508" WIDTH="22"/>
						<String ID="P222_ST00042" HPOS="1284" VPOS="464" WIDTH="133" HEIGHT="36" CONTENT="Pyrrhus" WC="0.83" CC="6000500"/>
						<SP ID="P222_SP00035" HPOS="1417" VPOS="508" WIDTH="25"/>
						<String ID="P222_ST00043" HPOS="1442" VPOS="461" WIDTH="59" HEIGHT="26" CONTENT="and" WC="0.82" CC="050"/>
					</TextLine>
					<TextLine ID="P222_TL00007" HPOS="341" VPOS="510" WIDTH="1160" HEIGHT="49">
						<String ID="P222_ST00044" HPOS="341" VPOS="525" WIDTH="52" HEIGHT="27" CONTENT="the" WC="0.77" CC="060"/>
						<SP ID="P222_SP00036" HPOS="393" VPOS="552" WIDTH="17"/>
						<String ID="P222_ST00045" HPOS="410" VPOS="524" WIDTH="106" HEIGHT="35" CONTENT="people" WC="0.91" CC="000050"/>
						<SP ID="P222_SP00037" HPOS="516" VPOS="559" WIDTH="24"/>
						<String ID="P222_ST00046" HPOS="540" VPOS="523" WIDTH="33" HEIGHT="26" CONTENT="of" WC="0.83" CC="03"/>
						<SP ID="P222_SP00038" HPOS="573" VPOS="559" WIDTH="21"/>
						<String ID="P222_ST00047" HPOS="594" VPOS="522" WIDTH="102" HEIGHT="36" CONTENT="Sicily." WC="0.93" CC="0301000"/>
						<SP ID="P222_SP00039" HPOS="696" VPOS="559" WIDTH="42"/>
						<String ID="P222_ST00048" HPOS="738" VPOS="521" WIDTH="48" HEIGHT="26" CONTENT="He" WC="0.92" CC="10"/>
						<SP ID="P222_SP00040" HPOS="786" VPOS="559" WIDTH="24"/>
						<String ID="P222_ST00049" HPOS="810" VPOS="519" WIDTH="127" HEIGHT="27" CONTENT="suffered" WC="0.74" CC="05780000"/>
						<SP ID="P222_SP00041" HPOS="937" VPOS="559" WIDTH="24"/>
						<String ID="P222_ST00050" HPOS="961" VPOS="529" WIDTH="17" HEIGHT="17" CONTENT="a" WC="1.00" CC="0"/>
						<SP ID="P222_SP00042" HPOS="978" VPOS="559" WIDTH="22"/>
						<String ID="P222_ST00051" HPOS="1000" VPOS="519" WIDTH="113" HEIGHT="26" CONTENT="further" WC="0.68" CC="0428601"/>
						<SP ID="P222_SP00043" HPOS="1113" VPOS="559" WIDTH="20"/>
						<String ID="P222_ST00052" HPOS="1133" VPOS="518" WIDTH="61" HEIGHT="25" CONTENT="loss" WC="0.92" CC="3000"/>
						<SP ID="P222_SP00044" HPOS="1194" VPOS="559" WIDTH="25"/>
						<String ID="P222_ST00053" HPOS="1219" VPOS="516" WIDTH="31" HEIGHT="25" CONTENT="in" WC="0.40" CC="47"/>
						<SP ID="P222_SP00045" HPOS="1250" VPOS="559" WIDTH="21"/>
						<String ID="P222_ST00054" HPOS="1271" VPOS="514" WIDTH="52" HEIGHT="27" CONTENT="the" WC="0.75" CC="060"/>
						<SP ID="P222_SP00046" HPOS="1323" VPOS="559" WIDTH="21"/>
						<String ID="P222_ST00055" HPOS="1344" VPOS="510" WIDTH="157" HEIGHT="29" CONTENT="mountain" WC="0.81" CC="40300042"/>
					</TextLine>
					<TextLine ID="P222_TL00008" HPOS="341" VPOS="560" WIDTH="1160" HEIGHT="50">
						<String ID="P222_ST00056" HPOS="341" VPOS="583" WIDTH="113" HEIGHT="27" CONTENT="passes," WC="0.97" CC="0000002"/>
						<SP ID="P222_SP00047" HPOS="454" VPOS="610" WIDTH="14"/>
						<String ID="P222_ST00057" HPOS="468" VPOS="574" WIDTH="99" HEIGHT="27" CONTENT="where" WC="0.87" CC="04010"/>
						<SP ID="P222_SP00048" HPOS="567" VPOS="610" WIDTH="18"/>
						<String ID="P222_ST00058" HPOS="585" VPOS="574" WIDTH="38" HEIGHT="25" CONTENT="he" WC="0.70" CC="60"/>
						<SP ID="P222_SP00049" HPOS="623" VPOS="610" WIDTH="22"/>
						<String ID="P222_ST00059" HPOS="645" VPOS="572" WIDTH="59" HEIGHT="26" CONTENT="had" WC="0.78" CC="600"/>
						<SP ID="P222_SP00050" HPOS="704" VPOS="610" WIDTH="22"/>
						<String ID="P222_ST00060" HPOS="726" VPOS="580" WIDTH="81" HEIGHT="17" CONTENT="some" WC="1.00" CC="0000"/>
						<SP ID="P222_SP00051" HPOS="807" VPOS="610" WIDTH="25"/>
						<String ID="P222_ST00061" HPOS="832" VPOS="579" WIDTH="72" HEIGHT="26" CONTENT="very" WC="0.86" CC="0050"/>
						<SP ID="P222_SP00052" HPOS="904" VPOS="610" WIDTH="13"/>
						<String ID="P222_ST00062" HPOS="917" VPOS="578" WIDTH="116" HEIGHT="18" CONTENT="narrow" WC="0.94" CC="000200"/>
						<SP ID="P222_SP00053" HPOS="1033" VPOS="610" WIDTH="15"/>
						<String ID="P222_ST00063" HPOS="1048" VPOS="575" WIDTH="123" HEIGHT="27" CONTENT="escapes" WC="1.00" CC="0000000"/>
						<String ID="P222_ST00064" HPOS="1180" VPOS="577" WIDTH="6" HEIGHT="20" CONTENT=";" WC="0.64" CC="3"/>
						<SP ID="P222_SP00054" HPOS="1186" VPOS="610" WIDTH="22"/>
						<String ID="P222_ST00065" HPOS="1208" VPOS="566" WIDTH="55" HEIGHT="25" CONTENT="but" WC="0.77" CC="240"/>
						<SP ID="P222_SP00055" HPOS="1263" VPOS="610" WIDTH="22"/>
						<String ID="P222_ST00066" HPOS="1285" VPOS="564" WIDTH="39" HEIGHT="26" CONTENT="he" WC="0.75" CC="50"/>
						<SP ID="P222_SP00056" HPOS="1324" VPOS="610" WIDTH="20"/>
						<String ID="P222_ST00067" HPOS="1344" VPOS="560" WIDTH="157" HEIGHT="28" CONTENT="neverthe" SUBS_TYPE="HypPart1" SUBS_CONTENT="nevertheless" WC="0.83" CC="400000702"/>
						<HYP CONTENT="-"/>
					</TextLine>
					<TextLine ID="P222_TL00009" HPOS="341" VPOS="610" WIDTH="1160" HEIGHT="47">
						<String ID="P222_ST00068" HPOS="341" VPOS="627" WIDTH="59" HEIGHT="25" CONTENT="less" SUBS_TYPE="HypPart2" SUBS_CONTENT="nevertheless" WC="0.81" CC="1005"/>
						<SP ID="P222_SP00057" HPOS="400" VPOS="652" WIDTH="21"/>
						<String ID="P222_ST00069" HPOS="421" VPOS="624" WIDTH="160" HEIGHT="27" CONTENT="continued" WC="0.93" CC="004010000"/>
						<SP ID="P222_SP00058" HPOS="581" VPOS="652" WIDTH="20"/>
						<String ID="P222_ST00070" HPOS="601" VPOS="628" WIDTH="31" HEIGHT="22" CONTENT="to" WC="1.00" CC="00"/>
						<SP ID="P222_SP00059" HPOS="632" VPOS="652" WIDTH="20"/>
						<String ID="P222_ST00071" HPOS="652" VPOS="623" WIDTH="77" HEIGHT="34" CONTENT="keep" WC="1.00" CC="0000"/>
						<SP ID="P222_SP00060" HPOS="729" VPOS="657" WIDTH="15"/>
						<String ID="P222_ST00072" HPOS="744" VPOS="631" WIDTH="18" HEIGHT="17" CONTENT="a" WC="1.00" CC="0"/>
						<SP ID="P222_SP00061" HPOS="762" VPOS="657" WIDTH="18"/>
						<String ID="P222_ST00073" HPOS="780" VPOS="621" WIDTH="126" HEIGHT="26" CONTENT="balance" WC="0.96" CC="0020000"/>
						<SP ID="P222_SP00062" HPOS="906" VPOS="657" WIDTH="24"/>
						<String ID="P222_ST00074" HPOS="930" VPOS="619" WIDTH="33" HEIGHT="27" CONTENT="of" WC="1.00" CC="00"/>
						<SP ID="P222_SP00063" HPOS="963" VPOS="657" WIDTH="17"/>
						<String ID="P222_ST00075" HPOS="980" VPOS="628" WIDTH="101" HEIGHT="23" CONTENT="20,000" WC="0.78" CC="903000"/>
						<SP ID="P222_SP00064" HPOS="1081" VPOS="657" WIDTH="14"/>
						<String ID="P222_ST00076" HPOS="1095" VPOS="618" WIDTH="71" HEIGHT="31" CONTENT="foot," WC="0.87" CC="00032"/>
						<SP ID="P222_SP00065" HPOS="1166" VPOS="657" WIDTH="17"/>
						<String ID="P222_ST00077" HPOS="1183" VPOS="616" WIDTH="59" HEIGHT="26" CONTENT="and" WC="0.89" CC="030"/>
						<SP ID="P222_SP00066" HPOS="1242" VPOS="657" WIDTH="24"/>
						<String ID="P222_ST00078" HPOS="1266" VPOS="623" WIDTH="72" HEIGHT="25" CONTENT="3000" WC="0.80" CC="8000"/>
						<SP ID="P222_SP00067" HPOS="1338" VPOS="657" WIDTH="14"/>
						<String ID="P222_ST00079" HPOS="1352" VPOS="613" WIDTH="90" HEIGHT="26" CONTENT="horse" WC="0.86" CC="60000"/>
						<SP ID="P222_SP00068" HPOS="1442" VPOS="657" WIDTH="14"/>
						<String ID="P222_ST00080" HPOS="1456" VPOS="610" WIDTH="45" HEIGHT="27" CONTENT="for" WC="0.82" CC="005"/>
					</TextLine>
					<TextLine ID="P222_TL00010" HPOS="341" VPOS="670" WIDTH="811" HEIGHT="40">
						<String ID="P222_ST00081" HPOS="341" VPOS="676" WIDTH="50" HEIGHT="26" CONTENT="the" WC="0.82" CC="050"/>
						<SP ID="P222_SP00069" HPOS="391" VPOS="702" WIDTH="14"/>
						<String ID="P222_ST00082" HPOS="405" VPOS="683" WIDTH="129" HEIGHT="27" CONTENT="purpose" WC="0.93" CC="0400000"/>
						<SP ID="P222_SP00070" HPOS="534" VPOS="710" WIDTH="14"/>
						<String ID="P222_ST00083" HPOS="548" VPOS="673" WIDTH="33" HEIGHT="28" CONTENT="of" WC="1.00" CC="00"/>
						<SP ID="P222_SP00071" HPOS="581" VPOS="710" WIDTH="10"/>
						<String ID="P222_ST00084" HPOS="591" VPOS="673" WIDTH="133" HEIGHT="34" CONTENT="meeting" WC="0.96" CC="0000020"/>
						<SP ID="P222_SP00072" HPOS="724" VPOS="710" WIDTH="14"/>
						<String ID="P222_ST00085" HPOS="738" VPOS="681" WIDTH="61" HEIGHT="26" CONTENT="any" WC="0.91" CC="020"/>
						<SP ID="P222_SP00073" HPOS="799" VPOS="710" WIDTH="13"/>
						<String ID="P222_ST00086" HPOS="812" VPOS="670" WIDTH="97" HEIGHT="27" CONTENT="future" WC="0.88" CC="024000"/>
						<SP ID="P222_SP00074" HPOS="909" VPOS="710" WIDTH="15"/>
						<String ID="P222_ST00087" HPOS="924" VPOS="673" WIDTH="228" HEIGHT="32" CONTENT="engagements." WC="0.85" CC="000000005091"/>
					</TextLine>
				</TextBlock>
				<TextBlock ID="P222_TB00005" HPOS="343" VPOS="739" WIDTH="1158" HEIGHT="734" STYLEREFS="TXT_1 PAR_LEFT">
					<TextLine ID="P222_TL00011" HPOS="399" VPOS="740" WIDTH="1101" HEIGHT="38">
						<String ID="P222_ST00088" HPOS="399" VPOS="751" WIDTH="47" HEIGHT="27" CONTENT="On" WC="0.98" CC="00"/>
						<SP ID="P222_SP00075" HPOS="446" VPOS="778" WIDTH="20"/>
						<String ID="P222_ST00089" HPOS="466" VPOS="751" WIDTH="46" HEIGHT="25" CONTENT="his" WC="0.81" CC="050"/>
						<SP ID="P222_SP00076" HPOS="512" VPOS="778" WIDTH="22"/>
						<String ID="P222_ST00090" HPOS="534" VPOS="749" WIDTH="106" HEIGHT="27" CONTENT="arrival" WC="0.84" CC="0004006"/>
						<SP ID="P222_SP00077" HPOS="640" VPOS="778" WIDTH="21"/>
						<String ID="P222_ST00091" HPOS="661" VPOS="752" WIDTH="29" HEIGHT="22" CONTENT="at" WC="1.00" CC="00"/>
						<SP ID="P222_SP00078" HPOS="690" VPOS="778" WIDTH="22"/>
						<String ID="P222_ST00092" HPOS="712" VPOS="748" WIDTH="170" HEIGHT="30" CONTENT="Tarentum," WC="0.72" CC="609000502"/>
						<SP ID="P222_SP00079" HPOS="882" VPOS="778" WIDTH="17"/>
						<String ID="P222_ST00093" HPOS="899" VPOS="746" WIDTH="82" HEIGHT="26" CONTENT="there" WC="0.91" CC="02010"/>
						<SP ID="P222_SP00080" HPOS="981" VPOS="778" WIDTH="14"/>
						<String ID="P222_ST00094" HPOS="995" VPOS="754" WIDTH="61" HEIGHT="17" CONTENT="was" WC="1.00" CC="000"/>
						<SP ID="P222_SP00081" HPOS="1056" VPOS="778" WIDTH="23"/>
						<String ID="P222_ST00095" HPOS="1079" VPOS="745" WIDTH="72" HEIGHT="26" CONTENT="such" WC="0.92" CC="0003"/>
						<SP ID="P222_SP00082" HPOS="1151" VPOS="778" WIDTH="21"/>
						<String ID="P222_ST00096" HPOS="1172" VPOS="752" WIDTH="17" HEIGHT="17" CONTENT="a" WC="1.00" CC="0"/>
						<SP ID="P222_SP00083" HPOS="1189" VPOS="778" WIDTH="18"/>
						<String ID="P222_ST00097" HPOS="1207" VPOS="742" WIDTH="89" HEIGHT="36" CONTENT="panic" WC="0.80" CC="00540"/>
						<SP ID="P222_SP00084" HPOS="1296" VPOS="778" WIDTH="20"/>
						<String ID="P222_ST00098" HPOS="1316" VPOS="748" WIDTH="113" HEIGHT="27" CONTENT="among" WC="0.97" CC="00010"/>
						<SP ID="P222_SP00085" HPOS="1429" VPOS="778" WIDTH="20"/>
						<String ID="P222_ST00099" HPOS="1449" VPOS="740" WIDTH="51" HEIGHT="26" CONTENT="the" WC="0.78" CC="060"/>
					</TextLine>
					<TextLine ID="P222_TL00012" HPOS="344" VPOS="789" WIDTH="1156" HEIGHT="45">
						<String ID="P222_ST00100" HPOS="344" VPOS="801" WIDTH="137" HEIGHT="27" CONTENT="Romans" WC="0.96" CC="000020"/>
						<SP ID="P222_SP00086" HPOS="481" VPOS="828" WIDTH="14"/>
						<String ID="P222_ST00101" HPOS="495" VPOS="800" WIDTH="65" HEIGHT="27" CONTENT="that" WC="0.54" CC="2609"/>
						<SP ID="P222_SP00087" HPOS="560" VPOS="828" WIDTH="14"/>
						<String ID="P222_ST00102" HPOS="574" VPOS="799" WIDTH="120" HEIGHT="35" CONTENT="nobody" WC="0.95" CC="200000"/>
						<SP ID="P222_SP00088" HPOS="694" VPOS="834" WIDTH="13"/>
						<String ID="P222_ST00103" HPOS="707" VPOS="798" WIDTH="98" HEIGHT="26" CONTENT="would" WC="0.89" CC="00050"/>
						<SP ID="P222_SP00089" HPOS="805" VPOS="834" WIDTH="16"/>
						<String ID="P222_ST00104" HPOS="821" VPOS="796" WIDTH="97" HEIGHT="32" CONTENT="enlist," WC="0.87" CC="0105020"/>
						<SP ID="P222_SP00090" HPOS="918" VPOS="834" WIDTH="16"/>
						<String ID="P222_ST00105" HPOS="934" VPOS="795" WIDTH="75" HEIGHT="27" CONTENT="until" WC="0.89" CC="00130"/>
						<SP ID="P222_SP00091" HPOS="1009" VPOS="834" WIDTH="22"/>
						<String ID="P222_ST00106" HPOS="1031" VPOS="794" WIDTH="105" HEIGHT="28" CONTENT="Curius" WC="0.84" CC="041030"/>
						<SP ID="P222_SP00092" HPOS="1136" VPOS="834" WIDTH="21"/>
						<String ID="P222_ST00107" HPOS="1157" VPOS="794" WIDTH="151" HEIGHT="25" CONTENT="Dentatus" WC="0.88" CC="31000030"/>
						<SP ID="P222_SP00093" HPOS="1308" VPOS="834" WIDTH="15"/>
						<String ID="P222_ST00108" HPOS="1323" VPOS="789" WIDTH="177" HEIGHT="28" CONTENT="announced" WC="0.98" CC="000010000"/>
					</TextLine>
					<TextLine ID="P222_TL00013" HPOS="344" VPOS="839" WIDTH="1156" HEIGHT="43">
						<String ID="P222_ST00109" HPOS="344" VPOS="851" WIDTH="47" HEIGHT="26" CONTENT="his" WC="0.54" CC="516"/>
						<SP ID="P222_SP00094" HPOS="391" VPOS="877" WIDTH="23"/>
						<String ID="P222_ST00110" HPOS="414" VPOS="850" WIDTH="146" HEIGHT="27" CONTENT="intention" WC="0.79" CC="300007204"/>
						<SP ID="P222_SP00095" HPOS="560" VPOS="877" WIDTH="24"/>
						<String ID="P222_ST00111" HPOS="584" VPOS="849" WIDTH="33" HEIGHT="26" CONTENT="of" WC="0.91" CC="01"/>
						<SP ID="P222_SP00096" HPOS="617" VPOS="877" WIDTH="16"/>
						<String ID="P222_ST00112" HPOS="633" VPOS="847" WIDTH="196" HEIGHT="35" CONTENT="confiscating" WC="0.89" CC="205220000000"/>
						<SP ID="P222_SP00097" HPOS="829" VPOS="882" WIDTH="23"/>
						<String ID="P222_ST00113" HPOS="852" VPOS="847" WIDTH="50" HEIGHT="25" CONTENT="the" WC="0.80" CC="050"/>
						<SP ID="P222_SP00098" HPOS="902" VPOS="882" WIDTH="22"/>
						<String ID="P222_ST00114" HPOS="924" VPOS="848" WIDTH="141" HEIGHT="32" CONTENT="property" WC="0.96" CC="02000100"/>
						<SP ID="P222_SP00099" HPOS="1065" VPOS="882" WIDTH="21"/>
						<String ID="P222_ST00115" HPOS="1086" VPOS="844" WIDTH="33" HEIGHT="27" CONTENT="of" WC="1.00" CC="00"/>
						<SP ID="P222_SP00100" HPOS="1119" VPOS="882" WIDTH="18"/>
						<String ID="P222_ST00116" HPOS="1137" VPOS="844" WIDTH="51" HEIGHT="25" CONTENT="the" WC="0.63" CC="460"/>
						<SP ID="P222_SP00101" HPOS="1188" VPOS="882" WIDTH="21"/>
						<String ID="P222_ST00117" HPOS="1209" VPOS="842" WIDTH="65" HEIGHT="27" CONTENT="first" WC="0.94" CC="11000"/>
						<SP ID="P222_SP00102" HPOS="1274" VPOS="882" WIDTH="18"/>
						<String ID="P222_ST00118" HPOS="1292" VPOS="841" WIDTH="68" HEIGHT="26" CONTENT="who" WC="0.81" CC="050"/>
						<SP ID="P222_SP00103" HPOS="1360" VPOS="882" WIDTH="23"/>
						<String ID="P222_ST00119" HPOS="1383" VPOS="839" WIDTH="117" HEIGHT="27" CONTENT="refused" WC="0.85" CC="0045000"/>
					</TextLine>
					<TextLine ID="P222_TL00014" HPOS="345" VPOS="889" WIDTH="1156" HEIGHT="43">
						<String ID="P222_ST00120" HPOS="345" VPOS="905" WIDTH="30" HEIGHT="22" CONTENT="to" WC="0.90" CC="20"/>
						<SP ID="P222_SP00104" HPOS="375" VPOS="927" WIDTH="15"/>
						<String ID="P222_ST00121" HPOS="390" VPOS="904" WIDTH="82" HEIGHT="22" CONTENT="enter" WC="0.86" CC="04002"/>
						<SP ID="P222_SP00105" HPOS="472" VPOS="927" WIDTH="18"/>
						<String ID="P222_ST00122" HPOS="490" VPOS="900" WIDTH="49" HEIGHT="26" CONTENT="the" WC="0.78" CC="060"/>
						<SP ID="P222_SP00106" HPOS="539" VPOS="927" WIDTH="15"/>
						<String ID="P222_ST00123" HPOS="554" VPOS="900" WIDTH="74" HEIGHT="25" CONTENT="rank" WC="0.68" CC="0066"/>
						<SP ID="P222_SP00107" HPOS="628" VPOS="927" WIDTH="23"/>
						<String ID="P222_ST00124" HPOS="651" VPOS="900" WIDTH="64" HEIGHT="24" CONTENT="that" WC="0.82" CC="0700"/>
						<SP ID="P222_SP00108" HPOS="715" VPOS="927" WIDTH="19"/>
						<String ID="P222_ST00125" HPOS="734" VPOS="906" WIDTH="62" HEIGHT="18" CONTENT="was" WC="1.00" CC="000"/>
						<SP ID="P222_SP00109" HPOS="796" VPOS="927" WIDTH="14"/>
						<String ID="P222_ST00126" HPOS="810" VPOS="905" WIDTH="77" HEIGHT="27" CONTENT="open" WC="0.84" CC="0006"/>
						<SP ID="P222_SP00110" HPOS="887" VPOS="932" WIDTH="15"/>
						<String ID="P222_ST00127" HPOS="902" VPOS="900" WIDTH="30" HEIGHT="22" CONTENT="to" WC="1.00" CC="00"/>
						<SP ID="P222_SP00111" HPOS="932" VPOS="932" WIDTH="19"/>
						<String ID="P222_ST00128" HPOS="951" VPOS="895" WIDTH="71" HEIGHT="27" CONTENT="him." WC="0.78" CC="2600"/>
						<SP ID="P222_SP00112" HPOS="1022" VPOS="932" WIDTH="51"/>
						<String ID="P222_ST00129" HPOS="1073" VPOS="894" WIDTH="124" HEIGHT="26" CONTENT="Besides" WC="0.91" CC="0005000"/>
						<SP ID="P222_SP00113" HPOS="1197" VPOS="932" WIDTH="15"/>
						<String ID="P222_ST00130" HPOS="1212" VPOS="893" WIDTH="51" HEIGHT="26" CONTENT="the" WC="0.56" CC="570"/>
						<SP ID="P222_SP00114" HPOS="1263" VPOS="932" WIDTH="20"/>
						<String ID="P222_ST00131" HPOS="1283" VPOS="890" WIDTH="90" HEIGHT="37" CONTENT="panic" WC="0.92" CC="00300"/>
						<SP ID="P222_SP00115" HPOS="1373" VPOS="932" WIDTH="19"/>
						<String ID="P222_ST00132" HPOS="1392" VPOS="889" WIDTH="109" HEIGHT="27" CONTENT="caused" WC="0.92" CC="004000"/>
					</TextLine>
					<TextLine ID="P222_TL00015" HPOS="346" VPOS="942" WIDTH="1155" HEIGHT="42">
						<String ID="P222_ST00133" HPOS="346" VPOS="950" WIDTH="40" HEIGHT="34" CONTENT="by" WC="0.76" CC="40"/>
						<SP ID="P222_SP00116" HPOS="386" VPOS="984" WIDTH="14"/>
						<String ID="P222_ST00134" HPOS="400" VPOS="950" WIDTH="50" HEIGHT="26" CONTENT="the" WC="0.80" CC="050"/>
						<SP ID="P222_SP00117" HPOS="450" VPOS="984" WIDTH="20"/>
						<String ID="P222_ST00135" HPOS="470" VPOS="958" WIDTH="87" HEIGHT="17" CONTENT="name" WC="0.94" CC="0020"/>
						<SP ID="P222_SP00118" HPOS="557" VPOS="984" WIDTH="19"/>
						<String ID="P222_ST00136" HPOS="576" VPOS="949" WIDTH="32" HEIGHT="26" CONTENT="of" WC="1.00" CC="00"/>
						<SP ID="P222_SP00119" HPOS="608" VPOS="984" WIDTH="18"/>
						<String ID="P222_ST00137" HPOS="626" VPOS="948" WIDTH="139" HEIGHT="35" CONTENT="Pyrrhus," WC="0.79" CC="00215302"/>
						<SP ID="P222_SP00120" HPOS="765" VPOS="984" WIDTH="17"/>
						<String ID="P222_ST00138" HPOS="782" VPOS="955" WIDTH="37" HEIGHT="17" CONTENT="an" WC="0.82" CC="03"/>
						<SP ID="P222_SP00121" HPOS="819" VPOS="984" WIDTH="23"/>
						<String ID="P222_ST00139" HPOS="842" VPOS="947" WIDTH="93" HEIGHT="25" CONTENT="alarm" WC="1.00" CC="00000"/>
						<SP ID="P222_SP00122" HPOS="935" VPOS="984" WIDTH="24"/>
						<String ID="P222_ST00140" HPOS="959" VPOS="945" WIDTH="60" HEIGHT="26" CONTENT="had" WC="0.77" CC="600"/>
						<SP ID="P222_SP00123" HPOS="1019" VPOS="984" WIDTH="19"/>
						<String ID="P222_ST00141" HPOS="1038" VPOS="952" WIDTH="115" HEIGHT="27" CONTENT="sprung" WC="0.77" CC="003450"/>
						<SP ID="P222_SP00124" HPOS="1153" VPOS="984" WIDTH="23"/>
						<String ID="P222_ST00142" HPOS="1176" VPOS="951" WIDTH="39" HEIGHT="26" CONTENT="up" WC="1.00" CC="00"/>
						<SP ID="P222_SP00125" HPOS="1215" VPOS="984" WIDTH="25"/>
						<String ID="P222_ST00143" HPOS="1240" VPOS="942" WIDTH="31" HEIGHT="25" CONTENT="in" WC="0.49" CC="63"/>
						<SP ID="P222_SP00126" HPOS="1271" VPOS="984" WIDTH="24"/>
						<String ID="P222_ST00144" HPOS="1295" VPOS="948" WIDTH="206" HEIGHT="27" CONTENT="consequence" WC="0.96" CC="00300000000"/>
					</TextLine>
					<TextLine ID="P222_TL00016" HPOS="346" VPOS="990" WIDTH="1154" HEIGHT="42">
						<String ID="P222_ST00145" HPOS="346" VPOS="999" WIDTH="33" HEIGHT="26" CONTENT="of" WC="0.88" CC="02"/>
						<SP ID="P222_SP00127" HPOS="379" VPOS="1025" WIDTH="10"/>
						<String ID="P222_ST00146" HPOS="389" VPOS="999" WIDTH="49" HEIGHT="26" CONTENT="the" WC="0.78" CC="060"/>
						<SP ID="P222_SP00128" HPOS="438" VPOS="1025" WIDTH="13"/>
						<String ID="P222_ST00147" HPOS="451" VPOS="999" WIDTH="78" HEIGHT="26" CONTENT="head" WC="0.87" CC="5000"/>
						<SP ID="P222_SP00129" HPOS="529" VPOS="1025" WIDTH="13"/>
						<String ID="P222_ST00148" HPOS="542" VPOS="999" WIDTH="32" HEIGHT="26" CONTENT="of" WC="1.00" CC="00"/>
						<SP ID="P222_SP00130" HPOS="574" VPOS="1025" WIDTH="14"/>
						<String ID="P222_ST00149" HPOS="588" VPOS="999" WIDTH="49" HEIGHT="25" CONTENT="the" WC="0.77" CC="060"/>
						<SP ID="P222_SP00131" HPOS="637" VPOS="1025" WIDTH="21"/>
						<String ID="P222_ST00150" HPOS="658" VPOS="999" WIDTH="58" HEIGHT="33" CONTENT="god" WC="1.00" CC="000"/>
						<SP ID="P222_SP00132" HPOS="716" VPOS="1032" WIDTH="23"/>
						<String ID="P222_ST00151" HPOS="739" VPOS="997" WIDTH="182" HEIGHT="26" CONTENT="Summanus" WC="0.93" CC="05000000"/>
						<SP ID="P222_SP00133" HPOS="921" VPOS="1032" WIDTH="20"/>
						<String ID="P222_ST00152" HPOS="941" VPOS="994" WIDTH="114" HEIGHT="35" CONTENT="having" WC="0.93" CC="200100"/>
						<SP ID="P222_SP00134" HPOS="1055" VPOS="1032" WIDTH="15"/>
						<String ID="P222_ST00153" HPOS="1070" VPOS="994" WIDTH="76" HEIGHT="26" CONTENT="been" WC="0.83" CC="0006"/>
						<SP ID="P222_SP00135" HPOS="1146" VPOS="1032" WIDTH="21"/>
						<String ID="P222_ST00154" HPOS="1167" VPOS="992" WIDTH="101" HEIGHT="27" CONTENT="struck" WC="1.00" CC="000000"/>
						<SP ID="P222_SP00136" HPOS="1268" VPOS="1032" WIDTH="16"/>
						<String ID="P222_ST00155" HPOS="1284" VPOS="991" WIDTH="43" HEIGHT="26" CONTENT='off"' WC="0.77" CC="0332"/>
						<SP ID="P222_SP00137" HPOS="1327" VPOS="1032" WIDTH="13"/>
						<String ID="P222_ST00156" HPOS="1340" VPOS="990" WIDTH="48" HEIGHT="26" CONTENT="his" WC="0.71" CC="350"/>
						<SP ID="P222_SP00138" HPOS="1388" VPOS="1032" WIDTH="15"/>
						<String ID="P222_ST00157" HPOS="1403" VPOS="994" WIDTH="97" HEIGHT="22" CONTENT="statue" WC="0.92" CC="000040"/>
					</TextLine>
					<TextLine ID="P222_TL00017" HPOS="346" VPOS="1038" WIDTH="1154" HEIGHT="44">
						<String ID="P222_ST00158" HPOS="346" VPOS="1048" WIDTH="40" HEIGHT="34" CONTENT="by" WC="1.00" CC="00"/>
						<SP ID="P222_SP00139" HPOS="386" VPOS="1082" WIDTH="18"/>
						<String ID="P222_ST00159" HPOS="404" VPOS="1046" WIDTH="160" HEIGHT="35" CONTENT="lightning," WC="0.69" CC="0406046090"/>
						<SP ID="P222_SP00140" HPOS="564" VPOS="1082" WIDTH="20"/>
						<String ID="P222_ST00160" HPOS="584" VPOS="1047" WIDTH="59" HEIGHT="24" CONTENT="and" WC="0.79" CC="060"/>
						<SP ID="P222_SP00141" HPOS="643" VPOS="1082" WIDTH="20"/>
						<String ID="P222_ST00161" HPOS="663" VPOS="1045" WIDTH="120" HEIGHT="35" CONTENT="nobody" WC="1.00" CC="000000"/>
						<SP ID="P222_SP00142" HPOS="783" VPOS="1082" WIDTH="20"/>
						<String ID="P222_ST00162" HPOS="803" VPOS="1043" WIDTH="85" HEIGHT="27" CONTENT="could" WC="0.93" CC="00300"/>
						<SP ID="P222_SP00143" HPOS="888" VPOS="1082" WIDTH="24"/>
						<String ID="P222_ST00163" HPOS="912" VPOS="1042" WIDTH="147" HEIGHT="27" CONTENT="ascertain" WC="0.96" CC="000000011"/>
						<SP ID="P222_SP00144" HPOS="1059" VPOS="1082" WIDTH="22"/>
						<String ID="P222_ST00164" HPOS="1081" VPOS="1042" WIDTH="80" HEIGHT="26" CONTENT="what" WC="0.86" CC="0401"/>
						<SP ID="P222_SP00145" HPOS="1161" VPOS="1082" WIDTH="24"/>
						<String ID="P222_ST00165" HPOS="1185" VPOS="1041" WIDTH="60" HEIGHT="26" CONTENT="had" WC="0.81" CC="500"/>
						<SP ID="P222_SP00146" HPOS="1245" VPOS="1082" WIDTH="22"/>
						<String ID="P222_ST00166" HPOS="1267" VPOS="1041" WIDTH="124" HEIGHT="25" CONTENT="become" WC="1.00" CC="000000"/>
						<SP ID="P222_SP00147" HPOS="1391" VPOS="1082" WIDTH="25"/>
						<String ID="P222_ST00167" HPOS="1416" VPOS="1038" WIDTH="33" HEIGHT="28" CONTENT="of" WC="0.93" CC="01"/>
						<SP ID="P222_SP00148" HPOS="1449" VPOS="1082" WIDTH="18"/>
						<String ID="P222_ST00168" HPOS="1467" VPOS="1038" WIDTH="33" HEIGHT="28" CONTENT="it." WC="0.66" CC="180"/>
					</TextLine>
					<TextLine ID="P222_TL00018" HPOS="346" VPOS="1088" WIDTH="1154" HEIGHT="39">
						<String ID="P222_ST00169" HPOS="346" VPOS="1096" WIDTH="147" HEIGHT="26" CONTENT="Accident" WC="0.93" CC="00050000"/>
						<SP ID="P222_SP00149" HPOS="493" VPOS="1122" WIDTH="19"/>
						<String ID="P222_ST00170" HPOS="512" VPOS="1095" WIDTH="48" HEIGHT="26" CONTENT="led" WC="1.00" CC="000"/>
						<SP ID="P222_SP00150" HPOS="560" VPOS="1122" WIDTH="24"/>
						<String ID="P222_ST00171" HPOS="584" VPOS="1099" WIDTH="29" HEIGHT="22" CONTENT="to" WC="1.00" CC="00"/>
						<SP ID="P222_SP00151" HPOS="613" VPOS="1122" WIDTH="24"/>
						<String ID="P222_ST00172" HPOS="637" VPOS="1095" WIDTH="37" HEIGHT="26" CONTENT="its" WC="0.93" CC="200"/>
						<SP ID="P222_SP00152" HPOS="674" VPOS="1122" WIDTH="24"/>
						<String ID="P222_ST00173" HPOS="698" VPOS="1094" WIDTH="154" HEIGHT="33" CONTENT="discovery" WC="0.87" CC="017000020"/>
						<SP ID="P222_SP00153" HPOS="852" VPOS="1127" WIDTH="19"/>
						<String ID="P222_ST00174" HPOS="871" VPOS="1093" WIDTH="31" HEIGHT="25" CONTENT="in" WC="0.69" CC="05"/>
						<SP ID="P222_SP00154" HPOS="902" VPOS="1127" WIDTH="19"/>
						<String ID="P222_ST00175" HPOS="921" VPOS="1093" WIDTH="49" HEIGHT="25" CONTENT="the" WC="0.82" CC="050"/>
						<SP ID="P222_SP00155" HPOS="970" VPOS="1127" WIDTH="23"/>
						<String ID="P222_ST00176" HPOS="993" VPOS="1092" WIDTH="58" HEIGHT="26" CONTENT="bed" WC="1.00" CC="000"/>
						<SP ID="P222_SP00156" HPOS="1051" VPOS="1127" WIDTH="19"/>
						<String ID="P222_ST00177" HPOS="1070" VPOS="1091" WIDTH="33" HEIGHT="26" CONTENT="of" WC="1.00" CC="00"/>
						<SP ID="P222_SP00157" HPOS="1103" VPOS="1127" WIDTH="16"/>
						<String ID="P222_ST00178" HPOS="1119" VPOS="1091" WIDTH="51" HEIGHT="26" CONTENT="the" WC="0.84" CC="040"/>
						<SP ID="P222_SP00158" HPOS="1170" VPOS="1127" WIDTH="21"/>
						<String ID="P222_ST00179" HPOS="1191" VPOS="1091" WIDTH="100" HEIGHT="31" CONTENT="Tiber," WC="0.94" CC="000200"/>
						<SP ID="P222_SP00159" HPOS="1291" VPOS="1127" WIDTH="15"/>
						<String ID="P222_ST00180" HPOS="1306" VPOS="1090" WIDTH="75" HEIGHT="26" CONTENT="from" WC="0.97" CC="0000"/>
						<SP ID="P222_SP00160" HPOS="1381" VPOS="1127" WIDTH="20"/>
						<String ID="P222_ST00181" HPOS="1401" VPOS="1088" WIDTH="99" HEIGHT="27" CONTENT="which" WC="0.83" CC="06001"/>
					</TextLine>
					<TextLine ID="P222_TL00019" HPOS="347" VPOS="1139" WIDTH="1153" HEIGHT="40">
						<String ID="P222_ST00182" HPOS="347" VPOS="1145" WIDTH="22" HEIGHT="26" CONTENT="it" WC="1.00" CC="00"/>
						<SP ID="P222_SP00161" HPOS="369" VPOS="1171" WIDTH="21"/>
						<String ID="P222_ST00183" HPOS="390" VPOS="1145" WIDTH="60" HEIGHT="25" CONTENT="had" WC="0.75" CC="700"/>
						<SP ID="P222_SP00162" HPOS="450" VPOS="1171" WIDTH="21"/>
						<String ID="P222_ST00184" HPOS="471" VPOS="1145" WIDTH="146" HEIGHT="34" CONTENT="probably" WC="1.00" CC="00000000"/>
						<SP ID="P222_SP00163" HPOS="617" VPOS="1179" WIDTH="21"/>
						<String ID="P222_ST00185" HPOS="638" VPOS="1145" WIDTH="75" HEIGHT="25" CONTENT="been" WC="1.00" CC="0000"/>
						<SP ID="P222_SP00164" HPOS="713" VPOS="1179" WIDTH="20"/>
						<String ID="P222_ST00186" HPOS="733" VPOS="1143" WIDTH="95" HEIGHT="26" CONTENT="fished" WC="0.93" CC="110200"/>
						<SP ID="P222_SP00165" HPOS="828" VPOS="1179" WIDTH="23"/>
						<String ID="P222_ST00187" HPOS="851" VPOS="1143" WIDTH="41" HEIGHT="34" CONTENT="by" WC="1.00" CC="00"/>
						<SP ID="P222_SP00166" HPOS="892" VPOS="1179" WIDTH="23"/>
						<String ID="P222_ST00188" HPOS="915" VPOS="1150" WIDTH="55" HEIGHT="17" CONTENT="one" WC="0.96" CC="010"/>
						<SP ID="P222_SP00167" HPOS="970" VPOS="1179" WIDTH="24"/>
						<String ID="P222_ST00189" HPOS="994" VPOS="1141" WIDTH="32" HEIGHT="26" CONTENT="of" WC="0.83" CC="03"/>
						<SP ID="P222_SP00168" HPOS="1026" VPOS="1179" WIDTH="17"/>
						<String ID="P222_ST00190" HPOS="1043" VPOS="1141" WIDTH="86" HEIGHT="25" CONTENT="those" WC="0.90" CC="04000"/>
						<SP ID="P222_SP00169" HPOS="1129" VPOS="1179" WIDTH="23"/>
						<String ID="P222_ST00191" HPOS="1152" VPOS="1140" WIDTH="228" HEIGHT="35" CONTENT="extraordinary" WC="0.97" CC="0000000002000"/>
						<SP ID="P222_SP00170" HPOS="1380" VPOS="1179" WIDTH="23"/>
						<String ID="P222_ST00192" HPOS="1403" VPOS="1139" WIDTH="97" HEIGHT="26" CONTENT="hooks" WC="0.86" CC="60000"/>
					</TextLine>
					<TextLine ID="P222_TL00020" HPOS="347" VPOS="1189" WIDTH="1153" HEIGHT="39">
						<String ID="P222_ST00193" HPOS="347" VPOS="1194" WIDTH="96" HEIGHT="26" CONTENT="which" WC="0.48" CC="97106"/>
						<SP ID="P222_SP00171" HPOS="443" VPOS="1220" WIDTH="14"/>
						<String ID="P222_ST00194" HPOS="457" VPOS="1203" WIDTH="33" HEIGHT="17" CONTENT="so" WC="1.00" CC="00"/>
						<SP ID="P222_SP00172" HPOS="490" VPOS="1220" WIDTH="14"/>
						<String ID="P222_ST00195" HPOS="504" VPOS="1202" WIDTH="90" HEIGHT="26" CONTENT="many" WC="0.83" CC="0060"/>
						<SP ID="P222_SP00173" HPOS="594" VPOS="1228" WIDTH="13"/>
						<String ID="P222_ST00196" HPOS="607" VPOS="1193" WIDTH="32" HEIGHT="26" CONTENT="of" WC="0.95" CC="01"/>
						<SP ID="P222_SP00174" HPOS="639" VPOS="1228" WIDTH="15"/>
						<String ID="P222_ST00197" HPOS="654" VPOS="1202" WIDTH="52" HEIGHT="17" CONTENT="our" WC="1.00" CC="000"/>
						<SP ID="P222_SP00175" HPOS="706" VPOS="1228" WIDTH="13"/>
						<String ID="P222_ST00198" HPOS="719" VPOS="1192" WIDTH="152" HEIGHT="26" CONTENT="historical" WC="0.81" CC="5304005000"/>
						<SP ID="P222_SP00176" HPOS="871" VPOS="1228" WIDTH="16"/>
						<String ID="P222_ST00199" HPOS="887" VPOS="1191" WIDTH="74" HEIGHT="25" CONTENT="facts" WC="1.00" CC="00000"/>
						<SP ID="P222_SP00177" HPOS="961" VPOS="1228" WIDTH="21"/>
						<String ID="P222_ST00200" HPOS="982" VPOS="1199" WIDTH="49" HEIGHT="17" CONTENT="are" WC="0.93" CC="010"/>
						<SP ID="P222_SP00178" HPOS="1031" VPOS="1228" WIDTH="21"/>
						<String ID="P222_ST00201" HPOS="1052" VPOS="1190" WIDTH="91" HEIGHT="26" CONTENT="found" WC="0.72" CC="00066"/>
						<SP ID="P222_SP00179" HPOS="1143" VPOS="1228" WIDTH="15"/>
						<String ID="P222_ST00202" HPOS="1158" VPOS="1194" WIDTH="30" HEIGHT="22" CONTENT="to" WC="1.00" CC="00"/>
						<SP ID="P222_SP00180" HPOS="1188" VPOS="1228" WIDTH="14"/>
						<String ID="P222_ST00203" HPOS="1202" VPOS="1190" WIDTH="83" HEIGHT="35" CONTENT="hang" WC="0.76" CC="5030"/>
						<SP ID="P222_SP00181" HPOS="1285" VPOS="1228" WIDTH="20"/>
						<String ID="P222_ST00204" HPOS="1305" VPOS="1198" WIDTH="90" HEIGHT="25" CONTENT="upon." WC="0.98" CC="00000"/>
						<SP ID="P222_SP00182" HPOS="1395" VPOS="1228" WIDTH="40"/>
						<String ID="P222_ST00205" HPOS="1435" VPOS="1189" WIDTH="65" HEIGHT="26" CONTENT="The" WC="0.78" CC="060"/>
					</TextLine>
					<TextLine ID="P222_TL00021" HPOS="349" VPOS="1237" WIDTH="1151" HEIGHT="41">
						<String ID="P222_ST00206" HPOS="349" VPOS="1252" WIDTH="108" HEIGHT="26" CONTENT="augurs" WC="1.00" CC="000000"/>
						<SP ID="P222_SP00183" HPOS="457" VPOS="1278" WIDTH="23"/>
						<String ID="P222_ST00207" HPOS="480" VPOS="1252" WIDTH="76" HEIGHT="17" CONTENT="were" WC="0.94" CC="0020"/>
						<SP ID="P222_SP00184" HPOS="556" VPOS="1278" WIDTH="22"/>
						<String ID="P222_ST00208" HPOS="578" VPOS="1242" WIDTH="152" HEIGHT="27" CONTENT="consulted" WC="0.93" CC="000000005"/>
						<SP ID="P222_SP00185" HPOS="730" VPOS="1278" WIDTH="25"/>
						<String ID="P222_ST00209" HPOS="755" VPOS="1250" WIDTH="31" HEIGHT="17" CONTENT="as" WC="1.00" CC="00"/>
						<SP ID="P222_SP00186" HPOS="786" VPOS="1278" WIDTH="24"/>
						<String ID="P222_ST00210" HPOS="810" VPOS="1250" WIDTH="17" HEIGHT="16" CONTENT="a" WC="1.00" CC="0"/>
						<SP ID="P222_SP00187" HPOS="827" VPOS="1278" WIDTH="22"/>
						<String ID="P222_ST00211" HPOS="849" VPOS="1244" WIDTH="108" HEIGHT="22" CONTENT="matter" WC="1.00" CC="000000"/>
						<SP ID="P222_SP00188" HPOS="957" VPOS="1278" WIDTH="19"/>
						<String ID="P222_ST00212" HPOS="976" VPOS="1240" WIDTH="33" HEIGHT="25" CONTENT="of" WC="1.00" CC="00"/>
						<SP ID="P222_SP00189" HPOS="1009" VPOS="1278" WIDTH="10"/>
						<String ID="P222_ST00213" HPOS="1019" VPOS="1248" WIDTH="111" HEIGHT="24" CONTENT="course," WC="0.81" CC="0056001"/>
						<SP ID="P222_SP00190" HPOS="1130" VPOS="1278" WIDTH="17"/>
						<String ID="P222_ST00214" HPOS="1147" VPOS="1239" WIDTH="59" HEIGHT="26" CONTENT="and" WC="1.00" CC="000"/>
						<SP ID="P222_SP00191" HPOS="1206" VPOS="1278" WIDTH="22"/>
						<String ID="P222_ST00215" HPOS="1228" VPOS="1248" WIDTH="38" HEIGHT="17" CONTENT="on" WC="1.00" CC="00"/>
						<SP ID="P222_SP00192" HPOS="1266" VPOS="1278" WIDTH="15"/>
						<String ID="P222_ST00216" HPOS="1281" VPOS="1248" WIDTH="18" HEIGHT="16" CONTENT="a" WC="1.00" CC="0"/>
						<SP ID="P222_SP00193" HPOS="1299" VPOS="1278" WIDTH="24"/>
						<String ID="P222_ST00217" HPOS="1323" VPOS="1247" WIDTH="68" HEIGHT="17" CONTENT="case" WC="1.00" CC="0000"/>
						<SP ID="P222_SP00194" HPOS="1391" VPOS="1278" WIDTH="15"/>
						<String ID="P222_ST00218" HPOS="1406" VPOS="1237" WIDTH="94" HEIGHT="35" CONTENT="being" WC="0.88" CC="00600"/>
					</TextLine>
					<TextLine ID="P222_TL00022" HPOS="349" VPOS="1287" WIDTH="1151" HEIGHT="38">
						<String ID="P222_ST00219" HPOS="349" VPOS="1293" WIDTH="159" HEIGHT="26" CONTENT="submitted" WC="0.86" CC="000021008"/>
						<SP ID="P222_SP00195" HPOS="508" VPOS="1319" WIDTH="23"/>
						<String ID="P222_ST00220" HPOS="531" VPOS="1297" WIDTH="30" HEIGHT="21" CONTENT="to" WC="1.00" CC="00"/>
						<SP ID="P222_SP00196" HPOS="561" VPOS="1319" WIDTH="23"/>
						<String ID="P222_ST00221" HPOS="584" VPOS="1292" WIDTH="76" HEIGHT="26" CONTENT="their" WC="0.79" CC="07011"/>
						<SP ID="P222_SP00197" HPOS="660" VPOS="1319" WIDTH="21"/>
						<String ID="P222_ST00222" HPOS="681" VPOS="1291" WIDTH="130" HEIGHT="34" CONTENT="opinion," WC="0.87" CC="00023004"/>
						<SP ID="P222_SP00198" HPOS="811" VPOS="1325" WIDTH="27"/>
						<String ID="P222_ST00223" HPOS="838" VPOS="1290" WIDTH="72" HEIGHT="35" CONTENT="they" WC="0.88" CC="0400"/>
						<SP ID="P222_SP00199" HPOS="910" VPOS="1325" WIDTH="21"/>
						<String ID="P222_ST00224" HPOS="931" VPOS="1290" WIDTH="122" HEIGHT="25" CONTENT="advised" WC="1.00" CC="0000000"/>
						<SP ID="P222_SP00200" HPOS="1053" VPOS="1325" WIDTH="27"/>
						<String ID="P222_ST00225" HPOS="1080" VPOS="1290" WIDTH="66" HEIGHT="25" CONTENT="that" WC="0.85" CC="0230"/>
						<SP ID="P222_SP00201" HPOS="1146" VPOS="1325" WIDTH="28"/>
						<String ID="P222_ST00226" HPOS="1174" VPOS="1289" WIDTH="50" HEIGHT="26" CONTENT="the" WC="0.85" CC="030"/>
						<SP ID="P222_SP00202" HPOS="1224" VPOS="1325" WIDTH="28"/>
						<String ID="P222_ST00227" HPOS="1252" VPOS="1288" WIDTH="99" HEIGHT="27" CONTENT="action" WC="0.97" CC="001000"/>
						<SP ID="P222_SP00203" HPOS="1351" VPOS="1325" WIDTH="28"/>
						<String ID="P222_ST00228" HPOS="1379" VPOS="1287" WIDTH="121" HEIGHT="36" CONTENT="against" WC="0.60" CC="8006408"/>
					</TextLine>
					<TextLine ID="P222_TL00023" HPOS="349" VPOS="1337" WIDTH="1150" HEIGHT="39">
						<String ID="P222_ST00229" HPOS="349" VPOS="1342" WIDTH="129" HEIGHT="34" CONTENT="Pyrrhus" WC="0.83" CC="6001400"/>
						<SP ID="P222_SP00204" HPOS="478" VPOS="1376" WIDTH="14"/>
						<String ID="P222_ST00230" HPOS="492" VPOS="1342" WIDTH="106" HEIGHT="26" CONTENT="should" WC="0.78" CC="070500"/>
						<SP ID="P222_SP00205" HPOS="598" VPOS="1376" WIDTH="19"/>
						<String ID="P222_ST00231" HPOS="617" VPOS="1342" WIDTH="37" HEIGHT="25" CONTENT="be" WC="1.00" CC="00"/>
						<SP ID="P222_SP00206" HPOS="654" VPOS="1376" WIDTH="13"/>
						<String ID="P222_ST00232" HPOS="667" VPOS="1341" WIDTH="113" HEIGHT="26" CONTENT="carried" WC="0.94" CC="0001100"/>
						<SP ID="P222_SP00207" HPOS="780" VPOS="1376" WIDTH="14"/>
						<String ID="P222_ST00233" HPOS="794" VPOS="1348" WIDTH="38" HEIGHT="18" CONTENT="on" WC="0.79" CC="04"/>
						<String ID="P222_ST00234" HPOS="843" VPOS="1350" WIDTH="6" HEIGHT="20" CONTENT=";" WC="1.00" CC="0"/>
						<SP ID="P222_SP00208" HPOS="849" VPOS="1376" WIDTH="21"/>
						<String ID="P222_ST00235" HPOS="870" VPOS="1339" WIDTH="52" HEIGHT="32" CONTENT="for," WC="0.89" CC="0022"/>
						<SP ID="P222_SP00209" HPOS="922" VPOS="1376" WIDTH="16"/>
						<String ID="P222_ST00236" HPOS="938" VPOS="1339" WIDTH="161" HEIGHT="34" CONTENT="according" WC="1.00" CC="000000000"/>
						<SP ID="P222_SP00210" HPOS="1099" VPOS="1376" WIDTH="21"/>
						<String ID="P222_ST00237" HPOS="1120" VPOS="1342" WIDTH="31" HEIGHT="22" CONTENT="to" WC="1.00" CC="00"/>
						<SP ID="P222_SP00211" HPOS="1151" VPOS="1376" WIDTH="14"/>
						<String ID="P222_ST00238" HPOS="1165" VPOS="1339" WIDTH="51" HEIGHT="25" CONTENT="the" WC="0.77" CC="060"/>
						<SP ID="P222_SP00212" HPOS="1216" VPOS="1376" WIDTH="14"/>
						<String ID="P222_ST00239" HPOS="1230" VPOS="1338" WIDTH="201" HEIGHT="35" CONTENT="soothsayers," WC="0.93" CC="000050000300"/>
						<SP ID="P222_SP00213" HPOS="1431" VPOS="1376" WIDTH="16"/>
						<String ID="P222_ST00240" HPOS="1447" VPOS="1337" WIDTH="52" HEIGHT="27" CONTENT="the" WC="0.75" CC="070"/>
					</TextLine>
					<TextLine ID="P222_TL00024" HPOS="348" VPOS="1387" WIDTH="1152" HEIGHT="37">
						<String ID="P222_ST00241" HPOS="348" VPOS="1391" WIDTH="59" HEIGHT="26" CONTENT="loss" WC="1.00" CC="0000"/>
						<SP ID="P222_SP00214" HPOS="407" VPOS="1417" WIDTH="24"/>
						<String ID="P222_ST00242" HPOS="431" VPOS="1391" WIDTH="59" HEIGHT="26" CONTENT="and" WC="1.00" CC="000"/>
						<SP ID="P222_SP00215" HPOS="490" VPOS="1417" WIDTH="27"/>
						<String ID="P222_ST00243" HPOS="517" VPOS="1391" WIDTH="177" HEIGHT="33" CONTENT="subsequent" WC="0.91" CC="0410000010"/>
						<SP ID="P222_SP00216" HPOS="694" VPOS="1424" WIDTH="27"/>
						<String ID="P222_ST00244" HPOS="721" VPOS="1390" WIDTH="116" HEIGHT="34" CONTENT="finding" WC="0.90" CC="2200100"/>
						<SP ID="P222_SP00217" HPOS="837" VPOS="1424" WIDTH="26"/>
						<String ID="P222_ST00245" HPOS="863" VPOS="1388" WIDTH="33" HEIGHT="26" CONTENT="of" WC="1.00" CC="00"/>
						<SP ID="P222_SP00218" HPOS="896" VPOS="1424" WIDTH="22"/>
						<String ID="P222_ST00246" HPOS="918" VPOS="1389" WIDTH="50" HEIGHT="25" CONTENT="the" WC="0.87" CC="030"/>
						<SP ID="P222_SP00219" HPOS="968" VPOS="1424" WIDTH="20"/>
						<String ID="P222_ST00247" HPOS="988" VPOS="1388" WIDTH="87" HEIGHT="33" CONTENT="head," WC="0.81" CC="50003"/>
						<SP ID="P222_SP00220" HPOS="1075" VPOS="1424" WIDTH="23"/>
						<String ID="P222_ST00248" HPOS="1098" VPOS="1389" WIDTH="113" HEIGHT="34" CONTENT="proved" WC="1.00" CC="000000"/>
						<SP ID="P222_SP00221" HPOS="1211" VPOS="1424" WIDTH="21"/>
						<String ID="P222_ST00249" HPOS="1232" VPOS="1389" WIDTH="65" HEIGHT="25" CONTENT="that" WC="0.84" CC="0600"/>
						<SP ID="P222_SP00222" HPOS="1297" VPOS="1424" WIDTH="26"/>
						<String ID="P222_ST00250" HPOS="1323" VPOS="1388" WIDTH="75" HEIGHT="26" CONTENT="after" WC="1.00" CC="00000"/>
						<SP ID="P222_SP00223" HPOS="1398" VPOS="1424" WIDTH="22"/>
						<String ID="P222_ST00251" HPOS="1420" VPOS="1387" WIDTH="80" HEIGHT="27" CONTENT="hair" SUBS_TYPE="HypPart1" SUBS_CONTENT="hairbreadth" WC="0.88" CC="00023"/>
						<HYP CONTENT="-"/>
					</TextLine>
					<TextLine ID="P222_TL00025" HPOS="348" VPOS="1438" WIDTH="844" HEIGHT="35">
						<String ID="P222_ST00252" HPOS="348" VPOS="1441" WIDTH="124" HEIGHT="26" CONTENT="breadth" SUBS_TYPE="HypPart2" SUBS_CONTENT="hairbreadth" WC="0.93" CC="0000004"/>
						<SP ID="P222_SP00224" HPOS="472" VPOS="1467" WIDTH="14"/>
						<String ID="P222_ST00253" HPOS="486" VPOS="1447" WIDTH="121" HEIGHT="26" CONTENT="escapes" WC="1.00" CC="0000000"/>
						<SP ID="P222_SP00225" HPOS="607" VPOS="1473" WIDTH="15"/>
						<String ID="P222_ST00254" HPOS="622" VPOS="1439" WIDTH="113" HEIGHT="34" CONTENT="victory" WC="1.00" CC="0000000"/>
						<SP ID="P222_SP00226" HPOS="735" VPOS="1473" WIDTH="14"/>
						<String ID="P222_ST00255" HPOS="749" VPOS="1438" WIDTH="97" HEIGHT="26" CONTENT="would" WC="0.91" CC="00400"/>
						<SP ID="P222_SP00227" HPOS="846" VPOS="1473" WIDTH="15"/>
						<String ID="P222_ST00256" HPOS="861" VPOS="1447" WIDTH="97" HEIGHT="17" CONTENT="crown" WC="1.00" CC="00000"/>
						<SP ID="P222_SP00228" HPOS="958" VPOS="1473" WIDTH="14"/>
						<String ID="P222_ST00257" HPOS="972" VPOS="1438" WIDTH="77" HEIGHT="25" CONTENT="their" WC="0.85" CC="02012"/>
						<SP ID="P222_SP00229" HPOS="1049" VPOS="1473" WIDTH="14"/>
						<String ID="P222_ST00258" HPOS="1063" VPOS="1438" WIDTH="129" HEIGHT="26" CONTENT="labours." WC="0.86" CC="50005000"/>
					</TextLine>
				</TextBlock>
				<TextBlock ID="P222_TB00006" HPOS="342" VPOS="1512" WIDTH="1163" HEIGHT="682" STYLEREFS="TXT_1 PAR_LEFT">
					<TextLine ID="P222_TL00026" HPOS="404" VPOS="1513" WIDTH="1096" HEIGHT="36">
						<String ID="P222_ST00259" HPOS="404" VPOS="1514" WIDTH="129" HEIGHT="35" CONTENT="Pyrrhus" WC="0.79" CC="6020500"/>
						<SP ID="P222_SP00230" HPOS="533" VPOS="1549" WIDTH="24"/>
						<String ID="P222_ST00260" HPOS="557" VPOS="1513" WIDTH="30" HEIGHT="27" CONTENT="in" WC="0.84" CC="03"/>
						<SP ID="P222_SP00231" HPOS="587" VPOS="1549" WIDTH="24"/>
						<String ID="P222_ST00261" HPOS="611" VPOS="1514" WIDTH="49" HEIGHT="26" CONTENT="the" WC="0.89" CC="030"/>
						<SP ID="P222_SP00232" HPOS="660" VPOS="1549" WIDTH="23"/>
						<String ID="P222_ST00262" HPOS="683" VPOS="1522" WIDTH="87" HEIGHT="18" CONTENT="mean" WC="0.73" CC="0037"/>
						<SP ID="P222_SP00233" HPOS="770" VPOS="1549" WIDTH="24"/>
						<String ID="P222_ST00263" HPOS="794" VPOS="1513" WIDTH="71" HEIGHT="27" CONTENT="time" WC="0.81" CC="2400"/>
						<SP ID="P222_SP00234" HPOS="865" VPOS="1549" WIDTH="23"/>
						<String ID="P222_ST00264" HPOS="888" VPOS="1513" WIDTH="140" HEIGHT="26" CONTENT="marched" WC="0.90" CC="0000600"/>
						<SP ID="P222_SP00235" HPOS="1028" VPOS="1549" WIDTH="26"/>
						<String ID="P222_ST00265" HPOS="1054" VPOS="1517" WIDTH="31" HEIGHT="22" CONTENT="to" WC="1.00" CC="00"/>
						<SP ID="P222_SP00236" HPOS="1085" VPOS="1549" WIDTH="27"/>
						<String ID="P222_ST00266" HPOS="1112" VPOS="1513" WIDTH="206" HEIGHT="27" CONTENT="Beneventum" WC="0.91" CC="3040000000"/>
						<SP ID="P222_SP00237" HPOS="1318" VPOS="1549" WIDTH="25"/>
						<String ID="P222_ST00267" HPOS="1343" VPOS="1518" WIDTH="30" HEIGHT="22" CONTENT="to" WC="1.00" CC="00"/>
						<SP ID="P222_SP00238" HPOS="1373" VPOS="1549" WIDTH="25"/>
						<String ID="P222_ST00268" HPOS="1398" VPOS="1513" WIDTH="102" HEIGHT="27" CONTENT="attack" WC="1.00" CC="000000"/>
					</TextLine>
					<TextLine ID="P222_TL00027" HPOS="349" VPOS="1562" WIDTH="1151" HEIGHT="36">
						<String ID="P222_ST00269" HPOS="349" VPOS="1563" WIDTH="113" HEIGHT="32" CONTENT="Curius," WC="0.90" CC="0004100"/>
						<SP ID="P222_SP00239" HPOS="462" VPOS="1595" WIDTH="15"/>
						<String ID="P222_ST00270" HPOS="477" VPOS="1563" WIDTH="156" HEIGHT="34" CONTENT="intending" WC="0.91" CC="100000050"/>
						<SP ID="P222_SP00240" HPOS="633" VPOS="1597" WIDTH="20"/>
						<String ID="P222_ST00271" HPOS="653" VPOS="1567" WIDTH="30" HEIGHT="23" CONTENT="to" WC="1.00" CC="00"/>
						<SP ID="P222_SP00241" HPOS="683" VPOS="1597" WIDTH="20"/>
						<String ID="P222_ST00272" HPOS="703" VPOS="1562" WIDTH="128" HEIGHT="35" CONTENT="surprise" WC="0.94" CC="03000100"/>
						<SP ID="P222_SP00242" HPOS="831" VPOS="1597" WIDTH="14"/>
						<String ID="P222_ST00273" HPOS="845" VPOS="1563" WIDTH="50" HEIGHT="26" CONTENT="the" WC="0.84" CC="040"/>
						<SP ID="P222_SP00243" HPOS="895" VPOS="1597" WIDTH="14"/>
						<String ID="P222_ST00274" HPOS="909" VPOS="1563" WIDTH="88" HEIGHT="26" CONTENT="latter" WC="0.93" CC="003000"/>
						<SP ID="P222_SP00244" HPOS="997" VPOS="1597" WIDTH="13"/>
						<String ID="P222_ST00275" HPOS="1010" VPOS="1563" WIDTH="41" HEIGHT="35" CONTENT="by" WC="0.56" CC="08"/>
						<SP ID="P222_SP00245" HPOS="1051" VPOS="1598" WIDTH="14"/>
						<String ID="P222_ST00276" HPOS="1065" VPOS="1563" WIDTH="137" HEIGHT="35" CONTENT="sending," WC="1.00" CC="00000000"/>
						<SP ID="P222_SP00246" HPOS="1202" VPOS="1598" WIDTH="16"/>
						<String ID="P222_ST00277" HPOS="1218" VPOS="1563" WIDTH="130" HEIGHT="35" CONTENT="through" WC="0.58" CC="3600683"/>
						<SP ID="P222_SP00247" HPOS="1348" VPOS="1598" WIDTH="15"/>
						<String ID="P222_ST00278" HPOS="1363" VPOS="1572" WIDTH="17" HEIGHT="17" CONTENT="a" WC="1.00" CC="0"/>
						<SP ID="P222_SP00248" HPOS="1380" VPOS="1598" WIDTH="15"/>
						<String ID="P222_ST00279" HPOS="1395" VPOS="1572" WIDTH="105" HEIGHT="18" CONTENT="moun" SUBS_TYPE="HypPart1" SUBS_CONTENT="mountain" WC="0.91" CC="00004"/>
						<HYP CONTENT="-"/>
					</TextLine>
					<TextLine ID="P222_TL00028" HPOS="347" VPOS="1612" WIDTH="1155" HEIGHT="34">
						<String ID="P222_ST00280" HPOS="347" VPOS="1612" WIDTH="62" HEIGHT="27" CONTENT="tain" SUBS_TYPE="HypPart2" SUBS_CONTENT="mountain" WC="0.64" CC="5123"/>
						<SP ID="P222_SP00249" HPOS="409" VPOS="1639" WIDTH="20"/>
						<String ID="P222_ST00281" HPOS="429" VPOS="1621" WIDTH="77" HEIGHT="25" CONTENT="pass," WC="0.92" CC="00004"/>
						<SP ID="P222_SP00250" HPOS="506" VPOS="1646" WIDTH="22"/>
						<String ID="P222_ST00282" HPOS="528" VPOS="1621" WIDTH="80" HEIGHT="17" CONTENT="some" WC="1.00" CC="0000"/>
						<SP ID="P222_SP00251" HPOS="608" VPOS="1646" WIDTH="18"/>
						<String ID="P222_ST00283" HPOS="626" VPOS="1617" WIDTH="100" HEIGHT="29" CONTENT="troops" WC="0.86" CC="800000"/>
						<SP ID="P222_SP00252" HPOS="726" VPOS="1646" WIDTH="19"/>
						<String ID="P222_ST00284" HPOS="745" VPOS="1612" WIDTH="59" HEIGHT="26" CONTENT="and" WC="0.94" CC="010"/>
						<SP ID="P222_SP00253" HPOS="804" VPOS="1646" WIDTH="17"/>
						<String ID="P222_ST00285" HPOS="821" VPOS="1612" WIDTH="166" HEIGHT="34" CONTENT="elephants." WC="0.93" CC="0000500100"/>
						<SP ID="P222_SP00254" HPOS="987" VPOS="1646" WIDTH="39"/>
						<String ID="P222_ST00286" HPOS="1026" VPOS="1612" WIDTH="63" HEIGHT="27" CONTENT="The" WC="0.91" CC="020"/>
						<SP ID="P222_SP00255" HPOS="1089" VPOS="1646" WIDTH="21"/>
						<String ID="P222_ST00287" HPOS="1110" VPOS="1612" WIDTH="67" HEIGHT="27" CONTENT="idea" WC="1.00" CC="0000"/>
						<SP ID="P222_SP00256" HPOS="1177" VPOS="1646" WIDTH="20"/>
						<String ID="P222_ST00288" HPOS="1197" VPOS="1612" WIDTH="34" HEIGHT="27" CONTENT="of" WC="1.00" CC="00"/>
						<SP ID="P222_SP00257" HPOS="1231" VPOS="1646" WIDTH="17"/>
						<String ID="P222_ST00289" HPOS="1248" VPOS="1622" WIDTH="17" HEIGHT="17" CONTENT="a" WC="1.00" CC="0"/>
						<SP ID="P222_SP00258" HPOS="1265" VPOS="1646" WIDTH="22"/>
						<String ID="P222_ST00290" HPOS="1287" VPOS="1613" WIDTH="81" HEIGHT="27" CONTENT="short" WC="0.81" CC="06020"/>
						<SP ID="P222_SP00259" HPOS="1368" VPOS="1646" WIDTH="22"/>
						<String ID="P222_ST00291" HPOS="1390" VPOS="1618" WIDTH="49" HEIGHT="22" CONTENT="cut" WC="0.66" CC="027"/>
						<SP ID="P222_SP00260" HPOS="1439" VPOS="1646" WIDTH="17"/>
						<String ID="P222_ST00292" HPOS="1456" VPOS="1612" WIDTH="46" HEIGHT="28" CONTENT="for" WC="0.87" CC="003"/>
					</TextLine>
					<TextLine ID="P222_TL00029" HPOS="348" VPOS="1662" WIDTH="1154" HEIGHT="36">
						<String ID="P222_ST00293" HPOS="348" VPOS="1662" WIDTH="82" HEIGHT="26" CONTENT="these" WC="0.86" CC="05000"/>
						<SP ID="P222_SP00261" HPOS="430" VPOS="1688" WIDTH="27"/>
						<String ID="P222_ST00294" HPOS="457" VPOS="1662" WIDTH="127" HEIGHT="26" CONTENT="massive" WC="0.81" CC="0000670"/>
						<SP ID="P222_SP00262" HPOS="584" VPOS="1688" WIDTH="27"/>
						<String ID="P222_ST00295" HPOS="611" VPOS="1662" WIDTH="100" HEIGHT="26" CONTENT="brutes" WC="0.89" CC="104000"/>
						<SP ID="P222_SP00263" HPOS="711" VPOS="1688" WIDTH="23"/>
						<String ID="P222_ST00296" HPOS="734" VPOS="1670" WIDTH="60" HEIGHT="17" CONTENT="was" WC="1.00" CC="000"/>
						<SP ID="P222_SP00264" HPOS="794" VPOS="1688" WIDTH="25"/>
						<String ID="P222_ST00297" HPOS="819" VPOS="1662" WIDTH="118" HEIGHT="32" CONTENT="absurd," WC="0.88" CC="0400004"/>
						<SP ID="P222_SP00265" HPOS="937" VPOS="1694" WIDTH="25"/>
						<String ID="P222_ST00298" HPOS="962" VPOS="1662" WIDTH="60" HEIGHT="26" CONTENT="and" WC="1.00" CC="000"/>
						<SP ID="P222_SP00266" HPOS="1022" VPOS="1694" WIDTH="26"/>
						<String ID="P222_ST00299" HPOS="1048" VPOS="1662" WIDTH="50" HEIGHT="27" CONTENT="the" WC="0.82" CC="050"/>
						<SP ID="P222_SP00267" HPOS="1098" VPOS="1694" WIDTH="27"/>
						<String ID="P222_ST00300" HPOS="1125" VPOS="1662" WIDTH="151" HEIGHT="36" CONTENT="unwieldy" WC="0.89" CC="30000500"/>
						<SP ID="P222_SP00268" HPOS="1276" VPOS="1698" WIDTH="20"/>
						<String ID="P222_ST00301" HPOS="1296" VPOS="1663" WIDTH="74" HEIGHT="26" CONTENT="bulk" WC="0.79" CC="0440"/>
						<SP ID="P222_SP00269" HPOS="1370" VPOS="1698" WIDTH="26"/>
						<String ID="P222_ST00302" HPOS="1396" VPOS="1662" WIDTH="34" HEIGHT="27" CONTENT="of" WC="1.00" CC="00"/>
						<SP ID="P222_SP00270" HPOS="1430" VPOS="1698" WIDTH="21"/>
						<String ID="P222_ST00303" HPOS="1451" VPOS="1663" WIDTH="51" HEIGHT="26" CONTENT="the" WC="0.73" CC="250"/>
					</TextLine>
					<TextLine ID="P222_TL00030" HPOS="347" VPOS="1711" WIDTH="1153" HEIGHT="37">
						<String ID="P222_ST00304" HPOS="347" VPOS="1712" WIDTH="155" HEIGHT="33" CONTENT="elephants" WC="0.88" CC="040060000"/>
						<SP ID="P222_SP00271" HPOS="502" VPOS="1745" WIDTH="14"/>
						<String ID="P222_ST00305" HPOS="516" VPOS="1712" WIDTH="108" HEIGHT="25" CONTENT="caused" WC="0.88" CC="000600"/>
						<SP ID="P222_SP00272" HPOS="624" VPOS="1745" WIDTH="15"/>
						<String ID="P222_ST00306" HPOS="639" VPOS="1720" WIDTH="17" HEIGHT="17" CONTENT="a" WC="1.00" CC="0"/>
						<SP ID="P222_SP00273" HPOS="656" VPOS="1745" WIDTH="15"/>
						<String ID="P222_ST00307" HPOS="671" VPOS="1712" WIDTH="167" HEIGHT="26" CONTENT="succession" WC="0.94" CC="0200000300"/>
						<SP ID="P222_SP00274" HPOS="838" VPOS="1745" WIDTH="15"/>
						<String ID="P222_ST00308" HPOS="853" VPOS="1711" WIDTH="33" HEIGHT="27" CONTENT="of" WC="1.00" CC="00"/>
						<SP ID="P222_SP00275" HPOS="886" VPOS="1745" WIDTH="10"/>
						<String ID="P222_ST00309" HPOS="896" VPOS="1716" WIDTH="163" HEIGHT="30" CONTENT="stoppages" WC="1.00" CC="000000000"/>
						<SP ID="P222_SP00276" HPOS="1059" VPOS="1746" WIDTH="15"/>
						<String ID="P222_ST00310" HPOS="1074" VPOS="1712" WIDTH="29" HEIGHT="26" CONTENT="in" WC="1.00" CC="00"/>
						<SP ID="P222_SP00277" HPOS="1103" VPOS="1746" WIDTH="15"/>
						<String ID="P222_ST00311" HPOS="1118" VPOS="1713" WIDTH="50" HEIGHT="26" CONTENT="the" WC="0.76" CC="340"/>
						<SP ID="P222_SP00278" HPOS="1168" VPOS="1746" WIDTH="14"/>
						<String ID="P222_ST00312" HPOS="1182" VPOS="1712" WIDTH="159" HEIGHT="36" CONTENT="highways" WC="0.83" CC="54030000"/>
						<SP ID="P222_SP00279" HPOS="1341" VPOS="1748" WIDTH="15"/>
						<String ID="P222_ST00313" HPOS="1356" VPOS="1713" WIDTH="60" HEIGHT="26" CONTENT="and" WC="0.95" CC="100"/>
						<SP ID="P222_SP00280" HPOS="1416" VPOS="1748" WIDTH="13"/>
						<String ID="P222_ST00314" HPOS="1429" VPOS="1714" WIDTH="71" HEIGHT="34" CONTENT="bye" SUBS_TYPE="HypPart1" SUBS_CONTENT="byeways" WC="0.90" CC="0004"/>
						<HYP CONTENT="-"/>
					</TextLine>
					<TextLine ID="P222_TL00031" HPOS="346" VPOS="1761" WIDTH="1155" HEIGHT="36">
						<String ID="P222_ST00315" HPOS="346" VPOS="1771" WIDTH="81" HEIGHT="26" CONTENT="ways" SUBS_TYPE="HypPart2" SUBS_CONTENT="byeways" WC="0.91" CC="0300"/>
						<SP ID="P222_SP00281" HPOS="427" VPOS="1797" WIDTH="20"/>
						<String ID="P222_ST00316" HPOS="447" VPOS="1761" WIDTH="127" HEIGHT="34" CONTENT="through" WC="0.76" CC="0020093"/>
						<SP ID="P222_SP00282" HPOS="574" VPOS="1797" WIDTH="21"/>
						<String ID="P222_ST00317" HPOS="595" VPOS="1761" WIDTH="95" HEIGHT="27" CONTENT="which" WC="0.47" CC="95505"/>
						<SP ID="P222_SP00283" HPOS="690" VPOS="1797" WIDTH="21"/>
						<String ID="P222_ST00318" HPOS="711" VPOS="1762" WIDTH="71" HEIGHT="35" CONTENT="they" WC="0.92" CC="0300"/>
						<SP ID="P222_SP00284" HPOS="782" VPOS="1797" WIDTH="18"/>
						<String ID="P222_ST00319" HPOS="800" VPOS="1770" WIDTH="76" HEIGHT="18" CONTENT="were" WC="1.00" CC="0000"/>
						<SP ID="P222_SP00285" HPOS="876" VPOS="1797" WIDTH="21"/>
						<String ID="P222_ST00320" HPOS="897" VPOS="1762" WIDTH="92" HEIGHT="35" CONTENT="being" WC="0.87" CC="00050"/>
						<SP ID="P222_SP00286" HPOS="989" VPOS="1797" WIDTH="21"/>
						<String ID="P222_ST00321" HPOS="1010" VPOS="1762" WIDTH="112" HEIGHT="27" CONTENT="driven." WC="0.98" CC="0100000"/>
						<SP ID="P222_SP00287" HPOS="1122" VPOS="1797" WIDTH="42"/>
						<String ID="P222_ST00322" HPOS="1164" VPOS="1763" WIDTH="63" HEIGHT="26" CONTENT="The" WC="0.83" CC="040"/>
						<SP ID="P222_SP00288" HPOS="1227" VPOS="1797" WIDTH="21"/>
						<String ID="P222_ST00323" HPOS="1248" VPOS="1762" WIDTH="98" HEIGHT="28" CONTENT="Greek" WC="0.82" CC="71000"/>
						<SP ID="P222_SP00289" HPOS="1346" VPOS="1797" WIDTH="20"/>
						<String ID="P222_ST00324" HPOS="1366" VPOS="1764" WIDTH="135" HEIGHT="25" CONTENT="columns" WC="0.91" CC="0005000"/>
					</TextLine>
					<TextLine ID="P222_TL00032" HPOS="346" VPOS="1811" WIDTH="1155" HEIGHT="38">
						<String ID="P222_ST00325" HPOS="346" VPOS="1815" WIDTH="52" HEIGHT="30" CONTENT="got" WC="0.91" CC="002"/>
						<SP ID="P222_SP00290" HPOS="398" VPOS="1845" WIDTH="22"/>
						<String ID="P222_ST00326" HPOS="420" VPOS="1811" WIDTH="200" HEIGHT="35" CONTENT="occasionally" WC="0.97" CC="000003000000"/>
						<SP ID="P222_SP00291" HPOS="620" VPOS="1846" WIDTH="21"/>
						<String ID="P222_ST00327" HPOS="641" VPOS="1811" WIDTH="61" HEIGHT="27" CONTENT="into" WC="0.94" CC="0020"/>
						<SP ID="P222_SP00292" HPOS="702" VPOS="1846" WIDTH="23"/>
						<String ID="P222_ST00328" HPOS="725" VPOS="1820" WIDTH="17" HEIGHT="17" CONTENT="a" WC="1.00" CC="0"/>
						<SP ID="P222_SP00293" HPOS="742" VPOS="1846" WIDTH="21"/>
						<String ID="P222_ST00329" HPOS="763" VPOS="1811" WIDTH="103" HEIGHT="27" CONTENT="fearful" WC="0.90" CC="2000030"/>
						<SP ID="P222_SP00294" HPOS="866" VPOS="1846" WIDTH="21"/>
						<String ID="P222_ST00330" HPOS="887" VPOS="1811" WIDTH="50" HEIGHT="33" CONTENT="fix," WC="0.65" CC="1181"/>
						<SP ID="P222_SP00295" HPOS="937" VPOS="1846" WIDTH="24"/>
						<String ID="P222_ST00331" HPOS="961" VPOS="1812" WIDTH="59" HEIGHT="26" CONTENT="and" WC="0.99" CC="000"/>
						<SP ID="P222_SP00296" HPOS="1020" VPOS="1846" WIDTH="22"/>
						<String ID="P222_ST00332" HPOS="1042" VPOS="1812" WIDTH="22" HEIGHT="27" CONTENT="it" WC="1.00" CC="00"/>
						<SP ID="P222_SP00297" HPOS="1064" VPOS="1846" WIDTH="22"/>
						<String ID="P222_ST00333" HPOS="1086" VPOS="1821" WIDTH="61" HEIGHT="18" CONTENT="was" WC="1.00" CC="000"/>
						<SP ID="P222_SP00298" HPOS="1147" VPOS="1846" WIDTH="22"/>
						<String ID="P222_ST00334" HPOS="1169" VPOS="1812" WIDTH="72" HEIGHT="27" CONTENT="with" WC="0.86" CC="0500"/>
						<SP ID="P222_SP00299" HPOS="1241" VPOS="1846" WIDTH="23"/>
						<String ID="P222_ST00335" HPOS="1264" VPOS="1813" WIDTH="144" HEIGHT="36" CONTENT="difficulty" WC="0.91" CC="0300004100"/>
						<SP ID="P222_SP00300" HPOS="1408" VPOS="1849" WIDTH="22"/>
						<String ID="P222_ST00336" HPOS="1430" VPOS="1814" WIDTH="71" HEIGHT="35" CONTENT="they" WC="0.86" CC="0500"/>
					</TextLine>
					<TextLine ID="P222_TL00033" HPOS="346" VPOS="1861" WIDTH="1156" HEIGHT="37">
						<String ID="P222_ST00337" HPOS="346" VPOS="1861" WIDTH="87" HEIGHT="26" CONTENT="could" WC="0.87" CC="00510"/>
						<SP ID="P222_SP00301" HPOS="433" VPOS="1887" WIDTH="18"/>
						<String ID="P222_ST00338" HPOS="451" VPOS="1861" WIDTH="53" HEIGHT="34" CONTENT="lug" WC="1.00" CC="000"/>
						<SP ID="P222_SP00302" HPOS="504" VPOS="1895" WIDTH="14"/>
						<String ID="P222_ST00339" HPOS="518" VPOS="1861" WIDTH="129" HEIGHT="34" CONTENT="through" WC="0.77" CC="0700205"/>
						<SP ID="P222_SP00303" HPOS="647" VPOS="1895" WIDTH="14"/>
						<String ID="P222_ST00340" HPOS="661" VPOS="1861" WIDTH="50" HEIGHT="27" CONTENT="the" WC="0.69" CC="350"/>
						<SP ID="P222_SP00304" HPOS="711" VPOS="1895" WIDTH="15"/>
						<String ID="P222_ST00341" HPOS="726" VPOS="1861" WIDTH="154" HEIGHT="27" CONTENT="mountain" WC="0.82" CC="00300630"/>
						<SP ID="P222_SP00305" HPOS="880" VPOS="1895" WIDTH="18"/>
						<String ID="P222_ST00342" HPOS="898" VPOS="1871" WIDTH="69" HEIGHT="25" CONTENT="pass" WC="1.00" CC="0000"/>
						<SP ID="P222_SP00306" HPOS="967" VPOS="1896" WIDTH="14"/>
						<String ID="P222_ST00343" HPOS="981" VPOS="1861" WIDTH="78" HEIGHT="27" CONTENT="their" WC="0.67" CC="37032"/>
						<SP ID="P222_SP00307" HPOS="1059" VPOS="1896" WIDTH="14"/>
						<String ID="P222_ST00344" HPOS="1073" VPOS="1863" WIDTH="164" HEIGHT="35" CONTENT="extremely" WC="0.95" CC="004000000"/>
						<SP ID="P222_SP00308" HPOS="1237" VPOS="1898" WIDTH="14"/>
						<String ID="P222_ST00345" HPOS="1251" VPOS="1863" WIDTH="95" HEIGHT="35" CONTENT="bulky" WC="1.00" CC="00000"/>
						<SP ID="P222_SP00309" HPOS="1346" VPOS="1898" WIDTH="13"/>
						<String ID="P222_ST00346" HPOS="1359" VPOS="1864" WIDTH="143" HEIGHT="34" CONTENT="luggage." WC="0.91" CC="40000002"/>
					</TextLine>
					<TextLine ID="P222_TL00034" HPOS="346" VPOS="1910" WIDTH="1157" HEIGHT="39">
						<String ID="P222_ST00347" HPOS="346" VPOS="1910" WIDTH="121" HEIGHT="26" CONTENT="Instead" WC="0.84" CC="3502000"/>
						<SP ID="P222_SP00310" HPOS="467" VPOS="1936" WIDTH="14"/>
						<String ID="P222_ST00348" HPOS="481" VPOS="1910" WIDTH="33" HEIGHT="26" CONTENT="of" WC="1.00" CC="00"/>
						<SP ID="P222_SP00311" HPOS="514" VPOS="1936" WIDTH="15"/>
						<String ID="P222_ST00349" HPOS="529" VPOS="1910" WIDTH="182" HEIGHT="36" CONTENT="completing" WC="0.87" CC="0300701000"/>
						<SP ID="P222_SP00312" HPOS="711" VPOS="1946" WIDTH="20"/>
						<String ID="P222_ST00350" HPOS="731" VPOS="1911" WIDTH="77" HEIGHT="27" CONTENT="their" WC="0.70" CC="55030"/>
						<SP ID="P222_SP00313" HPOS="808" VPOS="1946" WIDTH="17"/>
						<String ID="P222_ST00351" HPOS="825" VPOS="1911" WIDTH="126" HEIGHT="36" CONTENT="journey" WC="0.94" CC="2001000"/>
						<SP ID="P222_SP00314" HPOS="951" VPOS="1947" WIDTH="14"/>
						<String ID="P222_ST00352" HPOS="965" VPOS="1912" WIDTH="40" HEIGHT="35" CONTENT="by" WC="1.00" CC="00"/>
						<SP ID="P222_SP00315" HPOS="1005" VPOS="1947" WIDTH="15"/>
						<String ID="P222_ST00353" HPOS="1020" VPOS="1911" WIDTH="96" HEIGHT="37" CONTENT="night," WC="0.80" CC="300700"/>
						<SP ID="P222_SP00316" HPOS="1116" VPOS="1948" WIDTH="15"/>
						<String ID="P222_ST00354" HPOS="1131" VPOS="1912" WIDTH="23" HEIGHT="26" CONTENT="it" WC="1.00" CC="00"/>
						<SP ID="P222_SP00317" HPOS="1154" VPOS="1948" WIDTH="14"/>
						<String ID="P222_ST00355" HPOS="1168" VPOS="1921" WIDTH="61" HEIGHT="18" CONTENT="was" WC="1.00" CC="000"/>
						<SP ID="P222_SP00318" HPOS="1229" VPOS="1948" WIDTH="15"/>
						<String ID="P222_ST00356" HPOS="1244" VPOS="1913" WIDTH="139" HEIGHT="36" CONTENT="daylight" WC="0.77" CC="06033050"/>
						<SP ID="P222_SP00319" HPOS="1383" VPOS="1949" WIDTH="19"/>
						<String ID="P222_ST00357" HPOS="1402" VPOS="1913" WIDTH="101" HEIGHT="26" CONTENT="before" WC="1.00" CC="000000"/>
					</TextLine>
					<TextLine ID="P222_TL00035" HPOS="345" VPOS="1960" WIDTH="1156" HEIGHT="35">
						<String ID="P222_ST00358" HPOS="345" VPOS="1960" WIDTH="70" HEIGHT="35" CONTENT="they" WC="0.84" CC="0600"/>
						<SP ID="P222_SP00320" HPOS="415" VPOS="1995" WIDTH="20"/>
						<String ID="P222_ST00359" HPOS="435" VPOS="1960" WIDTH="60" HEIGHT="27" CONTENT="had" WC="0.86" CC="400"/>
						<SP ID="P222_SP00321" HPOS="495" VPOS="1995" WIDTH="20"/>
						<String ID="P222_ST00360" HPOS="515" VPOS="1961" WIDTH="190" HEIGHT="26" CONTENT="commenced" WC="0.92" CC="000007000"/>
						<SP ID="P222_SP00322" HPOS="705" VPOS="1995" WIDTH="20"/>
						<String ID="P222_ST00361" HPOS="725" VPOS="1961" WIDTH="76" HEIGHT="27" CONTENT="their" WC="0.74" CC="06023"/>
						<SP ID="P222_SP00323" HPOS="801" VPOS="1995" WIDTH="20"/>
						<String ID="P222_ST00362" HPOS="821" VPOS="1962" WIDTH="122" HEIGHT="26" CONTENT="descent" WC="0.95" CC="0000030"/>
						<SP ID="P222_SP00324" HPOS="943" VPOS="1995" WIDTH="21"/>
						<String ID="P222_ST00363" HPOS="964" VPOS="1971" WIDTH="37" HEIGHT="17" CONTENT="on" WC="0.50" CC="90"/>
						<SP ID="P222_SP00325" HPOS="1001" VPOS="1995" WIDTH="23"/>
						<String ID="P222_ST00364" HPOS="1024" VPOS="1962" WIDTH="114" HEIGHT="33" CONTENT="Curius," WC="0.97" CC="0001000"/>
						<SP ID="P222_SP00326" HPOS="1138" VPOS="1995" WIDTH="22"/>
						<String ID="P222_ST00365" HPOS="1160" VPOS="1963" WIDTH="66" HEIGHT="26" CONTENT="who" WC="0.89" CC="030"/>
						<SP ID="P222_SP00327" HPOS="1226" VPOS="1995" WIDTH="22"/>
						<String ID="P222_ST00366" HPOS="1248" VPOS="1971" WIDTH="61" HEIGHT="18" CONTENT="saw" WC="1.00" CC="000"/>
						<SP ID="P222_SP00328" HPOS="1309" VPOS="1995" WIDTH="20"/>
						<String ID="P222_ST00367" HPOS="1329" VPOS="1963" WIDTH="82" HEIGHT="26" CONTENT="them" WC="0.73" CC="0703"/>
						<SP ID="P222_SP00329" HPOS="1411" VPOS="1995" WIDTH="22"/>
						<String ID="P222_ST00368" HPOS="1433" VPOS="1967" WIDTH="29" HEIGHT="22" CONTENT="at" WC="1.00" CC="00"/>
						<SP ID="P222_SP00330" HPOS="1462" VPOS="1995" WIDTH="22"/>
						<String ID="P222_ST00369" HPOS="1484" VPOS="1972" WIDTH="17" HEIGHT="17" CONTENT="a" WC="1.00" CC="0"/>
					</TextLine>
					<TextLine ID="P222_TL00036" HPOS="345" VPOS="2010" WIDTH="1158" HEIGHT="37">
						<String ID="P222_ST00370" HPOS="345" VPOS="2010" WIDTH="142" HEIGHT="32" CONTENT="distance," WC="0.99" CC="000000000"/>
						<SP ID="P222_SP00331" HPOS="487" VPOS="2042" WIDTH="25"/>
						<String ID="P222_ST00371" HPOS="512" VPOS="2011" WIDTH="59" HEIGHT="26" CONTENT="and" WC="0.93" CC="020"/>
						<SP ID="P222_SP00332" HPOS="571" VPOS="2042" WIDTH="27"/>
						<String ID="P222_ST00372" HPOS="598" VPOS="2011" WIDTH="145" HEIGHT="34" CONTENT="prepared" WC="0.81" CC="04000009"/>
						<SP ID="P222_SP00333" HPOS="743" VPOS="2045" WIDTH="24"/>
						<String ID="P222_ST00373" HPOS="767" VPOS="2020" WIDTH="17" HEIGHT="17" CONTENT="a" WC="1.00" CC="0"/>
						<SP ID="P222_SP00334" HPOS="784" VPOS="2045" WIDTH="23"/>
						<String ID="P222_ST00374" HPOS="807" VPOS="2021" WIDTH="92" HEIGHT="16" CONTENT="warm" WC="0.93" CC="0020"/>
						<SP ID="P222_SP00335" HPOS="899" VPOS="2045" WIDTH="27"/>
						<String ID="P222_ST00375" HPOS="926" VPOS="2012" WIDTH="151" HEIGHT="35" CONTENT="reception" WC="0.78" CC="500400404"/>
						<SP ID="P222_SP00336" HPOS="1077" VPOS="2047" WIDTH="27"/>
						<String ID="P222_ST00376" HPOS="1104" VPOS="2012" WIDTH="44" HEIGHT="27" CONTENT="for" WC="0.87" CC="201"/>
						<SP ID="P222_SP00337" HPOS="1148" VPOS="2047" WIDTH="24"/>
						<String ID="P222_ST00377" HPOS="1172" VPOS="2014" WIDTH="50" HEIGHT="25" CONTENT="the" WC="0.64" CC="037"/>
						<SP ID="P222_SP00338" HPOS="1222" VPOS="2047" WIDTH="24"/>
						<String ID="P222_ST00378" HPOS="1246" VPOS="2013" WIDTH="167" HEIGHT="34" CONTENT="elephants." WC="0.92" CC="0000700000"/>
						<SP ID="P222_SP00339" HPOS="1413" VPOS="2047" WIDTH="41"/>
						<String ID="P222_ST00379" HPOS="1454" VPOS="2012" WIDTH="49" HEIGHT="27" CONTENT="He" WC="0.71" CC="50"/>
					</TextLine>
					<TextLine ID="P222_TL00037" HPOS="346" VPOS="2060" WIDTH="1157" HEIGHT="38">
						<String ID="P222_ST00380" HPOS="346" VPOS="2060" WIDTH="138" HEIGHT="26" CONTENT="attacked" WC="0.93" CC="00050000"/>
						<SP ID="P222_SP00340" HPOS="484" VPOS="2086" WIDTH="14"/>
						<String ID="P222_ST00381" HPOS="498" VPOS="2060" WIDTH="80" HEIGHT="26" CONTENT="them" WC="0.88" CC="0400"/>
						<SP ID="P222_SP00341" HPOS="578" VPOS="2086" WIDTH="15"/>
						<String ID="P222_ST00382" HPOS="593" VPOS="2060" WIDTH="72" HEIGHT="27" CONTENT="with" WC="0.80" CC="0007"/>
						<SP ID="P222_SP00342" HPOS="665" VPOS="2087" WIDTH="13"/>
						<String ID="P222_ST00383" HPOS="678" VPOS="2061" WIDTH="132" HEIGHT="35" CONTENT="burning" WC="0.70" CC="0226160"/>
						<SP ID="P222_SP00343" HPOS="810" VPOS="2096" WIDTH="14"/>
						<String ID="P222_ST00384" HPOS="824" VPOS="2070" WIDTH="119" HEIGHT="24" CONTENT="arrows," WC="0.94" CC="0000003"/>
						<SP ID="P222_SP00344" HPOS="943" VPOS="2096" WIDTH="16"/>
						<String ID="P222_ST00385" HPOS="959" VPOS="2063" WIDTH="59" HEIGHT="25" CONTENT="and" WC="1.00" CC="000"/>
						<SP ID="P222_SP00345" HPOS="1018" VPOS="2096" WIDTH="14"/>
						<String ID="P222_ST00386" HPOS="1032" VPOS="2062" WIDTH="117" HEIGHT="36" CONTENT="lighted" WC="0.95" CC="0003000"/>
						<SP ID="P222_SP00346" HPOS="1149" VPOS="2098" WIDTH="16"/>
						<String ID="P222_ST00387" HPOS="1165" VPOS="2063" WIDTH="114" HEIGHT="25" CONTENT="barrels" WC="0.98" CC="0000010"/>
						<SP ID="P222_SP00347" HPOS="1279" VPOS="2098" WIDTH="15"/>
						<String ID="P222_ST00388" HPOS="1294" VPOS="2062" WIDTH="33" HEIGHT="26" CONTENT="of" WC="1.00" CC="00"/>
						<SP ID="P222_SP00348" HPOS="1327" VPOS="2098" WIDTH="9"/>
						<String ID="P222_ST00389" HPOS="1336" VPOS="2066" WIDTH="55" HEIGHT="29" CONTENT="tar," WC="0.74" CC="0702"/>
						<SP ID="P222_SP00349" HPOS="1391" VPOS="2098" WIDTH="15"/>
						<String ID="P222_ST00390" HPOS="1406" VPOS="2062" WIDTH="97" HEIGHT="26" CONTENT="which" WC="0.74" CC="06104"/>
					</TextLine>
					<TextLine ID="P222_TL00038" HPOS="344" VPOS="2109" WIDTH="1161" HEIGHT="38">
						<String ID="P222_ST00391" HPOS="344" VPOS="2118" WIDTH="76" HEIGHT="18" CONTENT="were" WC="1.00" CC="0000"/>
						<SP ID="P222_SP00350" HPOS="420" VPOS="2136" WIDTH="26"/>
						<String ID="P222_ST00392" HPOS="446" VPOS="2109" WIDTH="121" HEIGHT="35" CONTENT="pitched" WC="0.83" CC="0400600"/>
						<SP ID="P222_SP00351" HPOS="567" VPOS="2144" WIDTH="28"/>
						<String ID="P222_ST00393" HPOS="595" VPOS="2119" WIDTH="113" HEIGHT="26" CONTENT="among" WC="0.92" CC="00400"/>
						<SP ID="P222_SP00352" HPOS="708" VPOS="2145" WIDTH="26"/>
						<String ID="P222_ST00394" HPOS="734" VPOS="2111" WIDTH="50" HEIGHT="26" CONTENT="the" WC="0.78" CC="060"/>
						<SP ID="P222_SP00353" HPOS="784" VPOS="2145" WIDTH="26"/>
						<String ID="P222_ST00395" HPOS="810" VPOS="2120" WIDTH="74" HEIGHT="26" CONTENT="poor" WC="1.00" CC="0000"/>
						<SP ID="P222_SP00354" HPOS="884" VPOS="2146" WIDTH="26"/>
						<String ID="P222_ST00396" HPOS="910" VPOS="2112" WIDTH="110" HEIGHT="32" CONTENT="brutes," WC="0.98" CC="1000000"/>
						<SP ID="P222_SP00355" HPOS="1020" VPOS="2146" WIDTH="25"/>
						<String ID="P222_ST00397" HPOS="1045" VPOS="2113" WIDTH="67" HEIGHT="26" CONTENT="who" WC="0.77" CC="060"/>
						<SP ID="P222_SP00356" HPOS="1112" VPOS="2146" WIDTH="27"/>
						<String ID="P222_ST00398" HPOS="1139" VPOS="2112" WIDTH="51" HEIGHT="26" CONTENT="fell" WC="0.95" CC="0001"/>
						<SP ID="P222_SP00357" HPOS="1190" VPOS="2146" WIDTH="26"/>
						<String ID="P222_ST00399" HPOS="1216" VPOS="2113" WIDTH="78" HEIGHT="25" CONTENT="back" WC="1.00" CC="0000"/>
						<SP ID="P222_SP00358" HPOS="1294" VPOS="2146" WIDTH="27"/>
						<String ID="P222_ST00400" HPOS="1321" VPOS="2121" WIDTH="80" HEIGHT="26" CONTENT="upon" WC="0.82" CC="3003"/>
						<SP ID="P222_SP00359" HPOS="1401" VPOS="2147" WIDTH="28"/>
						<String ID="P222_ST00401" HPOS="1429" VPOS="2112" WIDTH="76" HEIGHT="26" CONTENT="their" WC="0.88" CC="05000"/>
					</TextLine>
					<TextLine ID="P222_TL00039" HPOS="345" VPOS="2160" WIDTH="1160" HEIGHT="34">
						<String ID="P222_ST00402" HPOS="345" VPOS="2167" WIDTH="65" HEIGHT="18" CONTENT="own" WC="0.95" CC="001"/>
						<SP ID="P222_SP00360" HPOS="410" VPOS="2185" WIDTH="20"/>
						<String ID="P222_ST00403" HPOS="430" VPOS="2167" WIDTH="95" HEIGHT="26" CONTENT="camp," WC="0.85" CC="07000"/>
						<SP ID="P222_SP00361" HPOS="525" VPOS="2193" WIDTH="23"/>
						<String ID="P222_ST00404" HPOS="548" VPOS="2160" WIDTH="58" HEIGHT="26" CONTENT="and" WC="1.00" CC="000"/>
						<SP ID="P222_SP00362" HPOS="606" VPOS="2193" WIDTH="22"/>
						<String ID="P222_ST00405" HPOS="628" VPOS="2168" WIDTH="88" HEIGHT="26" CONTENT="every" WC="0.87" CC="02040"/>
						<SP ID="P222_SP00363" HPOS="716" VPOS="2194" WIDTH="19"/>
						<String ID="P222_ST00406" HPOS="735" VPOS="2164" WIDTH="63" HEIGHT="23" CONTENT="tent" WC="0.97" CC="1000"/>
						<SP ID="P222_SP00364" HPOS="798" VPOS="2194" WIDTH="20"/>
						<String ID="P222_ST00407" HPOS="818" VPOS="2170" WIDTH="61" HEIGHT="17" CONTENT="was" WC="1.00" CC="000"/>
						<SP ID="P222_SP00365" HPOS="879" VPOS="2194" WIDTH="20"/>
						<String ID="P222_ST00408" HPOS="899" VPOS="2163" WIDTH="107" HEIGHT="25" CONTENT="turned" WC="0.86" CC="250000"/>
						<SP ID="P222_SP00366" HPOS="1006" VPOS="2194" WIDTH="21"/>
						<String ID="P222_ST00409" HPOS="1027" VPOS="2162" WIDTH="64" HEIGHT="27" CONTENT="into" WC="0.80" CC="4300"/>
						<SP ID="P222_SP00367" HPOS="1091" VPOS="2194" WIDTH="19"/>
						<String ID="P222_ST00410" HPOS="1110" VPOS="2171" WIDTH="16" HEIGHT="18" CONTENT="a" WC="1.00" CC="0"/>
						<SP ID="P222_SP00368" HPOS="1126" VPOS="2194" WIDTH="20"/>
						<String ID="P222_ST00411" HPOS="1146" VPOS="2163" WIDTH="195" HEIGHT="26" CONTENT="crush-room." WC="0.83" CC="02306300010"/>
						<SP ID="P222_SP00369" HPOS="1341" VPOS="2194" WIDTH="42"/>
						<String ID="P222_ST00412" HPOS="1383" VPOS="2161" WIDTH="122" HEIGHT="28" CONTENT="Several" WC="1.00" CC="0000000"/>
					</TextLine>
				</TextBlock>
			</PrintSpace>
		</Page>
	</Layout>
</alto>
