<?xml version="1.0" encoding="UTF-8"?>
<alto xmlns:xsi="http://www.w3.org/2001/XMLSchema-instance" xsi:noNamespaceSchemaLocation="http://www.bl.uk/schemas/alto/alto-1-4.xsd" xmlns:xlink="http://www.w3.org/1999/xlink">
	<Description>
		<MeasurementUnit>mm10</MeasurementUnit>
		<sourceImageInformation>
			<fileName>//head1/IN/2008-39/A0012093469/009254.jp2</fileName>
		</sourceImageInformation>
		<OCRProcessing ID="OCRPROCESSING_1">
			<preProcessingStep>
				<processingSoftware>
					<softwareCreator>CCS Content Conversion Specialists GmbH, Germany</softwareCreator>
					<softwareName>CCS docWORKS</softwareName>
					<softwareVersion>6.1-0.67</softwareVersion>
				</processingSoftware>
			</preProcessingStep>
			<ocrProcessingStep>
				<processingSoftware>
					<softwareCreator>ABBYY (BIT Software), Russia</softwareCreator>
					<softwareName>Finereader</softwareName>
				</processingSoftware>
			</ocrProcessingStep>
		</OCRProcessing>
	</Description>
	<Styles>
		<TextStyle ID="TXT_0" FONTSIZE="11" FONTFAMILY="Courier New"/>
		<TextStyle ID="TXT_1" FONTSIZE="10" FONTFAMILY="Courier New"/>
		<TextStyle ID="TXT_2" FONTSIZE="9" FONTFAMILY="Courier New"/>
		<ParagraphStyle ID="PAR_RIGHT" ALIGN="Right"/>
		<ParagraphStyle ID="PAR_LEFT" ALIGN="Left"/>
	</Styles>
	<Layout>
		<Page ID="P396" PHYSICAL_IMG_NR="396" HEIGHT="2518" WIDTH="1698" PRINTED_IMG_NR="356" POSITION="Left" ACCURACY="82.50">
			<TopMargin ID="P396_TM00001" HPOS="0" VPOS="0" WIDTH="1698" HEIGHT="302">
				<TextBlock ID="P396_TB00001" HPOS="611" VPOS="243" WIDTH="634" HEIGHT="59" STYLEREFS="TXT_0 PAR_RIGHT">
					<TextLine ID="P396_TL00001" HPOS="611" VPOS="244" WIDTH="634" HEIGHT="58">
						<String ID="P396_ST00001" HPOS="611" VPOS="244" WIDTH="151" HEIGHT="45" CONTENT="Comic" WC="0.96" CC="01000"/>
						<SP ID="P396_SP00001" HPOS="762" VPOS="289" WIDTH="30"/>
						<String ID="P396_ST00002" HPOS="792" VPOS="245" WIDTH="193" HEIGHT="57" CONTENT="History" WC="0.89" CC="0005200"/>
						<SP ID="P396_SP00002" HPOS="985" VPOS="302" WIDTH="34"/>
						<String ID="P396_ST00003" HPOS="1019" VPOS="245" WIDTH="56" HEIGHT="57" CONTENT="of" WC="0.93" CC="10"/>
						<SP ID="P396_SP00003" HPOS="1075" VPOS="302" WIDTH="18"/>
						<String ID="P396_ST00004" HPOS="1093" VPOS="245" WIDTH="152" HEIGHT="43" CONTENT="Rome." WC="0.71" CC="03603"/>
					</TextLine>
				</TextBlock>
				<TextBlock ID="P396_TB00002" HPOS="351" VPOS="254" WIDTH="59" HEIGHT="37" STYLEREFS="TXT_1 PAR_LEFT">
					<TextLine ID="P396_TL00002" HPOS="352" VPOS="255" WIDTH="58" HEIGHT="36">
						<String ID="P396_ST00005" HPOS="352" VPOS="255" WIDTH="58" HEIGHT="36" CONTENT="356" WC="0.56" CC="507"/>
					</TextLine>
				</TextBlock>
				<TextBlock ID="P396_TB00003" HPOS="1337" VPOS="268" WIDTH="165" HEIGHT="22" STYLEREFS="TXT_2 PAR_RIGHT">
					<TextLine ID="P396_TL00003" HPOS="1337" VPOS="268" WIDTH="165" HEIGHT="22">
						<String ID="P396_ST00006" HPOS="1337" VPOS="269" WIDTH="77" HEIGHT="21" CONTENT="[Chap." WC="0.70" CC="009700"/>
						<SP ID="P396_SP00004" HPOS="1414" VPOS="290" WIDTH="14"/>
						<String ID="P396_ST00007" HPOS="1428" VPOS="268" WIDTH="74" HEIGHT="18" CONTENT="XXVI" WC="0.89" CC="0004"/>
					</TextLine>
				</TextBlock>
			</TopMargin>
			<LeftMargin ID="P396_LM00001" HPOS="0" VPOS="292" WIDTH="342" HEIGHT="1899"/>
			<RightMargin ID="P396_RM00001" HPOS="1512" VPOS="292" WIDTH="186" HEIGHT="1899"/>
			<BottomMargin ID="P396_BM00001" HPOS="0" VPOS="2191" WIDTH="1698" HEIGHT="326"/>
			<PrintSpace ID="P396_PS00001" HPOS="342" VPOS="292" WIDTH="1170" HEIGHT="1899">
				<TextBlock ID="P396_TB00004" HPOS="352" VPOS="358" WIDTH="1160" HEIGHT="278" STYLEREFS="TXT_2 PAR_LEFT">
					<TextLine ID="P396_TL00004" HPOS="353" VPOS="359" WIDTH="1159" HEIGHT="37">
						<String ID="P396_ST00008" HPOS="353" VPOS="369" WIDTH="38" HEIGHT="18" CONTENT="no" WC="1.00" CC="00"/>
						<SP ID="P396_SP00005" HPOS="391" VPOS="387" WIDTH="14"/>
						<String ID="P396_ST00009" HPOS="405" VPOS="369" WIDTH="81" HEIGHT="18" CONTENT="more" WC="0.97" CC="0000"/>
						<SP ID="P396_SP00006" HPOS="486" VPOS="387" WIDTH="14"/>
						<String ID="P396_ST00010" HPOS="500" VPOS="361" WIDTH="80" HEIGHT="35" CONTENT="right" WC="0.60" CC="35063"/>
						<SP ID="P396_SP00007" HPOS="580" VPOS="396" WIDTH="15"/>
						<String ID="P396_ST00011" HPOS="595" VPOS="361" WIDTH="73" HEIGHT="26" CONTENT="than" WC="0.69" CC="0606"/>
						<SP ID="P396_SP00008" HPOS="668" VPOS="396" WIDTH="14"/>
						<String ID="P396_ST00012" HPOS="682" VPOS="361" WIDTH="51" HEIGHT="27" CONTENT="the" WC="0.76" CC="070"/>
						<SP ID="P396_SP00009" HPOS="733" VPOS="396" WIDTH="14"/>
						<String ID="P396_ST00013" HPOS="747" VPOS="364" WIDTH="136" HEIGHT="23" CONTENT="meanest" WC="0.96" CC="0002000"/>
						<SP ID="P396_SP00010" HPOS="883" VPOS="396" WIDTH="20"/>
						<String ID="P396_ST00014" HPOS="903" VPOS="360" WIDTH="114" HEIGHT="34" CONTENT="subject" WC="0.90" CC="0003003"/>
						<SP ID="P396_SP00011" HPOS="1017" VPOS="396" WIDTH="16"/>
						<String ID="P396_ST00015" HPOS="1033" VPOS="360" WIDTH="33" HEIGHT="27" CONTENT="of" WC="1.00" CC="00"/>
						<SP ID="P396_SP00012" HPOS="1066" VPOS="396" WIDTH="15"/>
						<String ID="P396_ST00016" HPOS="1081" VPOS="360" WIDTH="50" HEIGHT="27" CONTENT="the" WC="0.68" CC="360"/>
						<SP ID="P396_SP00013" HPOS="1131" VPOS="396" WIDTH="15"/>
						<String ID="P396_ST00017" HPOS="1146" VPOS="359" WIDTH="134" HEIGHT="35" CONTENT="republic" WC="0.90" CC="00000330"/>
						<SP ID="P396_SP00014" HPOS="1280" VPOS="396" WIDTH="14"/>
						<String ID="P396_ST00018" HPOS="1294" VPOS="362" WIDTH="31" HEIGHT="23" CONTENT="to" WC="0.70" CC="32"/>
						<SP ID="P396_SP00015" HPOS="1325" VPOS="396" WIDTH="21"/>
						<String ID="P396_ST00019" HPOS="1346" VPOS="359" WIDTH="51" HEIGHT="27" CONTENT="the" WC="0.81" CC="050"/>
						<SP ID="P396_SP00016" HPOS="1397" VPOS="396" WIDTH="13"/>
						<String ID="P396_ST00020" HPOS="1410" VPOS="366" WIDTH="102" HEIGHT="28" CONTENT="power" WC="0.96" CC="00002"/>
					</TextLine>
					<TextLine ID="P396_TL00005" HPOS="353" VPOS="410" WIDTH="1159" HEIGHT="36">
						<String ID="P396_ST00021" HPOS="353" VPOS="411" WIDTH="95" HEIGHT="26" CONTENT="which" WC="0.51" CC="97007"/>
						<SP ID="P396_SP00017" HPOS="448" VPOS="437" WIDTH="14"/>
						<String ID="P396_ST00022" HPOS="462" VPOS="411" WIDTH="37" HEIGHT="26" CONTENT="he" WC="0.64" CC="70"/>
						<SP ID="P396_SP00018" HPOS="499" VPOS="437" WIDTH="21"/>
						<String ID="P396_ST00023" HPOS="520" VPOS="411" WIDTH="160" HEIGHT="26" CONTENT="exercised." WC="0.96" CC="0002010000"/>
						<SP ID="P396_SP00019" HPOS="680" VPOS="437" WIDTH="42"/>
						<String ID="P396_ST00024" HPOS="722" VPOS="411" WIDTH="58" HEIGHT="26" CONTENT="His" WC="0.69" CC="530"/>
						<SP ID="P396_SP00020" HPOS="780" VPOS="437" WIDTH="21"/>
						<String ID="P396_ST00025" HPOS="801" VPOS="411" WIDTH="85" HEIGHT="35" CONTENT="reign" WC="0.86" CC="50100"/>
						<SP ID="P396_SP00021" HPOS="886" VPOS="446" WIDTH="20"/>
						<String ID="P396_ST00026" HPOS="906" VPOS="419" WIDTH="61" HEIGHT="18" CONTENT="was" WC="1.00" CC="000"/>
						<SP ID="P396_SP00022" HPOS="967" VPOS="446" WIDTH="16"/>
						<String ID="P396_ST00027" HPOS="983" VPOS="419" WIDTH="17" HEIGHT="17" CONTENT="a" WC="1.00" CC="0"/>
						<SP ID="P396_SP00023" HPOS="1000" VPOS="446" WIDTH="20"/>
						<String ID="P396_ST00028" HPOS="1020" VPOS="411" WIDTH="85" HEIGHT="34" CONTENT="reign" WC="0.71" CC="40504"/>
						<SP ID="P396_SP00024" HPOS="1105" VPOS="446" WIDTH="22"/>
						<String ID="P396_ST00029" HPOS="1127" VPOS="410" WIDTH="33" HEIGHT="27" CONTENT="of" WC="1.00" CC="00"/>
						<SP ID="P396_SP00025" HPOS="1160" VPOS="446" WIDTH="16"/>
						<String ID="P396_ST00030" HPOS="1176" VPOS="414" WIDTH="101" HEIGHT="28" CONTENT="terror," WC="0.86" CC="0014003"/>
						<SP ID="P396_SP00026" HPOS="1277" VPOS="446" WIDTH="18"/>
						<String ID="P396_ST00031" HPOS="1295" VPOS="410" WIDTH="163" HEIGHT="34" CONTENT="supported" WC="0.87" CC="060001300"/>
						<SP ID="P396_SP00027" HPOS="1458" VPOS="446" WIDTH="13"/>
						<String ID="P396_ST00032" HPOS="1471" VPOS="410" WIDTH="41" HEIGHT="34" CONTENT="by" WC="1.00" CC="00"/>
					</TextLine>
					<TextLine ID="P396_TL00006" HPOS="353" VPOS="460" WIDTH="1159" HEIGHT="36">
						<String ID="P396_ST00033" HPOS="353" VPOS="460" WIDTH="51" HEIGHT="27" CONTENT="the" WC="0.76" CC="070"/>
						<SP ID="P396_SP00028" HPOS="404" VPOS="487" WIDTH="20"/>
						<String ID="P396_ST00034" HPOS="424" VPOS="460" WIDTH="110" HEIGHT="27" CONTENT="swords" WC="0.93" CC="000120"/>
						<SP ID="P396_SP00029" HPOS="534" VPOS="487" WIDTH="24"/>
						<String ID="P396_ST00035" HPOS="558" VPOS="460" WIDTH="32" HEIGHT="27" CONTENT="of" WC="0.97" CC="00"/>
						<SP ID="P396_SP00030" HPOS="590" VPOS="487" WIDTH="17"/>
						<String ID="P396_ST00036" HPOS="607" VPOS="470" WIDTH="17" HEIGHT="17" CONTENT="a" WC="1.00" CC="0"/>
						<SP ID="P396_SP00031" HPOS="624" VPOS="487" WIDTH="23"/>
						<String ID="P396_ST00037" HPOS="647" VPOS="460" WIDTH="99" HEIGHT="27" CONTENT="sordid" WC="0.86" CC="002050"/>
						<SP ID="P396_SP00032" HPOS="746" VPOS="487" WIDTH="25"/>
						<String ID="P396_ST00038" HPOS="771" VPOS="460" WIDTH="138" HEIGHT="36" CONTENT="soldiery." WC="0.81" CC="006060400"/>
						<SP ID="P396_SP00033" HPOS="909" VPOS="496" WIDTH="42"/>
						<String ID="P396_ST00039" HPOS="951" VPOS="460" WIDTH="43" HEIGHT="28" CONTENT="Of" WC="1.00" CC="00"/>
						<SP ID="P396_SP00034" HPOS="994" VPOS="496" WIDTH="15"/>
						<String ID="P396_ST00040" HPOS="1009" VPOS="460" WIDTH="51" HEIGHT="27" CONTENT="the" WC="0.76" CC="070"/>
						<SP ID="P396_SP00035" HPOS="1060" VPOS="496" WIDTH="22"/>
						<String ID="P396_ST00041" HPOS="1082" VPOS="465" WIDTH="58" HEIGHT="22" CONTENT="two" WC="1.00" CC="000"/>
						<SP ID="P396_SP00036" HPOS="1140" VPOS="496" WIDTH="21"/>
						<String ID="P396_ST00042" HPOS="1161" VPOS="460" WIDTH="137" HEIGHT="33" CONTENT="Consuls," WC="0.93" CC="00005000"/>
						<SP ID="P396_SP00037" HPOS="1298" VPOS="496" WIDTH="17"/>
						<String ID="P396_ST00043" HPOS="1315" VPOS="460" WIDTH="115" HEIGHT="26" CONTENT="Marius" WC="0.95" CC="000200"/>
						<SP ID="P396_SP00038" HPOS="1430" VPOS="496" WIDTH="19"/>
						<String ID="P396_ST00044" HPOS="1449" VPOS="468" WIDTH="63" HEIGHT="18" CONTENT="was" WC="1.00" CC="000"/>
					</TextLine>
					<TextLine ID="P396_TL00007" HPOS="355" VPOS="510" WIDTH="1157" HEIGHT="36">
						<String ID="P396_ST00045" HPOS="355" VPOS="510" WIDTH="121" HEIGHT="36" CONTENT="already" WC="0.80" CC="0050070"/>
						<SP ID="P396_SP00039" HPOS="476" VPOS="546" WIDTH="14"/>
						<String ID="P396_ST00046" HPOS="490" VPOS="511" WIDTH="76" HEIGHT="26" CONTENT="dead" WC="1.00" CC="0000"/>
						<SP ID="P396_SP00040" HPOS="566" VPOS="546" WIDTH="13"/>
						<String ID="P396_ST00047" HPOS="579" VPOS="521" WIDTH="5" HEIGHT="21" CONTENT=";" WC="0.82" CC="1"/>
						<SP ID="P396_SP00041" HPOS="584" VPOS="546" WIDTH="23"/>
						<String ID="P396_ST00048" HPOS="607" VPOS="511" WIDTH="58" HEIGHT="26" CONTENT="and" WC="0.87" CC="030"/>
						<SP ID="P396_SP00042" HPOS="665" VPOS="546" WIDTH="22"/>
						<String ID="P396_ST00049" HPOS="687" VPOS="510" WIDTH="105" HEIGHT="33" CONTENT="Carbo," WC="0.88" CC="000302"/>
						<SP ID="P396_SP00043" HPOS="792" VPOS="546" WIDTH="15"/>
						<String ID="P396_ST00050" HPOS="807" VPOS="510" WIDTH="94" HEIGHT="36" CONTENT="being" WC="0.89" CC="10110"/>
						<SP ID="P396_SP00044" HPOS="901" VPOS="546" WIDTH="18"/>
						<String ID="P396_ST00051" HPOS="919" VPOS="510" WIDTH="92" HEIGHT="28" CONTENT="taken" WC="0.88" CC="20003"/>
						<SP ID="P396_SP00045" HPOS="1011" VPOS="546" WIDTH="21"/>
						<String ID="P396_ST00052" HPOS="1032" VPOS="510" WIDTH="143" HEIGHT="35" CONTENT="prisoner," WC="0.92" CC="020000013"/>
						<SP ID="P396_SP00046" HPOS="1175" VPOS="546" WIDTH="15"/>
						<String ID="P396_ST00053" HPOS="1190" VPOS="519" WIDTH="62" HEIGHT="18" CONTENT="was" WC="1.00" CC="000"/>
						<SP ID="P396_SP00047" HPOS="1252" VPOS="546" WIDTH="22"/>
						<String ID="P396_ST00054" HPOS="1274" VPOS="510" WIDTH="186" HEIGHT="27" CONTENT="condemned" WC="1.00" CC="000000000"/>
						<SP ID="P396_SP00048" HPOS="1460" VPOS="546" WIDTH="21"/>
						<String ID="P396_ST00055" HPOS="1481" VPOS="513" WIDTH="31" HEIGHT="23" CONTENT="to" WC="0.94" CC="01"/>
					</TextLine>
					<TextLine ID="P396_TL00008" HPOS="354" VPOS="559" WIDTH="1157" HEIGHT="36">
						<String ID="P396_ST00056" HPOS="354" VPOS="561" WIDTH="89" HEIGHT="26" CONTENT="death" WC="0.75" CC="00083"/>
						<SP ID="P396_SP00049" HPOS="443" VPOS="587" WIDTH="13"/>
						<String ID="P396_ST00057" HPOS="456" VPOS="571" WIDTH="5" HEIGHT="21" CONTENT=";" WC="0.43" CC="5"/>
						<SP ID="P396_SP00050" HPOS="461" VPOS="592" WIDTH="23"/>
						<String ID="P396_ST00058" HPOS="484" VPOS="570" WIDTH="32" HEIGHT="17" CONTENT="so" WC="1.00" CC="00"/>
						<SP ID="P396_SP00051" HPOS="516" VPOS="592" WIDTH="15"/>
						<String ID="P396_ST00059" HPOS="531" VPOS="561" WIDTH="64" HEIGHT="26" CONTENT="that" WC="0.63" CC="0608"/>
						<SP ID="P396_SP00052" HPOS="595" VPOS="592" WIDTH="15"/>
						<String ID="P396_ST00060" HPOS="610" VPOS="560" WIDTH="96" HEIGHT="27" CONTENT="Carbo" WC="0.90" CC="00500"/>
						<String ID="P396_ST00061" HPOS="708" VPOS="577" WIDTH="35" HEIGHT="3" CONTENT="—" WC="0.20" CC="8"/>
						<String ID="P396_ST00062" HPOS="746" VPOS="561" WIDTH="49" HEIGHT="26" CONTENT="the" WC="0.82" CC="050"/>
						<SP ID="P396_SP00053" HPOS="795" VPOS="592" WIDTH="20"/>
						<String ID="P396_ST00063" HPOS="815" VPOS="561" WIDTH="159" HEIGHT="26" CONTENT="blackness" WC="0.96" CC="030000000"/>
						<SP ID="P396_SP00054" HPOS="974" VPOS="592" WIDTH="21"/>
						<String ID="P396_ST00064" HPOS="995" VPOS="560" WIDTH="33" HEIGHT="27" CONTENT="of" WC="1.00" CC="00"/>
						<SP ID="P396_SP00055" HPOS="1028" VPOS="592" WIDTH="15"/>
						<String ID="P396_ST00065" HPOS="1043" VPOS="560" WIDTH="101" HEIGHT="27" CONTENT="whose" WC="0.86" CC="07000"/>
						<SP ID="P396_SP00056" HPOS="1144" VPOS="592" WIDTH="22"/>
						<String ID="P396_ST00066" HPOS="1166" VPOS="560" WIDTH="127" HEIGHT="27" CONTENT="conduct" WC="0.95" CC="0000300"/>
						<SP ID="P396_SP00057" HPOS="1293" VPOS="592" WIDTH="18"/>
						<String ID="P396_ST00067" HPOS="1311" VPOS="560" WIDTH="133" HEIGHT="35" CONTENT="justified" WC="0.81" CC="450022200"/>
						<SP ID="P396_SP00058" HPOS="1444" VPOS="595" WIDTH="20"/>
						<String ID="P396_ST00068" HPOS="1464" VPOS="559" WIDTH="47" HEIGHT="27" CONTENT="his" WC="0.63" CC="640"/>
					</TextLine>
					<TextLine ID="P396_TL00009" HPOS="355" VPOS="610" WIDTH="736" HEIGHT="26">
						<String ID="P396_ST00069" HPOS="355" VPOS="610" WIDTH="65" HEIGHT="26" CONTENT="title" WC="0.86" CC="04010"/>
						<SP ID="P396_SP00059" HPOS="420" VPOS="636" WIDTH="14"/>
						<String ID="P396_ST00070" HPOS="434" VPOS="610" WIDTH="32" HEIGHT="26" CONTENT="of" WC="1.00" CC="00"/>
						<SP ID="P396_SP00060" HPOS="466" VPOS="636" WIDTH="9"/>
						<String ID="P396_ST00071" HPOS="475" VPOS="611" WIDTH="51" HEIGHT="25" CONTENT="the" WC="0.45" CC="970"/>
						<SP ID="P396_SP00061" HPOS="526" VPOS="636" WIDTH="15"/>
						<String ID="P396_ST00072" HPOS="541" VPOS="611" WIDTH="64" HEIGHT="25" CONTENT="coal" WC="1.00" CC="0000"/>
						<String ID="P396_ST00073" HPOS="607" VPOS="628" WIDTH="35" HEIGHT="3" CONTENT="—" WC="0.20" CC="8"/>
						<String ID="P396_ST00074" HPOS="643" VPOS="620" WIDTH="61" HEIGHT="16" CONTENT="was" WC="1.00" CC="000"/>
						<SP ID="P396_SP00062" HPOS="704" VPOS="636" WIDTH="15"/>
						<String ID="P396_ST00075" HPOS="719" VPOS="620" WIDTH="74" HEIGHT="16" CONTENT="soon" WC="1.00" CC="0000"/>
						<SP ID="P396_SP00063" HPOS="793" VPOS="636" WIDTH="14"/>
						<String ID="P396_ST00076" HPOS="807" VPOS="611" WIDTH="128" HEIGHT="25" CONTENT="reduced" WC="0.92" CC="1003000"/>
						<SP ID="P396_SP00064" HPOS="935" VPOS="636" WIDTH="15"/>
						<String ID="P396_ST00077" HPOS="950" VPOS="615" WIDTH="29" HEIGHT="21" CONTENT="to" WC="0.97" CC="00"/>
						<SP ID="P396_SP00065" HPOS="979" VPOS="636" WIDTH="16"/>
						<String ID="P396_ST00078" HPOS="995" VPOS="611" WIDTH="96" HEIGHT="25" CONTENT="ashes." WC="0.93" CC="004000"/>
					</TextLine>
				</TextBlock>
				<TextBlock ID="P396_TB00005" HPOS="355" VPOS="692" WIDTH="1154" HEIGHT="234" STYLEREFS="TXT_2 PAR_LEFT">
					<TextLine ID="P396_TL00010" HPOS="410" VPOS="692" WIDTH="1099" HEIGHT="36">
						<String ID="P396_ST00079" HPOS="410" VPOS="693" WIDTH="63" HEIGHT="26" CONTENT="The" WC="0.72" CC="170"/>
						<SP ID="P396_SP00066" HPOS="473" VPOS="719" WIDTH="14"/>
						<String ID="P396_ST00080" HPOS="487" VPOS="696" WIDTH="111" HEIGHT="29" CONTENT="senate," WC="0.95" CC="0000003"/>
						<SP ID="P396_SP00067" HPOS="598" VPOS="725" WIDTH="12"/>
						<String ID="P396_ST00081" HPOS="610" VPOS="693" WIDTH="97" HEIGHT="26" CONTENT="which" WC="0.63" CC="05506"/>
						<SP ID="P396_SP00068" HPOS="707" VPOS="725" WIDTH="14"/>
						<String ID="P396_ST00082" HPOS="721" VPOS="692" WIDTH="60" HEIGHT="27" CONTENT="had" WC="0.80" CC="500"/>
						<SP ID="P396_SP00069" HPOS="781" VPOS="725" WIDTH="10"/>
						<String ID="P396_ST00083" HPOS="791" VPOS="693" WIDTH="76" HEIGHT="27" CONTENT="been" WC="1.00" CC="0000"/>
						<SP ID="P396_SP00070" HPOS="867" VPOS="725" WIDTH="15"/>
						<String ID="P396_ST00084" HPOS="882" VPOS="697" WIDTH="49" HEIGHT="23" CONTENT="cut" WC="0.80" CC="050"/>
						<SP ID="P396_SP00071" HPOS="931" VPOS="725" WIDTH="14"/>
						<String ID="P396_ST00085" HPOS="945" VPOS="693" WIDTH="87" HEIGHT="27" CONTENT="down" WC="1.00" CC="0000"/>
						<SP ID="P396_SP00072" HPOS="1032" VPOS="725" WIDTH="14"/>
						<String ID="P396_ST00086" HPOS="1046" VPOS="694" WIDTH="41" HEIGHT="34" CONTENT="by" WC="1.00" CC="00"/>
						<SP ID="P396_SP00073" HPOS="1087" VPOS="728" WIDTH="14"/>
						<String ID="P396_ST00087" HPOS="1101" VPOS="692" WIDTH="219" HEIGHT="28" CONTENT="assassination" WC="0.92" CC="0000003000400"/>
						<SP ID="P396_SP00074" HPOS="1320" VPOS="728" WIDTH="20"/>
						<String ID="P396_ST00088" HPOS="1340" VPOS="697" WIDTH="30" HEIGHT="22" CONTENT="to" WC="0.78" CC="40"/>
						<SP ID="P396_SP00075" HPOS="1370" VPOS="728" WIDTH="17"/>
						<String ID="P396_ST00089" HPOS="1387" VPOS="692" WIDTH="58" HEIGHT="27" CONTENT="suit" WC="0.73" CC="0540"/>
						<SP ID="P396_SP00076" HPOS="1445" VPOS="728" WIDTH="14"/>
						<String ID="P396_ST00090" HPOS="1459" VPOS="692" WIDTH="50" HEIGHT="27" CONTENT="the" WC="0.63" CC="370"/>
					</TextLine>
					<TextLine ID="P396_TL00011" HPOS="355" VPOS="742" WIDTH="1154" HEIGHT="33">
						<String ID="P396_ST00091" HPOS="355" VPOS="743" WIDTH="89" HEIGHT="27" CONTENT="views" WC="0.87" CC="06000"/>
						<SP ID="P396_SP00077" HPOS="444" VPOS="770" WIDTH="15"/>
						<String ID="P396_ST00092" HPOS="459" VPOS="742" WIDTH="33" HEIGHT="27" CONTENT="of" WC="1.00" CC="00"/>
						<SP ID="P396_SP00078" HPOS="492" VPOS="770" WIDTH="16"/>
						<String ID="P396_ST00093" HPOS="508" VPOS="742" WIDTH="92" HEIGHT="33" CONTENT="Sulla," WC="0.90" CC="050001"/>
						<SP ID="P396_SP00079" HPOS="600" VPOS="775" WIDTH="16"/>
						<String ID="P396_ST00094" HPOS="616" VPOS="743" WIDTH="113" HEIGHT="26" CONTENT="elected" WC="0.84" CC="0400600"/>
						<SP ID="P396_SP00080" HPOS="729" VPOS="775" WIDTH="20"/>
						<String ID="P396_ST00095" HPOS="749" VPOS="742" WIDTH="32" HEIGHT="28" CONTENT="L." WC="0.95" CC="10"/>
						<SP ID="P396_SP00081" HPOS="781" VPOS="775" WIDTH="22"/>
						<String ID="P396_ST00096" HPOS="803" VPOS="743" WIDTH="137" HEIGHT="27" CONTENT="Valerius" WC="0.80" CC="30004600"/>
						<SP ID="P396_SP00082" HPOS="940" VPOS="775" WIDTH="21"/>
						<String ID="P396_ST00097" HPOS="961" VPOS="743" WIDTH="126" HEIGHT="27" CONTENT="Flaccus" WC="0.77" CC="6300050"/>
						<SP ID="P396_SP00083" HPOS="1087" VPOS="775" WIDTH="21"/>
						<String ID="P396_ST00098" HPOS="1108" VPOS="752" WIDTH="32" HEIGHT="17" CONTENT="as" WC="1.00" CC="00"/>
						<SP ID="P396_SP00084" HPOS="1140" VPOS="775" WIDTH="22"/>
						<String ID="P396_ST00099" HPOS="1162" VPOS="742" WIDTH="140" HEIGHT="33" CONTENT="interrex," WC="0.76" CC="320031053"/>
						<SP ID="P396_SP00085" HPOS="1302" VPOS="775" WIDTH="15"/>
						<String ID="P396_ST00100" HPOS="1317" VPOS="742" WIDTH="68" HEIGHT="26" CONTENT="who" WC="0.76" CC="070"/>
						<SP ID="P396_SP00086" HPOS="1385" VPOS="775" WIDTH="20"/>
						<String ID="P396_ST00101" HPOS="1405" VPOS="742" WIDTH="104" HEIGHT="26" CONTENT="imme" SUBS_TYPE="HypPart1" SUBS_CONTENT="immediately" WC="0.94" CC="00002"/>
						<HYP CONTENT="-"/>
					</TextLine>
					<TextLine ID="P396_TL00012" HPOS="357" VPOS="792" WIDTH="1152" HEIGHT="36">
						<String ID="P396_ST00102" HPOS="357" VPOS="793" WIDTH="111" HEIGHT="35" CONTENT="diately" SUBS_TYPE="HypPart2" SUBS_CONTENT="immediately" WC="0.88" CC="0500030"/>
						<SP ID="P396_SP00087" HPOS="468" VPOS="828" WIDTH="13"/>
						<String ID="P396_ST00103" HPOS="481" VPOS="793" WIDTH="108" HEIGHT="26" CONTENT="caused" WC="0.97" CC="001000"/>
						<SP ID="P396_SP00088" HPOS="589" VPOS="828" WIDTH="15"/>
						<String ID="P396_ST00104" HPOS="604" VPOS="792" WIDTH="85" HEIGHT="27" CONTENT="Sulla" WC="0.61" CC="06570"/>
						<SP ID="P396_SP00089" HPOS="689" VPOS="828" WIDTH="14"/>
						<String ID="P396_ST00105" HPOS="703" VPOS="797" WIDTH="30" HEIGHT="22" CONTENT="to" WC="0.83" CC="30"/>
						<SP ID="P396_SP00090" HPOS="733" VPOS="828" WIDTH="14"/>
						<String ID="P396_ST00106" HPOS="747" VPOS="793" WIDTH="37" HEIGHT="26" CONTENT="be" WC="1.00" CC="00"/>
						<SP ID="P396_SP00091" HPOS="784" VPOS="828" WIDTH="14"/>
						<String ID="P396_ST00107" HPOS="798" VPOS="792" WIDTH="136" HEIGHT="27" CONTENT="invested" WC="0.87" CC="50005000"/>
						<SP ID="P396_SP00092" HPOS="934" VPOS="828" WIDTH="13"/>
						<String ID="P396_ST00108" HPOS="947" VPOS="793" WIDTH="72" HEIGHT="26" CONTENT="with" WC="0.71" CC="0406"/>
						<SP ID="P396_SP00093" HPOS="1019" VPOS="828" WIDTH="14"/>
						<String ID="P396_ST00109" HPOS="1033" VPOS="793" WIDTH="51" HEIGHT="26" CONTENT="the" WC="0.75" CC="052"/>
						<SP ID="P396_SP00094" HPOS="1084" VPOS="828" WIDTH="14"/>
						<String ID="P396_ST00110" HPOS="1098" VPOS="802" WIDTH="101" HEIGHT="25" CONTENT="power" WC="0.73" CC="00903"/>
						<SP ID="P396_SP00095" HPOS="1199" VPOS="828" WIDTH="13"/>
						<String ID="P396_ST00111" HPOS="1212" VPOS="792" WIDTH="33" HEIGHT="27" CONTENT="of" WC="1.00" CC="00"/>
						<SP ID="P396_SP00096" HPOS="1245" VPOS="828" WIDTH="9"/>
						<String ID="P396_ST00112" HPOS="1254" VPOS="792" WIDTH="94" HEIGHT="35" CONTENT="doing" WC="0.65" CC="70170"/>
						<SP ID="P396_SP00097" HPOS="1348" VPOS="828" WIDTH="10"/>
						<String ID="P396_ST00113" HPOS="1358" VPOS="792" WIDTH="151" HEIGHT="27" CONTENT="whatever" WC="0.81" CC="07000204"/>
					</TextLine>
					<TextLine ID="P396_TL00013" HPOS="356" VPOS="842" WIDTH="1152" HEIGHT="36">
						<String ID="P396_ST00114" HPOS="356" VPOS="843" WIDTH="37" HEIGHT="26" CONTENT="he" WC="0.63" CC="70"/>
						<SP ID="P396_SP00098" HPOS="393" VPOS="869" WIDTH="23"/>
						<String ID="P396_ST00115" HPOS="416" VPOS="843" WIDTH="89" HEIGHT="32" CONTENT="liked," WC="0.86" CC="006001"/>
						<SP ID="P396_SP00099" HPOS="505" VPOS="875" WIDTH="26"/>
						<String ID="P396_ST00116" HPOS="531" VPOS="851" WIDTH="32" HEIGHT="18" CONTENT="as" WC="1.00" CC="00"/>
						<SP ID="P396_SP00100" HPOS="563" VPOS="875" WIDTH="23"/>
						<String ID="P396_ST00117" HPOS="586" VPOS="843" WIDTH="72" HEIGHT="34" CONTENT="long" WC="0.90" CC="0040"/>
						<SP ID="P396_SP00101" HPOS="658" VPOS="877" WIDTH="20"/>
						<String ID="P396_ST00118" HPOS="678" VPOS="851" WIDTH="33" HEIGHT="17" CONTENT="as" WC="1.00" CC="00"/>
						<SP ID="P396_SP00102" HPOS="711" VPOS="877" WIDTH="19"/>
						<String ID="P396_ST00119" HPOS="730" VPOS="842" WIDTH="38" HEIGHT="27" CONTENT="he" WC="0.66" CC="60"/>
						<SP ID="P396_SP00103" HPOS="768" VPOS="877" WIDTH="20"/>
						<String ID="P396_ST00120" HPOS="788" VPOS="842" WIDTH="80" HEIGHT="27" CONTENT="liked" WC="1.00" CC="00000"/>
						<SP ID="P396_SP00104" HPOS="868" VPOS="877" WIDTH="16"/>
						<String ID="P396_ST00121" HPOS="884" VPOS="853" WIDTH="5" HEIGHT="21" CONTENT=";" WC="0.49" CC="5"/>
						<SP ID="P396_SP00105" HPOS="889" VPOS="877" WIDTH="23"/>
						<String ID="P396_ST00122" HPOS="912" VPOS="852" WIDTH="40" HEIGHT="23" CONTENT="or," WC="0.77" CC="051"/>
						<SP ID="P396_SP00106" HPOS="952" VPOS="877" WIDTH="21"/>
						<String ID="P396_ST00123" HPOS="973" VPOS="847" WIDTH="31" HEIGHT="22" CONTENT="to" WC="0.71" CC="50"/>
						<SP ID="P396_SP00107" HPOS="1004" VPOS="877" WIDTH="21"/>
						<String ID="P396_ST00124" HPOS="1025" VPOS="852" WIDTH="53" HEIGHT="17" CONTENT="use" WC="1.00" CC="000"/>
						<SP ID="P396_SP00108" HPOS="1078" VPOS="877" WIDTH="19"/>
						<String ID="P396_ST00125" HPOS="1097" VPOS="843" WIDTH="51" HEIGHT="26" CONTENT="the" WC="0.71" CC="170"/>
						<SP ID="P396_SP00109" HPOS="1148" VPOS="877" WIDTH="21"/>
						<String ID="P396_ST00126" HPOS="1169" VPOS="842" WIDTH="108" HEIGHT="27" CONTENT="official" WC="0.84" CC="02220500"/>
						<SP ID="P396_SP00110" HPOS="1277" VPOS="877" WIDTH="20"/>
						<String ID="P396_ST00127" HPOS="1297" VPOS="842" WIDTH="211" HEIGHT="36" CONTENT="phraseology," WC="0.75" CC="065000040904"/>
					</TextLine>
					<TextLine ID="P396_TL00014" HPOS="357" VPOS="891" WIDTH="704" HEIGHT="35">
						<String ID="P396_ST00128" HPOS="357" VPOS="892" WIDTH="85" HEIGHT="26" CONTENT="made" WC="1.00" CC="0000"/>
						<SP ID="P396_SP00111" HPOS="442" VPOS="918" WIDTH="15"/>
						<String ID="P396_ST00129" HPOS="457" VPOS="891" WIDTH="60" HEIGHT="27" CONTENT="him" WC="0.59" CC="650"/>
						<SP ID="P396_SP00112" HPOS="517" VPOS="918" WIDTH="16"/>
						<String ID="P396_ST00130" HPOS="533" VPOS="892" WIDTH="125" HEIGHT="27" CONTENT="dictator" WC="0.76" CC="06060005"/>
						<SP ID="P396_SP00113" HPOS="658" VPOS="919" WIDTH="13"/>
						<String ID="P396_ST00131" HPOS="671" VPOS="891" WIDTH="46" HEIGHT="28" CONTENT="for" WC="0.94" CC="001"/>
						<SP ID="P396_SP00114" HPOS="717" VPOS="919" WIDTH="13"/>
						<String ID="P396_ST00132" HPOS="730" VPOS="901" WIDTH="38" HEIGHT="17" CONTENT="an" WC="1.00" CC="00"/>
						<SP ID="P396_SP00115" HPOS="768" VPOS="919" WIDTH="14"/>
						<String ID="P396_ST00133" HPOS="782" VPOS="892" WIDTH="157" HEIGHT="27" CONTENT="unlimited" WC="0.77" CC="503503300"/>
						<SP ID="P396_SP00116" HPOS="939" VPOS="919" WIDTH="10"/>
						<String ID="P396_ST00134" HPOS="949" VPOS="892" WIDTH="112" HEIGHT="34" CONTENT="period." WC="0.90" CC="0006000"/>
					</TextLine>
				</TextBlock>
				<TextBlock ID="P396_TB00006" HPOS="353" VPOS="972" WIDTH="1156" HEIGHT="575" STYLEREFS="TXT_2 PAR_LEFT">
					<TextLine ID="P396_TL00015" HPOS="413" VPOS="973" WIDTH="1096" HEIGHT="35">
						<String ID="P396_ST00135" HPOS="413" VPOS="973" WIDTH="46" HEIGHT="27" CONTENT="On" WC="0.69" CC="15"/>
						<SP ID="P396_SP00117" HPOS="459" VPOS="1000" WIDTH="15"/>
						<String ID="P396_ST00136" HPOS="474" VPOS="974" WIDTH="149" HEIGHT="34" CONTENT="receiving" WC="0.83" CC="400030070"/>
						<SP ID="P396_SP00118" HPOS="623" VPOS="1008" WIDTH="13"/>
						<String ID="P396_ST00137" HPOS="636" VPOS="974" WIDTH="46" HEIGHT="25" CONTENT="his" WC="0.75" CC="520"/>
						<SP ID="P396_SP00119" HPOS="682" VPOS="1008" WIDTH="23"/>
						<String ID="P396_ST00138" HPOS="705" VPOS="974" WIDTH="215" HEIGHT="34" CONTENT="appointment," WC="0.82" CC="000027300043"/>
						<SP ID="P396_SP00120" HPOS="920" VPOS="1008" WIDTH="16"/>
						<String ID="P396_ST00139" HPOS="936" VPOS="974" WIDTH="50" HEIGHT="27" CONTENT="the" WC="0.64" CC="370"/>
						<SP ID="P396_SP00121" HPOS="986" VPOS="1008" WIDTH="20"/>
						<String ID="P396_ST00140" HPOS="1006" VPOS="974" WIDTH="64" HEIGHT="27" CONTENT="first" WC="0.78" CC="00460"/>
						<SP ID="P396_SP00122" HPOS="1070" VPOS="1008" WIDTH="20"/>
						<String ID="P396_ST00141" HPOS="1090" VPOS="983" WIDTH="137" HEIGHT="18" CONTENT="measure" WC="0.85" CC="0000550"/>
						<SP ID="P396_SP00123" HPOS="1227" VPOS="1008" WIDTH="20"/>
						<String ID="P396_ST00142" HPOS="1247" VPOS="974" WIDTH="34" HEIGHT="27" CONTENT="of" WC="1.00" CC="00"/>
						<SP ID="P396_SP00124" HPOS="1281" VPOS="1008" WIDTH="16"/>
						<String ID="P396_ST00143" HPOS="1297" VPOS="974" WIDTH="85" HEIGHT="28" CONTENT="Sulla" WC="0.79" CC="06120"/>
						<SP ID="P396_SP00125" HPOS="1382" VPOS="1008" WIDTH="13"/>
						<String ID="P396_ST00144" HPOS="1395" VPOS="984" WIDTH="62" HEIGHT="18" CONTENT="was" WC="1.00" CC="000"/>
						<SP ID="P396_SP00126" HPOS="1457" VPOS="1008" WIDTH="20"/>
						<String ID="P396_ST00145" HPOS="1477" VPOS="980" WIDTH="32" HEIGHT="22" CONTENT="to" WC="0.64" CC="70"/>
					</TextLine>
					<TextLine ID="P396_TL00016" HPOS="357" VPOS="1024" WIDTH="1151" HEIGHT="33">
						<String ID="P396_ST00146" HPOS="357" VPOS="1024" WIDTH="113" HEIGHT="25" CONTENT="reward" WC="0.85" CC="400040"/>
						<SP ID="P396_SP00127" HPOS="470" VPOS="1049" WIDTH="14"/>
						<String ID="P396_ST00147" HPOS="484" VPOS="1024" WIDTH="50" HEIGHT="25" CONTENT="the" WC="0.68" CC="260"/>
						<SP ID="P396_SP00128" HPOS="534" VPOS="1049" WIDTH="13"/>
						<String ID="P396_ST00148" HPOS="547" VPOS="1024" WIDTH="76" HEIGHT="25" CONTENT="tools" WC="0.84" CC="20050"/>
						<SP ID="P396_SP00129" HPOS="623" VPOS="1049" WIDTH="13"/>
						<String ID="P396_ST00149" HPOS="636" VPOS="1024" WIDTH="67" HEIGHT="25" CONTENT="who" WC="0.82" CC="050"/>
						<SP ID="P396_SP00130" HPOS="703" VPOS="1049" WIDTH="14"/>
						<String ID="P396_ST00150" HPOS="717" VPOS="1024" WIDTH="59" HEIGHT="26" CONTENT="had" WC="0.65" CC="630"/>
						<SP ID="P396_SP00131" HPOS="776" VPOS="1050" WIDTH="15"/>
						<String ID="P396_ST00151" HPOS="791" VPOS="1024" WIDTH="126" HEIGHT="26" CONTENT="assisted" WC="0.98" CC="00000100"/>
						<SP ID="P396_SP00132" HPOS="917" VPOS="1050" WIDTH="20"/>
						<String ID="P396_ST00152" HPOS="937" VPOS="1024" WIDTH="72" HEIGHT="33" CONTENT="him," WC="0.57" CC="6604"/>
						<SP ID="P396_SP00133" HPOS="1009" VPOS="1057" WIDTH="16"/>
						<String ID="P396_ST00153" HPOS="1025" VPOS="1025" WIDTH="58" HEIGHT="25" CONTENT="and" WC="1.00" CC="000"/>
						<SP ID="P396_SP00134" HPOS="1083" VPOS="1057" WIDTH="16"/>
						<String ID="P396_ST00154" HPOS="1099" VPOS="1024" WIDTH="32" HEIGHT="27" CONTENT="L." WC="1.00" CC="00"/>
						<SP ID="P396_SP00135" HPOS="1131" VPOS="1057" WIDTH="15"/>
						<String ID="P396_ST00155" HPOS="1146" VPOS="1025" WIDTH="140" HEIGHT="26" CONTENT="Valerius" WC="0.74" CC="60105500"/>
						<SP ID="P396_SP00136" HPOS="1286" VPOS="1057" WIDTH="20"/>
						<String ID="P396_ST00156" HPOS="1306" VPOS="1026" WIDTH="126" HEIGHT="25" CONTENT="Flaccus" WC="0.79" CC="5400040"/>
						<SP ID="P396_SP00137" HPOS="1432" VPOS="1057" WIDTH="15"/>
						<String ID="P396_ST00157" HPOS="1447" VPOS="1035" WIDTH="61" HEIGHT="16" CONTENT="was" WC="1.00" CC="000"/>
					</TextLine>
					<TextLine ID="P396_TL00017" HPOS="356" VPOS="1072" WIDTH="1151" HEIGHT="38">
						<String ID="P396_ST00158" HPOS="356" VPOS="1072" WIDTH="202" HEIGHT="35" CONTENT="immediately" WC="0.81" CC="30700404000"/>
						<SP ID="P396_SP00138" HPOS="558" VPOS="1107" WIDTH="14"/>
						<String ID="P396_ST00159" HPOS="572" VPOS="1073" WIDTH="86" HEIGHT="25" CONTENT="made" WC="1.00" CC="0000"/>
						<SP ID="P396_SP00139" HPOS="658" VPOS="1107" WIDTH="15"/>
						<String ID="P396_ST00160" HPOS="673" VPOS="1077" WIDTH="110" HEIGHT="22" CONTENT="master" WC="1.00" CC="000000"/>
						<SP ID="P396_SP00140" HPOS="783" VPOS="1107" WIDTH="13"/>
						<String ID="P396_ST00161" HPOS="796" VPOS="1073" WIDTH="33" HEIGHT="26" CONTENT="of" WC="1.00" CC="00"/>
						<SP ID="P396_SP00141" HPOS="829" VPOS="1107" WIDTH="10"/>
						<String ID="P396_ST00162" HPOS="839" VPOS="1074" WIDTH="50" HEIGHT="25" CONTENT="the" WC="0.81" CC="050"/>
						<SP ID="P396_SP00142" HPOS="889" VPOS="1107" WIDTH="13"/>
						<String ID="P396_ST00163" HPOS="902" VPOS="1074" WIDTH="96" HEIGHT="31" CONTENT="horse," WC="0.73" CC="605004"/>
						<SP ID="P396_SP00143" HPOS="998" VPOS="1107" WIDTH="14"/>
						<String ID="P396_ST00164" HPOS="1012" VPOS="1074" WIDTH="90" HEIGHT="26" CONTENT="while" WC="0.75" CC="05311"/>
						<SP ID="P396_SP00144" HPOS="1102" VPOS="1107" WIDTH="14"/>
						<String ID="P396_ST00165" HPOS="1116" VPOS="1074" WIDTH="50" HEIGHT="26" CONTENT="the" WC="0.77" CC="060"/>
						<SP ID="P396_SP00145" HPOS="1166" VPOS="1107" WIDTH="19"/>
						<String ID="P396_ST00166" HPOS="1185" VPOS="1074" WIDTH="133" HEIGHT="36" CONTENT="military" WC="0.79" CC="06009000"/>
						<SP ID="P396_SP00146" HPOS="1318" VPOS="1110" WIDTH="13"/>
						<String ID="P396_ST00167" HPOS="1331" VPOS="1076" WIDTH="176" HEIGHT="31" CONTENT="murderers," WC="0.78" CC="3630020202"/>
					</TextLine>
					<TextLine ID="P396_TL00018" HPOS="355" VPOS="1121" WIDTH="1153" HEIGHT="38">
						<String ID="P396_ST00168" HPOS="355" VPOS="1121" WIDTH="66" HEIGHT="25" CONTENT="who" WC="0.68" CC="054"/>
						<SP ID="P396_SP00147" HPOS="421" VPOS="1146" WIDTH="15"/>
						<String ID="P396_ST00169" HPOS="436" VPOS="1121" WIDTH="60" HEIGHT="25" CONTENT="had" WC="0.57" CC="660"/>
						<SP ID="P396_SP00148" HPOS="496" VPOS="1146" WIDTH="14"/>
						<String ID="P396_ST00170" HPOS="510" VPOS="1121" WIDTH="85" HEIGHT="25" CONTENT="acted" WC="1.00" CC="00000"/>
						<SP ID="P396_SP00149" HPOS="595" VPOS="1146" WIDTH="15"/>
						<String ID="P396_ST00171" HPOS="610" VPOS="1129" WIDTH="32" HEIGHT="18" CONTENT="as" WC="1.00" CC="00"/>
						<SP ID="P396_SP00150" HPOS="642" VPOS="1147" WIDTH="16"/>
						<String ID="P396_ST00172" HPOS="658" VPOS="1122" WIDTH="203" HEIGHT="26" CONTENT="executioners" WC="0.86" CC="000060400040"/>
						<SP ID="P396_SP00151" HPOS="861" VPOS="1148" WIDTH="14"/>
						<String ID="P396_ST00173" HPOS="875" VPOS="1122" WIDTH="30" HEIGHT="26" CONTENT="in" WC="0.70" CC="50"/>
						<SP ID="P396_SP00152" HPOS="905" VPOS="1148" WIDTH="14"/>
						<String ID="P396_ST00174" HPOS="919" VPOS="1123" WIDTH="51" HEIGHT="25" CONTENT="the" WC="0.61" CC="470"/>
						<SP ID="P396_SP00153" HPOS="970" VPOS="1148" WIDTH="14"/>
						<String ID="P396_ST00175" HPOS="984" VPOS="1123" WIDTH="157" HEIGHT="27" CONTENT="execution" WC="0.83" CC="000063400"/>
						<SP ID="P396_SP00154" HPOS="1141" VPOS="1150" WIDTH="15"/>
						<String ID="P396_ST00176" HPOS="1156" VPOS="1124" WIDTH="33" HEIGHT="26" CONTENT="of" WC="1.00" CC="00"/>
						<SP ID="P396_SP00155" HPOS="1189" VPOS="1150" WIDTH="9"/>
						<String ID="P396_ST00177" HPOS="1198" VPOS="1125" WIDTH="47" HEIGHT="26" CONTENT="his" WC="0.58" CC="750"/>
						<SP ID="P396_SP00156" HPOS="1245" VPOS="1151" WIDTH="15"/>
						<String ID="P396_ST00178" HPOS="1260" VPOS="1125" WIDTH="96" HEIGHT="34" CONTENT="plans," WC="0.75" CC="060700"/>
						<SP ID="P396_SP00157" HPOS="1356" VPOS="1159" WIDTH="16"/>
						<String ID="P396_ST00179" HPOS="1372" VPOS="1125" WIDTH="136" HEIGHT="26" CONTENT="received" WC="0.96" CC="20000000"/>
					</TextLine>
					<TextLine ID="P396_TL00019" HPOS="354" VPOS="1169" WIDTH="1153" HEIGHT="36">
						<String ID="P396_ST00180" HPOS="354" VPOS="1173" WIDTH="104" HEIGHT="30" CONTENT="grants" WC="0.87" CC="010500"/>
						<SP ID="P396_SP00158" HPOS="458" VPOS="1203" WIDTH="23"/>
						<String ID="P396_ST00181" HPOS="481" VPOS="1169" WIDTH="33" HEIGHT="26" CONTENT="of" WC="0.95" CC="10"/>
						<SP ID="P396_SP00159" HPOS="514" VPOS="1203" WIDTH="18"/>
						<String ID="P396_ST00182" HPOS="532" VPOS="1170" WIDTH="70" HEIGHT="25" CONTENT="land" WC="0.69" CC="1037"/>
						<SP ID="P396_SP00160" HPOS="602" VPOS="1203" WIDTH="20"/>
						<String ID="P396_ST00183" HPOS="622" VPOS="1170" WIDTH="30" HEIGHT="25" CONTENT="in" WC="0.68" CC="42"/>
						<SP ID="P396_SP00161" HPOS="652" VPOS="1203" WIDTH="23"/>
						<String ID="P396_ST00184" HPOS="675" VPOS="1170" WIDTH="50" HEIGHT="26" CONTENT="the" WC="0.53" CC="670"/>
						<SP ID="P396_SP00162" HPOS="725" VPOS="1203" WIDTH="24"/>
						<String ID="P396_ST00185" HPOS="749" VPOS="1171" WIDTH="99" HEIGHT="34" CONTENT="places" WC="0.94" CC="030000"/>
						<SP ID="P396_SP00163" HPOS="848" VPOS="1205" WIDTH="23"/>
						<String ID="P396_ST00186" HPOS="871" VPOS="1172" WIDTH="96" HEIGHT="25" CONTENT="which" WC="0.77" CC="04204"/>
						<SP ID="P396_SP00164" HPOS="967" VPOS="1205" WIDTH="23"/>
						<String ID="P396_ST00187" HPOS="990" VPOS="1173" WIDTH="60" HEIGHT="25" CONTENT="had" WC="0.78" CC="600"/>
						<SP ID="P396_SP00165" HPOS="1050" VPOS="1205" WIDTH="22"/>
						<String ID="P396_ST00188" HPOS="1072" VPOS="1173" WIDTH="76" HEIGHT="27" CONTENT="been" WC="1.00" CC="0000"/>
						<SP ID="P396_SP00166" HPOS="1148" VPOS="1205" WIDTH="26"/>
						<String ID="P396_ST00189" HPOS="1174" VPOS="1173" WIDTH="216" HEIGHT="28" CONTENT="unfavourable" WC="0.78" CC="570000510700"/>
						<SP ID="P396_SP00167" HPOS="1390" VPOS="1205" WIDTH="14"/>
						<String ID="P396_ST00190" HPOS="1404" VPOS="1179" WIDTH="31" HEIGHT="22" CONTENT="to" WC="0.71" CC="50"/>
						<SP ID="P396_SP00168" HPOS="1435" VPOS="1205" WIDTH="21"/>
						<String ID="P396_ST00191" HPOS="1456" VPOS="1175" WIDTH="51" HEIGHT="26" CONTENT="the" WC="0.78" CC="060"/>
					</TextLine>
					<TextLine ID="P396_TL00020" HPOS="355" VPOS="1218" WIDTH="1151" HEIGHT="42">
						<String ID="P396_ST00192" HPOS="355" VPOS="1221" WIDTH="109" HEIGHT="31" CONTENT="tyrant." WC="0.59" CC="0950750"/>
						<SP ID="P396_SP00169" HPOS="464" VPOS="1252" WIDTH="41"/>
						<String ID="P396_ST00193" HPOS="505" VPOS="1218" WIDTH="48" HEIGHT="26" CONTENT="He" WC="0.66" CC="60"/>
						<SP ID="P396_SP00170" HPOS="553" VPOS="1252" WIDTH="21"/>
						<String ID="P396_ST00194" HPOS="574" VPOS="1220" WIDTH="119" HEIGHT="25" CONTENT="courted" WC="0.85" CC="0016200"/>
						<SP ID="P396_SP00171" HPOS="693" VPOS="1252" WIDTH="25"/>
						<String ID="P396_ST00195" HPOS="718" VPOS="1228" WIDTH="17" HEIGHT="17" CONTENT="a" WC="1.00" CC="0"/>
						<SP ID="P396_SP00172" HPOS="735" VPOS="1252" WIDTH="23"/>
						<String ID="P396_ST00196" HPOS="758" VPOS="1221" WIDTH="111" HEIGHT="25" CONTENT="certain" WC="0.84" CC="0022040"/>
						<SP ID="P396_SP00173" HPOS="869" VPOS="1252" WIDTH="25"/>
						<String ID="P396_ST00197" HPOS="894" VPOS="1225" WIDTH="60" HEIGHT="22" CONTENT="sort" WC="0.97" CC="0000"/>
						<SP ID="P396_SP00174" HPOS="954" VPOS="1252" WIDTH="24"/>
						<String ID="P396_ST00198" HPOS="978" VPOS="1222" WIDTH="33" HEIGHT="26" CONTENT="of" WC="1.00" CC="00"/>
						<SP ID="P396_SP00175" HPOS="1011" VPOS="1252" WIDTH="18"/>
						<String ID="P396_ST00199" HPOS="1029" VPOS="1223" WIDTH="172" HEIGHT="35" CONTENT="popularity" WC="0.84" CC="0004005600"/>
						<SP ID="P396_SP00176" HPOS="1201" VPOS="1258" WIDTH="14"/>
						<String ID="P396_ST00200" HPOS="1215" VPOS="1225" WIDTH="41" HEIGHT="34" CONTENT="by" WC="1.00" CC="00"/>
						<SP ID="P396_SP00177" HPOS="1256" VPOS="1259" WIDTH="14"/>
						<String ID="P396_ST00201" HPOS="1270" VPOS="1226" WIDTH="167" HEIGHT="34" CONTENT="extending" WC="0.79" CC="009000440"/>
						<SP ID="P396_SP00178" HPOS="1437" VPOS="1260" WIDTH="19"/>
						<String ID="P396_ST00202" HPOS="1456" VPOS="1226" WIDTH="50" HEIGHT="25" CONTENT="the" WC="0.75" CC="250"/>
					</TextLine>
					<TextLine ID="P396_TL00021" HPOS="356" VPOS="1267" WIDTH="1153" HEIGHT="43">
						<String ID="P396_ST00203" HPOS="356" VPOS="1267" WIDTH="130" HEIGHT="35" CONTENT="suffrage" WC="0.93" CC="00005000"/>
						<SP ID="P396_SP00179" HPOS="486" VPOS="1302" WIDTH="14"/>
						<String ID="P396_ST00204" HPOS="500" VPOS="1272" WIDTH="31" HEIGHT="21" CONTENT="to" WC="0.75" CC="50"/>
						<SP ID="P396_SP00180" HPOS="531" VPOS="1302" WIDTH="15"/>
						<String ID="P396_ST00205" HPOS="546" VPOS="1277" WIDTH="80" HEIGHT="17" CONTENT="some" WC="1.00" CC="0000"/>
						<SP ID="P396_SP00181" HPOS="626" VPOS="1302" WIDTH="18"/>
						<String ID="P396_ST00206" HPOS="644" VPOS="1278" WIDTH="97" HEIGHT="22" CONTENT="10,000" WC="0.94" CC="003000"/>
						<SP ID="P396_SP00182" HPOS="741" VPOS="1302" WIDTH="14"/>
						<String ID="P396_ST00207" HPOS="755" VPOS="1270" WIDTH="208" HEIGHT="34" CONTENT="emancipated" WC="0.99" CC="00000000000"/>
						<SP ID="P396_SP00183" HPOS="963" VPOS="1304" WIDTH="21"/>
						<String ID="P396_ST00208" HPOS="984" VPOS="1272" WIDTH="105" HEIGHT="33" CONTENT="slaves," WC="0.93" CC="0500000"/>
						<SP ID="P396_SP00184" HPOS="1089" VPOS="1305" WIDTH="16"/>
						<String ID="P396_ST00209" HPOS="1105" VPOS="1273" WIDTH="67" HEIGHT="26" CONTENT="who" WC="0.82" CC="050"/>
						<SP ID="P396_SP00185" HPOS="1172" VPOS="1305" WIDTH="15"/>
						<String ID="P396_ST00210" HPOS="1187" VPOS="1274" WIDTH="134" HEIGHT="26" CONTENT="retained" WC="0.88" CC="30005000"/>
						<SP ID="P396_SP00186" HPOS="1321" VPOS="1305" WIDTH="16"/>
						<String ID="P396_ST00211" HPOS="1337" VPOS="1275" WIDTH="120" HEIGHT="35" CONTENT="enough" WC="0.77" CC="050007"/>
						<SP ID="P396_SP00187" HPOS="1457" VPOS="1310" WIDTH="21"/>
						<String ID="P396_ST00212" HPOS="1478" VPOS="1277" WIDTH="31" HEIGHT="25" CONTENT="of" WC="1.00" CC="00"/>
					</TextLine>
					<TextLine ID="P396_TL00022" HPOS="354" VPOS="1317" WIDTH="1152" HEIGHT="34">
						<String ID="P396_ST00213" HPOS="354" VPOS="1317" WIDTH="77" HEIGHT="25" CONTENT="their" WC="0.72" CC="05053"/>
						<SP ID="P396_SP00188" HPOS="431" VPOS="1342" WIDTH="15"/>
						<String ID="P396_ST00214" HPOS="446" VPOS="1317" WIDTH="180" HEIGHT="26" CONTENT="slavishness" WC="0.86" CC="04003070000"/>
						<SP ID="P396_SP00189" HPOS="626" VPOS="1343" WIDTH="21"/>
						<String ID="P396_ST00215" HPOS="647" VPOS="1322" WIDTH="29" HEIGHT="21" CONTENT="to" WC="1.00" CC="00"/>
						<SP ID="P396_SP00190" HPOS="676" VPOS="1343" WIDTH="15"/>
						<String ID="P396_ST00216" HPOS="691" VPOS="1327" WIDTH="88" HEIGHT="17" CONTENT="cause" WC="1.00" CC="00000"/>
						<SP ID="P396_SP00191" HPOS="779" VPOS="1344" WIDTH="19"/>
						<String ID="P396_ST00217" HPOS="798" VPOS="1319" WIDTH="81" HEIGHT="25" CONTENT="them" WC="0.82" CC="0700"/>
						<SP ID="P396_SP00192" HPOS="879" VPOS="1344" WIDTH="15"/>
						<String ID="P396_ST00218" HPOS="894" VPOS="1324" WIDTH="30" HEIGHT="21" CONTENT="to" WC="1.00" CC="00"/>
						<SP ID="P396_SP00193" HPOS="924" VPOS="1345" WIDTH="14"/>
						<String ID="P396_ST00219" HPOS="938" VPOS="1325" WIDTH="68" HEIGHT="22" CONTENT="vote" WC="0.89" CC="0040"/>
						<SP ID="P396_SP00194" HPOS="1006" VPOS="1347" WIDTH="15"/>
						<String ID="P396_ST00220" HPOS="1021" VPOS="1330" WIDTH="32" HEIGHT="17" CONTENT="as" WC="1.00" CC="00"/>
						<SP ID="P396_SP00195" HPOS="1053" VPOS="1347" WIDTH="14"/>
						<String ID="P396_ST00221" HPOS="1067" VPOS="1322" WIDTH="78" HEIGHT="26" CONTENT="their" WC="0.68" CC="76020"/>
						<SP ID="P396_SP00196" HPOS="1145" VPOS="1348" WIDTH="19"/>
						<String ID="P396_ST00222" HPOS="1164" VPOS="1328" WIDTH="113" HEIGHT="22" CONTENT="master" WC="0.74" CC="000905"/>
						<SP ID="P396_SP00197" HPOS="1277" VPOS="1350" WIDTH="13"/>
						<String ID="P396_ST00223" HPOS="1290" VPOS="1324" WIDTH="126" HEIGHT="26" CONTENT="desired." WC="0.85" CC="00053001"/>
						<SP ID="P396_SP00198" HPOS="1416" VPOS="1350" WIDTH="41"/>
						<String ID="P396_ST00224" HPOS="1457" VPOS="1325" WIDTH="49" HEIGHT="26" CONTENT="He" WC="0.80" CC="40"/>
					</TextLine>
					<TextLine ID="P396_TL00023" HPOS="354" VPOS="1365" WIDTH="1153" HEIGHT="45">
						<String ID="P396_ST00225" HPOS="354" VPOS="1365" WIDTH="123" HEIGHT="27" CONTENT="affected" WC="0.95" CC="00300000"/>
						<SP ID="P396_SP00199" HPOS="477" VPOS="1392" WIDTH="21"/>
						<String ID="P396_ST00226" HPOS="498" VPOS="1370" WIDTH="29" HEIGHT="21" CONTENT="to" WC="0.95" CC="10"/>
						<SP ID="P396_SP00200" HPOS="527" VPOS="1392" WIDTH="23"/>
						<String ID="P396_ST00227" HPOS="550" VPOS="1366" WIDTH="191" HEIGHT="27" CONTENT="reconstitute" WC="0.92" CC="100040100000"/>
						<SP ID="P396_SP00201" HPOS="741" VPOS="1393" WIDTH="22"/>
						<String ID="P396_ST00228" HPOS="763" VPOS="1368" WIDTH="50" HEIGHT="26" CONTENT="the" WC="0.80" CC="050"/>
						<SP ID="P396_SP00202" HPOS="813" VPOS="1394" WIDTH="20"/>
						<String ID="P396_ST00229" HPOS="833" VPOS="1368" WIDTH="167" HEIGHT="35" CONTENT="legislative" WC="0.95" CC="00010300000"/>
						<SP ID="P396_SP00203" HPOS="1000" VPOS="1403" WIDTH="21"/>
						<String ID="P396_ST00230" HPOS="1021" VPOS="1371" WIDTH="80" HEIGHT="35" CONTENT="body" WC="1.00" CC="0000"/>
						<SP ID="P396_SP00204" HPOS="1101" VPOS="1406" WIDTH="21"/>
						<String ID="P396_ST00231" HPOS="1122" VPOS="1372" WIDTH="96" HEIGHT="27" CONTENT="which" WC="0.72" CC="07006"/>
						<SP ID="P396_SP00205" HPOS="1218" VPOS="1406" WIDTH="20"/>
						<String ID="P396_ST00232" HPOS="1238" VPOS="1374" WIDTH="38" HEIGHT="26" CONTENT="he" WC="0.67" CC="60"/>
						<SP ID="P396_SP00206" HPOS="1276" VPOS="1406" WIDTH="14"/>
						<String ID="P396_ST00233" HPOS="1290" VPOS="1374" WIDTH="61" HEIGHT="26" CONTENT="had" WC="0.77" CC="600"/>
						<SP ID="P396_SP00207" HPOS="1351" VPOS="1406" WIDTH="20"/>
						<String ID="P396_ST00234" HPOS="1371" VPOS="1374" WIDTH="136" HEIGHT="36" CONTENT="illegally" WC="0.72" CC="046008320"/>
					</TextLine>
					<TextLine ID="P396_TL00024" HPOS="355" VPOS="1415" WIDTH="1150" HEIGHT="42">
						<String ID="P396_ST00235" HPOS="355" VPOS="1415" WIDTH="166" HEIGHT="34" CONTENT="destroyed," WC="0.91" CC="0000400003"/>
						<SP ID="P396_SP00208" HPOS="521" VPOS="1449" WIDTH="16"/>
						<String ID="P396_ST00236" HPOS="537" VPOS="1416" WIDTH="59" HEIGHT="25" CONTENT="and" WC="0.64" CC="370"/>
						<SP ID="P396_SP00209" HPOS="596" VPOS="1449" WIDTH="13"/>
						<String ID="P396_ST00237" HPOS="609" VPOS="1416" WIDTH="38" HEIGHT="25" CONTENT="he" WC="0.67" CC="60"/>
						<SP ID="P396_SP00210" HPOS="647" VPOS="1449" WIDTH="15"/>
						<String ID="P396_ST00238" HPOS="662" VPOS="1420" WIDTH="64" HEIGHT="22" CONTENT="sent" WC="0.95" CC="0000"/>
						<SP ID="P396_SP00211" HPOS="726" VPOS="1449" WIDTH="15"/>
						<String ID="P396_ST00239" HPOS="741" VPOS="1416" WIDTH="61" HEIGHT="27" CONTENT="into" WC="0.77" CC="4050"/>
						<SP ID="P396_SP00212" HPOS="802" VPOS="1449" WIDTH="15"/>
						<String ID="P396_ST00240" HPOS="817" VPOS="1417" WIDTH="23" HEIGHT="26" CONTENT="it" WC="0.60" CC="52"/>
						<SP ID="P396_SP00213" HPOS="840" VPOS="1449" WIDTH="14"/>
						<String ID="P396_ST00241" HPOS="854" VPOS="1427" WIDTH="17" HEIGHT="17" CONTENT="a" WC="1.00" CC="0"/>
						<SP ID="P396_SP00214" HPOS="871" VPOS="1449" WIDTH="15"/>
						<String ID="P396_ST00242" HPOS="886" VPOS="1419" WIDTH="137" HEIGHT="36" CONTENT="quantity" WC="0.80" CC="04040600"/>
						<SP ID="P396_SP00215" HPOS="1023" VPOS="1455" WIDTH="15"/>
						<String ID="P396_ST00243" HPOS="1038" VPOS="1421" WIDTH="32" HEIGHT="25" CONTENT="of" WC="1.00" CC="00"/>
						<SP ID="P396_SP00216" HPOS="1070" VPOS="1455" WIDTH="9"/>
						<String ID="P396_ST00244" HPOS="1079" VPOS="1422" WIDTH="65" HEIGHT="25" CONTENT="that" WC="0.37" CC="9509"/>
						<SP ID="P396_SP00217" HPOS="1144" VPOS="1455" WIDTH="15"/>
						<String ID="P396_ST00245" HPOS="1159" VPOS="1422" WIDTH="127" HEIGHT="27" CONTENT="noxious" WC="0.85" CC="3000070"/>
						<SP ID="P396_SP00218" HPOS="1286" VPOS="1455" WIDTH="15"/>
						<String ID="P396_ST00246" HPOS="1301" VPOS="1433" WIDTH="82" HEIGHT="16" CONTENT="scum" WC="0.97" CC="0010"/>
						<SP ID="P396_SP00219" HPOS="1383" VPOS="1455" WIDTH="15"/>
						<String ID="P396_ST00247" HPOS="1398" VPOS="1425" WIDTH="107" HEIGHT="32" CONTENT="which," WC="0.76" CC="073040"/>
					</TextLine>
					<TextLine ID="P396_TL00025" HPOS="356" VPOS="1463" WIDTH="1150" HEIGHT="44">
						<String ID="P396_ST00248" HPOS="356" VPOS="1463" WIDTH="31" HEIGHT="25" CONTENT="in" WC="0.78" CC="40"/>
						<SP ID="P396_SP00220" HPOS="387" VPOS="1488" WIDTH="22"/>
						<String ID="P396_ST00249" HPOS="409" VPOS="1464" WIDTH="50" HEIGHT="25" CONTENT="the" WC="0.47" CC="960"/>
						<SP ID="P396_SP00221" HPOS="459" VPOS="1489" WIDTH="22"/>
						<String ID="P396_ST00250" HPOS="481" VPOS="1465" WIDTH="136" HEIGHT="25" CONTENT="troubled" WC="0.90" CC="02050000"/>
						<SP ID="P396_SP00222" HPOS="617" VPOS="1490" WIDTH="22"/>
						<String ID="P396_ST00251" HPOS="639" VPOS="1469" WIDTH="106" HEIGHT="23" CONTENT="waters" WC="0.92" CC="003010"/>
						<SP ID="P396_SP00223" HPOS="745" VPOS="1492" WIDTH="22"/>
						<String ID="P396_ST00252" HPOS="767" VPOS="1466" WIDTH="33" HEIGHT="26" CONTENT="of" WC="1.00" CC="00"/>
						<SP ID="P396_SP00224" HPOS="800" VPOS="1492" WIDTH="17"/>
						<String ID="P396_ST00253" HPOS="817" VPOS="1468" WIDTH="173" HEIGHT="32" CONTENT="revolution," WC="0.79" CC="40000703060"/>
						<SP ID="P396_SP00225" HPOS="990" VPOS="1500" WIDTH="22"/>
						<String ID="P396_ST00254" HPOS="1012" VPOS="1470" WIDTH="25" HEIGHT="25" CONTENT="is" WC="0.70" CC="50"/>
						<SP ID="P396_SP00226" HPOS="1037" VPOS="1500" WIDTH="23"/>
						<String ID="P396_ST00255" HPOS="1060" VPOS="1470" WIDTH="169" HEIGHT="37" CONTENT="frequently" WC="0.67" CC="0400506960"/>
						<SP ID="P396_SP00227" HPOS="1229" VPOS="1507" WIDTH="24"/>
						<String ID="P396_ST00256" HPOS="1253" VPOS="1477" WIDTH="63" HEIGHT="22" CONTENT="cast" WC="1.00" CC="0000"/>
						<SP ID="P396_SP00228" HPOS="1316" VPOS="1507" WIDTH="21"/>
						<String ID="P396_ST00257" HPOS="1337" VPOS="1482" WIDTH="40" HEIGHT="25" CONTENT="up" WC="0.70" CC="50"/>
						<SP ID="P396_SP00229" HPOS="1377" VPOS="1507" WIDTH="25"/>
						<String ID="P396_ST00258" HPOS="1402" VPOS="1478" WIDTH="29" HEIGHT="22" CONTENT="to" WC="0.50" CC="90"/>
						<SP ID="P396_SP00230" HPOS="1431" VPOS="1507" WIDTH="24"/>
						<String ID="P396_ST00259" HPOS="1455" VPOS="1475" WIDTH="51" HEIGHT="25" CONTENT="the" WC="0.53" CC="760"/>
					</TextLine>
					<TextLine ID="P396_TL00026" HPOS="353" VPOS="1511" WIDTH="288" HEIGHT="36">
						<String ID="P396_ST00260" HPOS="353" VPOS="1511" WIDTH="111" HEIGHT="27" CONTENT="surface" WC="0.96" CC="0110000"/>
						<SP ID="P396_SP00231" HPOS="464" VPOS="1538" WIDTH="14"/>
						<String ID="P396_ST00261" HPOS="478" VPOS="1512" WIDTH="33" HEIGHT="26" CONTENT="of" WC="1.00" CC="00"/>
						<SP ID="P396_SP00232" HPOS="511" VPOS="1538" WIDTH="9"/>
						<String ID="P396_ST00262" HPOS="520" VPOS="1513" WIDTH="121" HEIGHT="34" CONTENT="society." WC="0.93" CC="00050000"/>
					</TextLine>
				</TextBlock>
				<TextBlock ID="P396_TB00007" HPOS="342" VPOS="1593" WIDTH="1163" HEIGHT="598" STYLEREFS="TXT_2 PAR_LEFT">
					<TextLine ID="P396_TL00027" HPOS="412" VPOS="1593" WIDTH="1093" HEIGHT="48">
						<String ID="P396_ST00263" HPOS="412" VPOS="1593" WIDTH="124" HEIGHT="36" CONTENT="Having" WC="0.79" CC="500060"/>
						<SP ID="P396_SP00233" HPOS="536" VPOS="1629" WIDTH="13"/>
						<String ID="P396_ST00264" HPOS="549" VPOS="1595" WIDTH="182" HEIGHT="26" CONTENT="established" WC="0.93" CC="00000100500"/>
						<SP ID="P396_SP00234" HPOS="731" VPOS="1629" WIDTH="15"/>
						<String ID="P396_ST00265" HPOS="746" VPOS="1597" WIDTH="46" HEIGHT="26" CONTENT="his" WC="0.68" CC="540"/>
						<SP ID="P396_SP00235" HPOS="792" VPOS="1629" WIDTH="14"/>
						<String ID="P396_ST00266" HPOS="806" VPOS="1598" WIDTH="130" HEIGHT="33" CONTENT="position" WC="0.84" CC="00050600"/>
						<SP ID="P396_SP00236" HPOS="936" VPOS="1631" WIDTH="15"/>
						<String ID="P396_ST00267" HPOS="951" VPOS="1599" WIDTH="130" HEIGHT="36" CONTENT="through" WC="0.76" CC="5630001"/>
						<SP ID="P396_SP00237" HPOS="1081" VPOS="1635" WIDTH="14"/>
						<String ID="P396_ST00268" HPOS="1095" VPOS="1601" WIDTH="50" HEIGHT="27" CONTENT="the" WC="0.78" CC="060"/>
						<SP ID="P396_SP00238" HPOS="1145" VPOS="1635" WIDTH="15"/>
						<String ID="P396_ST00269" HPOS="1160" VPOS="1604" WIDTH="144" HEIGHT="35" CONTENT="brutality" WC="0.85" CC="020306000"/>
						<SP ID="P396_SP00239" HPOS="1304" VPOS="1639" WIDTH="15"/>
						<String ID="P396_ST00270" HPOS="1319" VPOS="1605" WIDTH="33" HEIGHT="26" CONTENT="of" WC="1.00" CC="00"/>
						<SP ID="P396_SP00240" HPOS="1352" VPOS="1639" WIDTH="9"/>
						<String ID="P396_ST00271" HPOS="1361" VPOS="1615" WIDTH="57" HEIGHT="17" CONTENT="one" WC="1.00" CC="000"/>
						<SP ID="P396_SP00241" HPOS="1418" VPOS="1639" WIDTH="19"/>
						<String ID="P396_ST00272" HPOS="1437" VPOS="1610" WIDTH="68" HEIGHT="31" CONTENT="part" WC="0.91" CC="0030"/>
					</TextLine>
					<TextLine ID="P396_TL00028" HPOS="350" VPOS="1642" WIDTH="1153" HEIGHT="40">
						<String ID="P396_ST00273" HPOS="350" VPOS="1642" WIDTH="32" HEIGHT="26" CONTENT="of" WC="1.00" CC="00"/>
						<SP ID="P396_SP00242" HPOS="382" VPOS="1668" WIDTH="10"/>
						<String ID="P396_ST00274" HPOS="392" VPOS="1643" WIDTH="49" HEIGHT="26" CONTENT="the" WC="0.80" CC="060"/>
						<SP ID="P396_SP00243" HPOS="441" VPOS="1669" WIDTH="13"/>
						<String ID="P396_ST00275" HPOS="454" VPOS="1644" WIDTH="115" HEIGHT="33" CONTENT="people," WC="0.94" CC="0000004"/>
						<SP ID="P396_SP00244" HPOS="569" VPOS="1677" WIDTH="16"/>
						<String ID="P396_ST00276" HPOS="585" VPOS="1645" WIDTH="58" HEIGHT="25" CONTENT="and" WC="0.72" CC="260"/>
						<SP ID="P396_SP00245" HPOS="643" VPOS="1677" WIDTH="11"/>
						<String ID="P396_ST00277" HPOS="654" VPOS="1645" WIDTH="49" HEIGHT="25" CONTENT="the" WC="0.51" CC="950"/>
						<SP ID="P396_SP00246" HPOS="703" VPOS="1677" WIDTH="12"/>
						<String ID="P396_ST00278" HPOS="715" VPOS="1647" WIDTH="162" HEIGHT="26" CONTENT="cowardice" WC="0.94" CC="000000220"/>
						<SP ID="P396_SP00247" HPOS="877" VPOS="1677" WIDTH="12"/>
						<String ID="P396_ST00279" HPOS="889" VPOS="1648" WIDTH="32" HEIGHT="26" CONTENT="of" WC="1.00" CC="00"/>
						<SP ID="P396_SP00248" HPOS="921" VPOS="1677" WIDTH="6"/>
						<String ID="P396_ST00280" HPOS="927" VPOS="1649" WIDTH="51" HEIGHT="26" CONTENT="the" WC="0.84" CC="040"/>
						<SP ID="P396_SP00249" HPOS="978" VPOS="1677" WIDTH="9"/>
						<String ID="P396_ST00281" HPOS="987" VPOS="1649" WIDTH="92" HEIGHT="33" CONTENT="other," WC="0.87" CC="003003"/>
						<SP ID="P396_SP00250" HPOS="1079" VPOS="1682" WIDTH="13"/>
						<String ID="P396_ST00282" HPOS="1092" VPOS="1651" WIDTH="37" HEIGHT="26" CONTENT="he" WC="0.71" CC="50"/>
						<SP ID="P396_SP00251" HPOS="1129" VPOS="1682" WIDTH="12"/>
						<String ID="P396_ST00283" HPOS="1141" VPOS="1659" WIDTH="45" HEIGHT="20" CONTENT="set" WC="0.73" CC="008"/>
						<SP ID="P396_SP00252" HPOS="1186" VPOS="1682" WIDTH="14"/>
						<String ID="P396_ST00284" HPOS="1200" VPOS="1654" WIDTH="92" HEIGHT="26" CONTENT="about" WC="0.66" CC="01069"/>
						<SP ID="P396_SP00253" HPOS="1292" VPOS="1682" WIDTH="13"/>
						<String ID="P396_ST00285" HPOS="1305" VPOS="1654" WIDTH="51" HEIGHT="27" CONTENT="the" WC="0.70" CC="350"/>
						<SP ID="P396_SP00254" HPOS="1356" VPOS="1682" WIDTH="9"/>
						<String ID="P396_ST00286" HPOS="1365" VPOS="1655" WIDTH="138" HEIGHT="27" CONTENT="business" WC="0.86" CC="06004000"/>
					</TextLine>
					<TextLine ID="P396_TL00029" HPOS="352" VPOS="1692" WIDTH="1151" HEIGHT="47">
						<String ID="P396_ST00287" HPOS="352" VPOS="1692" WIDTH="32" HEIGHT="25" CONTENT="of" WC="1.00" CC="00"/>
						<SP ID="P396_SP00255" HPOS="384" VPOS="1717" WIDTH="10"/>
						<String ID="P396_ST00288" HPOS="394" VPOS="1700" WIDTH="17" HEIGHT="17" CONTENT="a" WC="1.00" CC="0"/>
						<SP ID="P396_SP00256" HPOS="411" VPOS="1717" WIDTH="15"/>
						<String ID="P396_ST00289" HPOS="426" VPOS="1692" WIDTH="153" HEIGHT="31" CONTENT="reformer;" WC="0.89" CC="000030050"/>
						<SP ID="P396_SP00257" HPOS="579" VPOS="1723" WIDTH="23"/>
						<String ID="P396_ST00290" HPOS="602" VPOS="1695" WIDTH="67" HEIGHT="30" CONTENT="and," WC="0.63" CC="0562"/>
						<SP ID="P396_SP00258" HPOS="669" VPOS="1725" WIDTH="16"/>
						<String ID="P396_ST00291" HPOS="685" VPOS="1695" WIDTH="115" HEIGHT="35" CONTENT="though" WC="0.75" CC="160104"/>
						<SP ID="P396_SP00259" HPOS="800" VPOS="1730" WIDTH="13"/>
						<String ID="P396_ST00292" HPOS="813" VPOS="1696" WIDTH="38" HEIGHT="26" CONTENT="he" WC="0.65" CC="70"/>
						<SP ID="P396_SP00260" HPOS="851" VPOS="1730" WIDTH="14"/>
						<String ID="P396_ST00293" HPOS="865" VPOS="1697" WIDTH="50" HEIGHT="26" CONTENT="did" WC="0.68" CC="018"/>
						<SP ID="P396_SP00261" HPOS="915" VPOS="1730" WIDTH="14"/>
						<String ID="P396_ST00294" HPOS="929" VPOS="1699" WIDTH="88" HEIGHT="26" CONTENT="much" WC="0.85" CC="0006"/>
						<SP ID="P396_SP00262" HPOS="1017" VPOS="1730" WIDTH="14"/>
						<String ID="P396_ST00295" HPOS="1031" VPOS="1699" WIDTH="94" HEIGHT="34" CONTENT="harm," WC="0.69" CC="70502"/>
						<SP ID="P396_SP00263" HPOS="1125" VPOS="1733" WIDTH="16"/>
						<String ID="P396_ST00296" HPOS="1141" VPOS="1702" WIDTH="51" HEIGHT="26" CONTENT="the" WC="0.71" CC="170"/>
						<SP ID="P396_SP00264" HPOS="1192" VPOS="1733" WIDTH="14"/>
						<String ID="P396_ST00297" HPOS="1206" VPOS="1703" WIDTH="76" HEIGHT="27" CONTENT="little" WC="0.76" CC="028030"/>
						<SP ID="P396_SP00265" HPOS="1282" VPOS="1733" WIDTH="15"/>
						<String ID="P396_ST00298" HPOS="1297" VPOS="1706" WIDTH="79" HEIGHT="33" CONTENT="good" WC="0.80" CC="7000"/>
						<SP ID="P396_SP00266" HPOS="1376" VPOS="1739" WIDTH="15"/>
						<String ID="P396_ST00299" HPOS="1391" VPOS="1706" WIDTH="65" HEIGHT="25" CONTENT="that" WC="0.59" CC="8700"/>
						<SP ID="P396_SP00267" HPOS="1456" VPOS="1739" WIDTH="8"/>
						<String ID="P396_ST00300" HPOS="1464" VPOS="1706" WIDTH="39" HEIGHT="25" CONTENT="he" WC="0.63" CC="70"/>
					</TextLine>
					<TextLine ID="P396_TL00030" HPOS="351" VPOS="1742" WIDTH="1150" HEIGHT="48">
						<String ID="P396_ST00301" HPOS="351" VPOS="1742" WIDTH="218" HEIGHT="33" CONTENT="accomplished" WC="0.95" CC="000000000600"/>
						<SP ID="P396_SP00268" HPOS="569" VPOS="1775" WIDTH="15"/>
						<String ID="P396_ST00302" HPOS="584" VPOS="1748" WIDTH="79" HEIGHT="22" CONTENT="must" WC="0.84" CC="0600"/>
						<SP ID="P396_SP00269" HPOS="663" VPOS="1775" WIDTH="13"/>
						<String ID="P396_ST00303" HPOS="676" VPOS="1748" WIDTH="52" HEIGHT="22" CONTENT="not" WC="0.91" CC="002"/>
						<SP ID="P396_SP00270" HPOS="728" VPOS="1775" WIDTH="13"/>
						<String ID="P396_ST00304" HPOS="741" VPOS="1746" WIDTH="38" HEIGHT="24" CONTENT="be" WC="0.76" CC="40"/>
						<SP ID="P396_SP00271" HPOS="779" VPOS="1775" WIDTH="14"/>
						<String ID="P396_ST00305" HPOS="793" VPOS="1746" WIDTH="106" HEIGHT="27" CONTENT="denied" WC="0.91" CC="001400"/>
						<SP ID="P396_SP00272" HPOS="899" VPOS="1775" WIDTH="15"/>
						<String ID="P396_ST00306" HPOS="914" VPOS="1752" WIDTH="30" HEIGHT="22" CONTENT="to" WC="0.52" CC="90"/>
						<SP ID="P396_SP00273" HPOS="944" VPOS="1775" WIDTH="14"/>
						<String ID="P396_ST00307" HPOS="958" VPOS="1748" WIDTH="71" HEIGHT="27" CONTENT="him." WC="0.56" CC="6631"/>
						<SP ID="P396_SP00274" HPOS="1029" VPOS="1775" WIDTH="41"/>
						<String ID="P396_ST00308" HPOS="1070" VPOS="1750" WIDTH="100" HEIGHT="36" CONTENT="Being" WC="0.51" CC="60439"/>
						<SP ID="P396_SP00275" HPOS="1170" VPOS="1786" WIDTH="13"/>
						<String ID="P396_ST00309" HPOS="1183" VPOS="1761" WIDTH="17" HEIGHT="17" CONTENT="a" WC="1.00" CC="0"/>
						<SP ID="P396_SP00276" HPOS="1200" VPOS="1786" WIDTH="15"/>
						<String ID="P396_ST00310" HPOS="1215" VPOS="1753" WIDTH="106" HEIGHT="35" CONTENT="despot" WC="0.96" CC="200000"/>
						<SP ID="P396_SP00277" HPOS="1321" VPOS="1788" WIDTH="14"/>
						<String ID="P396_ST00311" HPOS="1335" VPOS="1756" WIDTH="41" HEIGHT="34" CONTENT="by" WC="1.00" CC="00"/>
						<SP ID="P396_SP00278" HPOS="1376" VPOS="1790" WIDTH="11"/>
						<String ID="P396_ST00312" HPOS="1387" VPOS="1759" WIDTH="114" HEIGHT="30" CONTENT="nature," WC="0.84" CC="4002300"/>
					</TextLine>
					<TextLine ID="P396_TL00031" HPOS="348" VPOS="1791" WIDTH="1153" HEIGHT="41">
						<String ID="P396_ST00313" HPOS="348" VPOS="1791" WIDTH="36" HEIGHT="25" CONTENT="he" WC="0.73" CC="50"/>
						<SP ID="P396_SP00279" HPOS="384" VPOS="1816" WIDTH="14"/>
						<String ID="P396_ST00314" HPOS="398" VPOS="1791" WIDTH="122" HEIGHT="33" CONTENT="limited," WC="0.93" CC="00001004"/>
						<SP ID="P396_SP00280" HPOS="520" VPOS="1824" WIDTH="16"/>
						<String ID="P396_ST00315" HPOS="536" VPOS="1801" WIDTH="33" HEIGHT="17" CONTENT="as" WC="0.70" CC="60"/>
						<SP ID="P396_SP00281" HPOS="569" VPOS="1824" WIDTH="14"/>
						<String ID="P396_ST00316" HPOS="583" VPOS="1792" WIDTH="44" HEIGHT="26" CONTENT="far" WC="0.83" CC="005"/>
						<SP ID="P396_SP00282" HPOS="627" VPOS="1824" WIDTH="20"/>
						<String ID="P396_ST00317" HPOS="647" VPOS="1802" WIDTH="32" HEIGHT="17" CONTENT="as" WC="1.00" CC="00"/>
						<SP ID="P396_SP00283" HPOS="679" VPOS="1824" WIDTH="20"/>
						<String ID="P396_ST00318" HPOS="699" VPOS="1794" WIDTH="37" HEIGHT="25" CONTENT="he" WC="0.66" CC="60"/>
						<SP ID="P396_SP00284" HPOS="736" VPOS="1824" WIDTH="21"/>
						<String ID="P396_ST00319" HPOS="757" VPOS="1796" WIDTH="95" HEIGHT="32" CONTENT="could," WC="0.81" CC="006202"/>
						<SP ID="P396_SP00285" HPOS="852" VPOS="1828" WIDTH="16"/>
						<String ID="P396_ST00320" HPOS="868" VPOS="1797" WIDTH="49" HEIGHT="25" CONTENT="the" WC="0.64" CC="360"/>
						<SP ID="P396_SP00286" HPOS="917" VPOS="1828" WIDTH="21"/>
						<String ID="P396_ST00321" HPOS="938" VPOS="1799" WIDTH="127" HEIGHT="33" CONTENT="popular" WC="0.80" CC="0006304"/>
						<SP ID="P396_SP00287" HPOS="1065" VPOS="1832" WIDTH="20"/>
						<String ID="P396_ST00322" HPOS="1085" VPOS="1801" WIDTH="130" HEIGHT="27" CONTENT="element" WC="0.97" CC="0000001"/>
						<SP ID="P396_SP00288" HPOS="1215" VPOS="1832" WIDTH="20"/>
						<String ID="P396_ST00323" HPOS="1235" VPOS="1803" WIDTH="30" HEIGHT="26" CONTENT="in" WC="0.68" CC="41"/>
						<SP ID="P396_SP00289" HPOS="1265" VPOS="1832" WIDTH="21"/>
						<String ID="P396_ST00324" HPOS="1286" VPOS="1804" WIDTH="51" HEIGHT="26" CONTENT="the" WC="0.51" CC="770"/>
						<SP ID="P396_SP00290" HPOS="1337" VPOS="1832" WIDTH="20"/>
						<String ID="P396_ST00325" HPOS="1357" VPOS="1806" WIDTH="144" HEIGHT="26" CONTENT="constitu" SUBS_TYPE="HypPart1" SUBS_CONTENT="constitution," WC="0.81" CC="003024240"/>
						<HYP CONTENT="-"/>
					</TextLine>
					<TextLine ID="P396_TL00032" HPOS="348" VPOS="1839" WIDTH="1153" HEIGHT="43">
						<String ID="P396_ST00326" HPOS="348" VPOS="1839" WIDTH="71" HEIGHT="33" CONTENT="tion," SUBS_TYPE="HypPart2" SUBS_CONTENT="constitution," WC="0.88" CC="01004"/>
						<SP ID="P396_SP00291" HPOS="419" VPOS="1872" WIDTH="22"/>
						<String ID="P396_ST00327" HPOS="441" VPOS="1841" WIDTH="39" HEIGHT="34" CONTENT="by" WC="1.00" CC="00"/>
						<SP ID="P396_SP00292" HPOS="480" VPOS="1875" WIDTH="14"/>
						<String ID="P396_ST00328" HPOS="494" VPOS="1841" WIDTH="159" HEIGHT="36" CONTENT="curtailing" WC="0.77" CC="0640040060"/>
						<SP ID="P396_SP00293" HPOS="653" VPOS="1877" WIDTH="14"/>
						<String ID="P396_ST00329" HPOS="667" VPOS="1842" WIDTH="50" HEIGHT="27" CONTENT="the" WC="0.77" CC="060"/>
						<SP ID="P396_SP00294" HPOS="717" VPOS="1877" WIDTH="13"/>
						<String ID="P396_ST00330" HPOS="730" VPOS="1852" WIDTH="101" HEIGHT="25" CONTENT="power" WC="0.70" CC="00904"/>
						<SP ID="P396_SP00295" HPOS="831" VPOS="1877" WIDTH="20"/>
						<String ID="P396_ST00331" HPOS="851" VPOS="1845" WIDTH="32" HEIGHT="25" CONTENT="of" WC="1.00" CC="00"/>
						<SP ID="P396_SP00296" HPOS="883" VPOS="1877" WIDTH="16"/>
						<String ID="P396_ST00332" HPOS="899" VPOS="1847" WIDTH="50" HEIGHT="25" CONTENT="the" WC="0.84" CC="040"/>
						<SP ID="P396_SP00297" HPOS="949" VPOS="1877" WIDTH="14"/>
						<String ID="P396_ST00333" HPOS="963" VPOS="1847" WIDTH="134" HEIGHT="28" CONTENT="tribunes" WC="0.87" CC="00003700"/>
						<SP ID="P396_SP00298" HPOS="1097" VPOS="1877" WIDTH="12"/>
						<String ID="P396_ST00334" HPOS="1109" VPOS="1860" WIDTH="6" HEIGHT="20" CONTENT=";" WC="0.30" CC="6"/>
						<SP ID="P396_SP00299" HPOS="1115" VPOS="1880" WIDTH="22"/>
						<String ID="P396_ST00335" HPOS="1137" VPOS="1852" WIDTH="59" HEIGHT="24" CONTENT="and" WC="0.98" CC="000"/>
						<SP ID="P396_SP00300" HPOS="1196" VPOS="1880" WIDTH="20"/>
						<String ID="P396_ST00336" HPOS="1216" VPOS="1852" WIDTH="38" HEIGHT="26" CONTENT="he" WC="0.66" CC="60"/>
						<SP ID="P396_SP00301" HPOS="1254" VPOS="1880" WIDTH="21"/>
						<String ID="P396_ST00337" HPOS="1275" VPOS="1853" WIDTH="155" HEIGHT="27" CONTENT="increased" WC="0.95" CC="400000000"/>
						<SP ID="P396_SP00302" HPOS="1430" VPOS="1880" WIDTH="20"/>
						<String ID="P396_ST00338" HPOS="1450" VPOS="1856" WIDTH="51" HEIGHT="26" CONTENT="the" WC="0.73" CC="160"/>
					</TextLine>
					<TextLine ID="P396_TL00033" HPOS="347" VPOS="1894" WIDTH="1153" HEIGHT="44">
						<String ID="P396_ST00339" HPOS="347" VPOS="1895" WIDTH="194" HEIGHT="29" CONTENT="government" WC="0.86" CC="0000400071"/>
						<SP ID="P396_SP00303" HPOS="541" VPOS="1924" WIDTH="26"/>
						<String ID="P396_ST00340" HPOS="567" VPOS="1895" WIDTH="166" HEIGHT="32" CONTENT="patronage" WC="0.95" CC="000040000"/>
						<SP ID="P396_SP00304" HPOS="733" VPOS="1927" WIDTH="21"/>
						<String ID="P396_ST00341" HPOS="754" VPOS="1894" WIDTH="41" HEIGHT="35" CONTENT="by" WC="0.79" CC="40"/>
						<SP ID="P396_SP00305" HPOS="795" VPOS="1929" WIDTH="21"/>
						<String ID="P396_ST00342" HPOS="816" VPOS="1896" WIDTH="113" HEIGHT="34" CONTENT="adding" WC="0.89" CC="000500"/>
						<SP ID="P396_SP00306" HPOS="929" VPOS="1930" WIDTH="27"/>
						<String ID="P396_ST00343" HPOS="956" VPOS="1901" WIDTH="29" HEIGHT="22" CONTENT="to" WC="0.92" CC="10"/>
						<SP ID="P396_SP00307" HPOS="985" VPOS="1930" WIDTH="25"/>
						<String ID="P396_ST00344" HPOS="1010" VPOS="1898" WIDTH="50" HEIGHT="26" CONTENT="the" WC="0.79" CC="060"/>
						<SP ID="P396_SP00308" HPOS="1060" VPOS="1930" WIDTH="27"/>
						<String ID="P396_ST00345" HPOS="1087" VPOS="1902" WIDTH="126" HEIGHT="25" CONTENT="number" WC="0.99" CC="000000"/>
						<SP ID="P396_SP00309" HPOS="1213" VPOS="1930" WIDTH="26"/>
						<String ID="P396_ST00346" HPOS="1239" VPOS="1902" WIDTH="34" HEIGHT="26" CONTENT="of" WC="1.00" CC="00"/>
						<SP ID="P396_SP00310" HPOS="1273" VPOS="1930" WIDTH="21"/>
						<String ID="P396_ST00347" HPOS="1294" VPOS="1905" WIDTH="123" HEIGHT="33" CONTENT="pontiffs" WC="0.99" CC="00000000"/>
						<SP ID="P396_SP00311" HPOS="1417" VPOS="1938" WIDTH="23"/>
						<String ID="P396_ST00348" HPOS="1440" VPOS="1907" WIDTH="60" HEIGHT="25" CONTENT="and" WC="0.81" CC="050"/>
					</TextLine>
					<TextLine ID="P396_TL00034" HPOS="345" VPOS="1941" WIDTH="1154" HEIGHT="46">
						<String ID="P396_ST00349" HPOS="345" VPOS="1947" WIDTH="118" HEIGHT="27" CONTENT="augurs," WC="0.88" CC="0000403"/>
						<SP ID="P396_SP00312" HPOS="463" VPOS="1974" WIDTH="29"/>
						<String ID="P396_ST00350" HPOS="492" VPOS="1949" WIDTH="31" HEIGHT="17" CONTENT="so" WC="1.00" CC="00"/>
						<SP ID="P396_SP00313" HPOS="523" VPOS="1974" WIDTH="26"/>
						<String ID="P396_ST00351" HPOS="549" VPOS="1941" WIDTH="65" HEIGHT="27" CONTENT="that" WC="0.58" CC="0709"/>
						<SP ID="P396_SP00314" HPOS="614" VPOS="1974" WIDTH="26"/>
						<String ID="P396_ST00352" HPOS="640" VPOS="1942" WIDTH="37" HEIGHT="26" CONTENT="he" WC="0.64" CC="70"/>
						<SP ID="P396_SP00315" HPOS="677" VPOS="1974" WIDTH="27"/>
						<String ID="P396_ST00353" HPOS="704" VPOS="1943" WIDTH="97" HEIGHT="36" CONTENT="might" WC="0.89" CC="00050"/>
						<SP ID="P396_SP00316" HPOS="801" VPOS="1979" WIDTH="26"/>
						<String ID="P396_ST00354" HPOS="827" VPOS="1946" WIDTH="76" HEIGHT="26" CONTENT="have" WC="0.77" CC="6020"/>
						<SP ID="P396_SP00317" HPOS="903" VPOS="1979" WIDTH="24"/>
						<String ID="P396_ST00355" HPOS="927" VPOS="1946" WIDTH="50" HEIGHT="27" CONTENT="the" WC="0.58" CC="570"/>
						<SP ID="P396_SP00318" HPOS="977" VPOS="1979" WIDTH="26"/>
						<String ID="P396_ST00356" HPOS="1003" VPOS="1948" WIDTH="146" HEIGHT="37" CONTENT="privilege" WC="0.77" CC="004014090"/>
						<SP ID="P396_SP00319" HPOS="1149" VPOS="1985" WIDTH="28"/>
						<String ID="P396_ST00357" HPOS="1177" VPOS="1951" WIDTH="33" HEIGHT="26" CONTENT="of" WC="1.00" CC="00"/>
						<SP ID="P396_SP00320" HPOS="1210" VPOS="1985" WIDTH="22"/>
						<String ID="P396_ST00358" HPOS="1232" VPOS="1953" WIDTH="210" HEIGHT="34" CONTENT="appointment" WC="0.96" CC="00000200001"/>
						<SP ID="P396_SP00321" HPOS="1442" VPOS="1987" WIDTH="27"/>
						<String ID="P396_ST00359" HPOS="1469" VPOS="1960" WIDTH="30" HEIGHT="22" CONTENT="to" WC="1.00" CC="00"/>
					</TextLine>
					<TextLine ID="P396_TL00035" HPOS="343" VPOS="1989" WIDTH="1155" HEIGHT="45">
						<String ID="P396_ST00360" HPOS="343" VPOS="1989" WIDTH="150" HEIGHT="33" CONTENT="lucrative," WC="0.81" CC="3002045003"/>
						<SP ID="P396_SP00322" HPOS="493" VPOS="2022" WIDTH="27"/>
						<String ID="P396_ST00361" HPOS="520" VPOS="1991" WIDTH="54" HEIGHT="25" CONTENT="but" WC="0.42" CC="664"/>
						<SP ID="P396_SP00323" HPOS="574" VPOS="2022" WIDTH="25"/>
						<String ID="P396_ST00362" HPOS="599" VPOS="1992" WIDTH="122" HEIGHT="32" CONTENT="useless," WC="0.82" CC="40050003"/>
						<SP ID="P396_SP00324" HPOS="721" VPOS="2024" WIDTH="23"/>
						<String ID="P396_ST00363" HPOS="744" VPOS="1993" WIDTH="107" HEIGHT="27" CONTENT="offices." WC="0.99" CC="00000000"/>
						<SP ID="P396_SP00325" HPOS="851" VPOS="2024" WIDTH="42"/>
						<String ID="P396_ST00364" HPOS="893" VPOS="1996" WIDTH="58" HEIGHT="27" CONTENT="His" WC="0.67" CC="450"/>
						<SP ID="P396_SP00326" HPOS="951" VPOS="2024" WIDTH="27"/>
						<String ID="P396_ST00365" HPOS="978" VPOS="1997" WIDTH="132" HEIGHT="37" CONTENT="changes" WC="0.84" CC="0505000"/>
						<SP ID="P396_SP00327" HPOS="1110" VPOS="2034" WIDTH="28"/>
						<String ID="P396_ST00366" HPOS="1138" VPOS="2000" WIDTH="29" HEIGHT="26" CONTENT="in" WC="0.69" CC="60"/>
						<SP ID="P396_SP00328" HPOS="1167" VPOS="2034" WIDTH="27"/>
						<String ID="P396_ST00367" HPOS="1194" VPOS="2002" WIDTH="50" HEIGHT="26" CONTENT="the" WC="0.67" CC="270"/>
						<SP ID="P396_SP00329" HPOS="1244" VPOS="2034" WIDTH="25"/>
						<String ID="P396_ST00368" HPOS="1269" VPOS="2003" WIDTH="137" HEIGHT="27" CONTENT="criminal" WC="0.90" CC="00420000"/>
						<SP ID="P396_SP00330" HPOS="1406" VPOS="2034" WIDTH="20"/>
						<String ID="P396_ST00369" HPOS="1426" VPOS="2007" WIDTH="72" HEIGHT="25" CONTENT="code" WC="1.00" CC="0000"/>
					</TextLine>
					<TextLine ID="P396_TL00036" HPOS="343" VPOS="2040" WIDTH="1155" HEIGHT="44">
						<String ID="P396_ST00370" HPOS="343" VPOS="2048" WIDTH="84" HEIGHT="24" CONTENT="were," WC="0.83" CC="00602"/>
						<SP ID="P396_SP00331" HPOS="427" VPOS="2072" WIDTH="16"/>
						<String ID="P396_ST00371" HPOS="443" VPOS="2040" WIDTH="145" HEIGHT="34" CONTENT="however," WC="0.85" CC="60000050"/>
						<SP ID="P396_SP00332" HPOS="588" VPOS="2074" WIDTH="15"/>
						<String ID="P396_ST00372" HPOS="603" VPOS="2042" WIDTH="94" HEIGHT="35" CONTENT="really" WC="0.88" CC="300040"/>
						<SP ID="P396_SP00333" HPOS="697" VPOS="2077" WIDTH="21"/>
						<String ID="P396_ST00373" HPOS="718" VPOS="2044" WIDTH="163" HEIGHT="34" CONTENT="beneficial," WC="0.88" CC="00002200070"/>
						<SP ID="P396_SP00334" HPOS="881" VPOS="2078" WIDTH="15"/>
						<String ID="P396_ST00374" HPOS="896" VPOS="2046" WIDTH="45" HEIGHT="26" CONTENT="for" WC="0.90" CC="002"/>
						<SP ID="P396_SP00335" HPOS="941" VPOS="2078" WIDTH="19"/>
						<String ID="P396_ST00375" HPOS="960" VPOS="2047" WIDTH="37" HEIGHT="26" CONTENT="he" WC="0.67" CC="60"/>
						<SP ID="P396_SP00336" HPOS="997" VPOS="2078" WIDTH="21"/>
						<String ID="P396_ST00376" HPOS="1018" VPOS="2049" WIDTH="87" HEIGHT="25" CONTENT="made" WC="0.77" CC="0090"/>
						<SP ID="P396_SP00337" HPOS="1105" VPOS="2078" WIDTH="22"/>
						<String ID="P396_ST00377" HPOS="1127" VPOS="2051" WIDTH="127" HEIGHT="33" CONTENT="murder," WC="0.81" CC="0040043"/>
						<SP ID="P396_SP00338" HPOS="1254" VPOS="2084" WIDTH="15"/>
						<String ID="P396_ST00378" HPOS="1269" VPOS="2053" WIDTH="135" HEIGHT="27" CONTENT="whether" WC="0.57" CC="9702603"/>
						<SP ID="P396_SP00339" HPOS="1404" VPOS="2084" WIDTH="15"/>
						<String ID="P396_ST00379" HPOS="1419" VPOS="2063" WIDTH="79" HEIGHT="18" CONTENT="com" SUBS_TYPE="HypPart1" SUBS_CONTENT="committed" WC="0.97" CC="0001"/>
						<HYP CONTENT="-"/>
					</TextLine>
					<TextLine ID="P396_TL00037" HPOS="343" VPOS="2089" WIDTH="1156" HEIGHT="47">
						<String ID="P396_ST00380" HPOS="343" VPOS="2089" WIDTH="104" HEIGHT="26" CONTENT="mitted" SUBS_TYPE="HypPart2" SUBS_CONTENT="committed" WC="0.88" CC="050200"/>
						<SP ID="P396_SP00340" HPOS="447" VPOS="2115" WIDTH="23"/>
						<String ID="P396_ST00381" HPOS="470" VPOS="2090" WIDTH="40" HEIGHT="34" CONTENT="by" WC="0.84" CC="30"/>
						<SP ID="P396_SP00341" HPOS="510" VPOS="2124" WIDTH="13"/>
						<String ID="P396_ST00382" HPOS="523" VPOS="2090" WIDTH="106" HEIGHT="33" CONTENT="poison" WC="0.93" CC="004000"/>
						<SP ID="P396_SP00342" HPOS="629" VPOS="2124" WIDTH="23"/>
						<String ID="P396_ST00383" HPOS="652" VPOS="2100" WIDTH="33" HEIGHT="17" CONTENT="or" WC="0.83" CC="03"/>
						<SP ID="P396_SP00343" HPOS="685" VPOS="2124" WIDTH="19"/>
						<String ID="P396_ST00384" HPOS="704" VPOS="2093" WIDTH="142" HEIGHT="33" CONTENT="violence," WC="0.93" CC="001000004"/>
						<SP ID="P396_SP00344" HPOS="846" VPOS="2126" WIDTH="16"/>
						<String ID="P396_ST00385" HPOS="862" VPOS="2103" WIDTH="17" HEIGHT="17" CONTENT="a" WC="1.00" CC="0"/>
						<SP ID="P396_SP00345" HPOS="879" VPOS="2126" WIDTH="22"/>
						<String ID="P396_ST00386" HPOS="901" VPOS="2096" WIDTH="90" HEIGHT="27" CONTENT="crime" WC="0.87" CC="03200"/>
						<SP ID="P396_SP00346" HPOS="991" VPOS="2126" WIDTH="24"/>
						<String ID="P396_ST00387" HPOS="1015" VPOS="2098" WIDTH="41" HEIGHT="34" CONTENT="by" WC="1.00" CC="00"/>
						<SP ID="P396_SP00347" HPOS="1056" VPOS="2132" WIDTH="13"/>
						<String ID="P396_ST00388" HPOS="1069" VPOS="2098" WIDTH="58" HEIGHT="27" CONTENT="law" WC="0.81" CC="500"/>
						<String ID="P396_ST00389" HPOS="1137" VPOS="2109" WIDTH="6" HEIGHT="20" CONTENT=";" WC="0.33" CC="6"/>
						<SP ID="P396_SP00348" HPOS="1143" VPOS="2132" WIDTH="23"/>
						<String ID="P396_ST00390" HPOS="1166" VPOS="2101" WIDTH="69" HEIGHT="32" CONTENT="and," WC="0.91" CC="0003"/>
						<SP ID="P396_SP00349" HPOS="1235" VPOS="2133" WIDTH="16"/>
						<String ID="P396_ST00391" HPOS="1251" VPOS="2101" WIDTH="118" HEIGHT="35" CONTENT="indeed," WC="0.78" CC="2000093"/>
						<SP ID="P396_SP00350" HPOS="1369" VPOS="2136" WIDTH="23"/>
						<String ID="P396_ST00392" HPOS="1392" VPOS="2104" WIDTH="22" HEIGHT="26" CONTENT="it" WC="0.44" CC="19"/>
						<SP ID="P396_SP00351" HPOS="1414" VPOS="2136" WIDTH="23"/>
						<String ID="P396_ST00393" HPOS="1437" VPOS="2114" WIDTH="62" HEIGHT="18" CONTENT="was" WC="1.00" CC="000"/>
					</TextLine>
					<TextLine ID="P396_TL00038" HPOS="342" VPOS="2140" WIDTH="1158" HEIGHT="51">
						<String ID="P396_ST00394" HPOS="342" VPOS="2146" WIDTH="158" HEIGHT="28" CONTENT="necessary" WC="0.95" CC="100000020"/>
						<SP ID="P396_SP00352" HPOS="500" VPOS="2174" WIDTH="25"/>
						<String ID="P396_ST00395" HPOS="525" VPOS="2140" WIDTH="65" HEIGHT="26" CONTENT="that" WC="0.74" CC="1502"/>
						<SP ID="P396_SP00353" HPOS="590" VPOS="2174" WIDTH="28"/>
						<String ID="P396_ST00396" HPOS="618" VPOS="2141" WIDTH="49" HEIGHT="26" CONTENT="the" WC="0.90" CC="030"/>
						<SP ID="P396_SP00354" HPOS="667" VPOS="2174" WIDTH="25"/>
						<String ID="P396_ST00397" HPOS="692" VPOS="2142" WIDTH="86" HEIGHT="34" CONTENT="point" WC="0.88" CC="00500"/>
						<SP ID="P396_SP00355" HPOS="778" VPOS="2176" WIDTH="26"/>
						<String ID="P396_ST00398" HPOS="804" VPOS="2145" WIDTH="107" HEIGHT="26" CONTENT="should" WC="0.72" CC="060540"/>
						<SP ID="P396_SP00356" HPOS="911" VPOS="2176" WIDTH="26"/>
						<String ID="P396_ST00399" HPOS="937" VPOS="2146" WIDTH="36" HEIGHT="27" CONTENT="be" WC="0.80" CC="40"/>
						<SP ID="P396_SP00357" HPOS="973" VPOS="2176" WIDTH="27"/>
						<String ID="P396_ST00400" HPOS="1000" VPOS="2148" WIDTH="113" HEIGHT="36" CONTENT="clearly" WC="0.94" CC="0000040"/>
						<SP ID="P396_SP00358" HPOS="1113" VPOS="2184" WIDTH="26"/>
						<String ID="P396_ST00401" HPOS="1139" VPOS="2150" WIDTH="127" HEIGHT="34" CONTENT="defined," WC="0.75" CC="00330094"/>
						<SP ID="P396_SP00359" HPOS="1266" VPOS="2184" WIDTH="29"/>
						<String ID="P396_ST00402" HPOS="1295" VPOS="2152" WIDTH="45" HEIGHT="27" CONTENT="for" WC="0.86" CC="004"/>
						<SP ID="P396_SP00360" HPOS="1340" VPOS="2184" WIDTH="27"/>
						<String ID="P396_ST00403" HPOS="1367" VPOS="2154" WIDTH="133" HEIGHT="37" CONTENT="military" WC="0.88" CC="00404000"/>
					</TextLine>
				</TextBlock>
			</PrintSpace>
		</Page>
	</Layout>
</alto>
