<?xml version="1.0" encoding="UTF-8"?>
<alto xmlns:xsi="http://www.w3.org/2001/XMLSchema-instance" xsi:noNamespaceSchemaLocation="http://www.bl.uk/schemas/alto/alto-1-4.xsd" xmlns:xlink="http://www.w3.org/1999/xlink">
	<Description>
		<MeasurementUnit>mm10</MeasurementUnit>
		<sourceImageInformation>
			<fileName>//head1/IN/2008-39/A0012093469/008962.jp2</fileName>
		</sourceImageInformation>
		<OCRProcessing ID="OCRPROCESSING_1">
			<preProcessingStep>
				<processingSoftware>
					<softwareCreator>CCS Content Conversion Specialists GmbH, Germany</softwareCreator>
					<softwareName>CCS docWORKS</softwareName>
					<softwareVersion>6.1-0.67</softwareVersion>
				</processingSoftware>
			</preProcessingStep>
			<ocrProcessingStep>
				<processingSoftware>
					<softwareCreator>ABBYY (BIT Software), Russia</softwareCreator>
					<softwareName>Finereader</softwareName>
				</processingSoftware>
			</ocrProcessingStep>
		</OCRProcessing>
	</Description>
	<Styles>
		<TextStyle ID="TXT_0" FONTSIZE="11" FONTFAMILY="Courier New"/>
		<TextStyle ID="TXT_1" FONTSIZE="10" FONTFAMILY="Courier New"/>
		<TextStyle ID="TXT_2" FONTSIZE="9" FONTFAMILY="Courier New"/>
		<ParagraphStyle ID="PAR_RIGHT" ALIGN="Right"/>
		<ParagraphStyle ID="PAR_LEFT" ALIGN="Left"/>
	</Styles>
	<Layout>
		<Page ID="P114" PHYSICAL_IMG_NR="114" HEIGHT="2518" WIDTH="1698" PRINTED_IMG_NR="88" POSITION="Left" ACCURACY="87.72">
			<TopMargin ID="P114_TM00001" HPOS="0" VPOS="0" WIDTH="1698" HEIGHT="302">
				<TextBlock ID="P114_TB00001" HPOS="599" VPOS="244" WIDTH="632" HEIGHT="58" STYLEREFS="TXT_0 PAR_RIGHT">
					<TextLine ID="P114_TL00001" HPOS="599" VPOS="245" WIDTH="632" HEIGHT="57">
						<String ID="P114_ST00001" HPOS="599" VPOS="246" WIDTH="151" HEIGHT="44" CONTENT="Comic" WC="0.84" CC="03040"/>
						<SP ID="P114_SP00001" HPOS="750" VPOS="290" WIDTH="31"/>
						<String ID="P114_ST00002" HPOS="781" VPOS="245" WIDTH="190" HEIGHT="57" CONTENT="History" WC="0.93" CC="0004000"/>
						<SP ID="P114_SP00002" HPOS="971" VPOS="302" WIDTH="34"/>
						<String ID="P114_ST00003" HPOS="1005" VPOS="247" WIDTH="55" HEIGHT="55" CONTENT="of" WC="0.96" CC="00"/>
						<SP ID="P114_SP00003" HPOS="1060" VPOS="302" WIDTH="18"/>
						<String ID="P114_ST00004" HPOS="1078" VPOS="246" WIDTH="153" HEIGHT="44" CONTENT="Rome." WC="0.81" CC="00404"/>
					</TextLine>
				</TextBlock>
				<TextBlock ID="P114_TB00002" HPOS="336" VPOS="254" WIDTH="39" HEIGHT="30" STYLEREFS="TXT_1 PAR_LEFT">
					<TextLine ID="P114_TL00002" HPOS="337" VPOS="255" WIDTH="38" HEIGHT="29">
						<String ID="P114_ST00005" HPOS="337" VPOS="255" WIDTH="38" HEIGHT="29" CONTENT="88" WC="0.70" CC="50"/>
					</TextLine>
				</TextBlock>
				<TextBlock ID="P114_TB00003" HPOS="1362" VPOS="267" WIDTH="132" HEIGHT="22" STYLEREFS="TXT_2 PAR_RIGHT">
					<TextLine ID="P114_TL00003" HPOS="1362" VPOS="267" WIDTH="132" HEIGHT="22">
						<String ID="P114_ST00006" HPOS="1362" VPOS="269" WIDTH="75" HEIGHT="20" CONTENT="[Chap." WC="0.57" CC="519800"/>
						<SP ID="P114_SP00004" HPOS="1437" VPOS="289" WIDTH="13"/>
						<String ID="P114_ST00007" HPOS="1450" VPOS="267" WIDTH="44" HEIGHT="19" CONTENT="VII." WC="0.47" CC="0586"/>
					</TextLine>
				</TextBlock>
			</TopMargin>
			<LeftMargin ID="P114_LM00001" HPOS="0" VPOS="286" WIDTH="326" HEIGHT="1904"/>
			<RightMargin ID="P114_RM00001" HPOS="1496" VPOS="286" WIDTH="202" HEIGHT="1904"/>
			<BottomMargin ID="P114_BM00001" HPOS="0" VPOS="2190" WIDTH="1698" HEIGHT="327"/>
			<PrintSpace ID="P114_PS00001" HPOS="326" VPOS="286" WIDTH="1170" HEIGHT="1904">
				<TextBlock ID="P114_TB00004" HPOS="336" VPOS="358" WIDTH="1159" HEIGHT="89" STYLEREFS="TXT_2 PAR_LEFT">
					<TextLine ID="P114_TL00004" HPOS="336" VPOS="359" WIDTH="1159" HEIGHT="40">
						<String ID="P114_ST00008" HPOS="336" VPOS="362" WIDTH="25" HEIGHT="27" CONTENT="if" WC="0.96" CC="00"/>
						<SP ID="P114_SP00005" HPOS="361" VPOS="389" WIDTH="17"/>
						<String ID="P114_ST00009" HPOS="378" VPOS="363" WIDTH="71" HEIGHT="36" CONTENT="they" WC="0.86" CC="0500"/>
						<SP ID="P114_SP00006" HPOS="449" VPOS="399" WIDTH="23"/>
						<String ID="P114_ST00010" HPOS="472" VPOS="371" WIDTH="69" HEIGHT="18" CONTENT="ever" WC="1.00" CC="0000"/>
						<SP ID="P114_SP00007" HPOS="541" VPOS="399" WIDTH="19"/>
						<String ID="P114_ST00011" HPOS="560" VPOS="362" WIDTH="60" HEIGHT="27" CONTENT="had" WC="0.88" CC="300"/>
						<SP ID="P114_SP00008" HPOS="620" VPOS="399" WIDTH="23"/>
						<String ID="P114_ST00012" HPOS="643" VPOS="363" WIDTH="106" HEIGHT="32" CONTENT="words," WC="0.89" CC="000041"/>
						<SP ID="P114_SP00009" HPOS="749" VPOS="399" WIDTH="26"/>
						<String ID="P114_ST00013" HPOS="775" VPOS="363" WIDTH="71" HEIGHT="36" CONTENT="they" WC="0.94" CC="0200"/>
						<SP ID="P114_SP00010" HPOS="846" VPOS="399" WIDTH="23"/>
						<String ID="P114_ST00014" HPOS="869" VPOS="363" WIDTH="50" HEIGHT="26" CONTENT="did" WC="0.91" CC="020"/>
						<SP ID="P114_SP00011" HPOS="919" VPOS="399" WIDTH="22"/>
						<String ID="P114_ST00015" HPOS="941" VPOS="367" WIDTH="51" HEIGHT="23" CONTENT="not" WC="0.84" CC="400"/>
						<SP ID="P114_SP00012" HPOS="992" VPOS="399" WIDTH="22"/>
						<String ID="P114_ST00016" HPOS="1014" VPOS="372" WIDTH="83" HEIGHT="18" CONTENT="come" WC="1.00" CC="0000"/>
						<SP ID="P114_SP00013" HPOS="1097" VPOS="399" WIDTH="23"/>
						<String ID="P114_ST00017" HPOS="1120" VPOS="367" WIDTH="31" HEIGHT="22" CONTENT="to" WC="1.00" CC="00"/>
						<SP ID="P114_SP00014" HPOS="1151" VPOS="399" WIDTH="24"/>
						<String ID="P114_ST00018" HPOS="1175" VPOS="362" WIDTH="96" HEIGHT="27" CONTENT="blows" WC="0.94" CC="03000"/>
						<SP ID="P114_SP00015" HPOS="1271" VPOS="399" WIDTH="25"/>
						<String ID="P114_ST00019" HPOS="1296" VPOS="359" WIDTH="110" HEIGHT="36" CONTENT="during" WC="0.86" CC="000340"/>
						<SP ID="P114_SP00016" HPOS="1406" VPOS="399" WIDTH="24"/>
						<String ID="P114_ST00020" HPOS="1430" VPOS="359" WIDTH="65" HEIGHT="26" CONTENT="that" WC="0.79" CC="2600"/>
					</TextLine>
					<TextLine ID="P114_TL00005" HPOS="338" VPOS="413" WIDTH="309" HEIGHT="34">
						<String ID="P114_ST00021" HPOS="338" VPOS="414" WIDTH="183" HEIGHT="33" CONTENT="lengthened" WC="0.94" CC="0000050000"/>
						<SP ID="P114_SP00017" HPOS="521" VPOS="447" WIDTH="15"/>
						<String ID="P114_ST00022" HPOS="536" VPOS="413" WIDTH="111" HEIGHT="34" CONTENT="period." WC="1.00" CC="0000000"/>
					</TextLine>
				</TextBlock>
				<TextBlock ID="P114_TB00005" HPOS="332" VPOS="484" WIDTH="1164" HEIGHT="1183" STYLEREFS="TXT_2 PAR_LEFT">
					<TextLine ID="P114_TL00006" HPOS="392" VPOS="484" WIDTH="1103" HEIGHT="39">
						<String ID="P114_ST00023" HPOS="392" VPOS="489" WIDTH="45" HEIGHT="27" CONTENT="As" WC="1.00" CC="00"/>
						<SP ID="P114_SP00018" HPOS="437" VPOS="516" WIDTH="14"/>
						<String ID="P114_ST00024" HPOS="451" VPOS="498" WIDTH="82" HEIGHT="18" CONTENT="some" WC="1.00" CC="0000"/>
						<SP ID="P114_SP00019" HPOS="533" VPOS="516" WIDTH="15"/>
						<String ID="P114_ST00025" HPOS="548" VPOS="489" WIDTH="33" HEIGHT="27" CONTENT="of" WC="1.00" CC="00"/>
						<SP ID="P114_SP00020" HPOS="581" VPOS="516" WIDTH="16"/>
						<String ID="P114_ST00026" HPOS="597" VPOS="489" WIDTH="50" HEIGHT="27" CONTENT="the" WC="0.77" CC="060"/>
						<SP ID="P114_SP00021" HPOS="647" VPOS="516" WIDTH="18"/>
						<String ID="P114_ST00027" HPOS="665" VPOS="493" WIDTH="102" HEIGHT="23" CONTENT="events" WC="1.00" CC="000000"/>
						<SP ID="P114_SP00022" HPOS="767" VPOS="516" WIDTH="21"/>
						<String ID="P114_ST00028" HPOS="788" VPOS="489" WIDTH="141" HEIGHT="27" CONTENT="recorded" WC="0.88" CC="40005000"/>
						<SP ID="P114_SP00023" HPOS="929" VPOS="516" WIDTH="14"/>
						<String ID="P114_ST00029" HPOS="943" VPOS="489" WIDTH="31" HEIGHT="27" CONTENT="in" WC="0.71" CC="22"/>
						<SP ID="P114_SP00024" HPOS="974" VPOS="516" WIDTH="20"/>
						<String ID="P114_ST00030" HPOS="994" VPOS="489" WIDTH="59" HEIGHT="27" CONTENT="this" WC="0.83" CC="0330"/>
						<SP ID="P114_SP00025" HPOS="1053" VPOS="516" WIDTH="18"/>
						<String ID="P114_ST00031" HPOS="1071" VPOS="489" WIDTH="124" HEIGHT="34" CONTENT="chapter" WC="0.86" CC="0500201"/>
						<SP ID="P114_SP00026" HPOS="1195" VPOS="523" WIDTH="21"/>
						<String ID="P114_ST00032" HPOS="1216" VPOS="495" WIDTH="84" HEIGHT="19" CONTENT="arose" WC="0.91" CC="04000"/>
						<SP ID="P114_SP00027" HPOS="1300" VPOS="523" WIDTH="23"/>
						<String ID="P114_ST00033" HPOS="1323" VPOS="489" WIDTH="52" HEIGHT="23" CONTENT="out" WC="0.91" CC="020"/>
						<SP ID="P114_SP00028" HPOS="1375" VPOS="523" WIDTH="20"/>
						<String ID="P114_ST00034" HPOS="1395" VPOS="484" WIDTH="34" HEIGHT="27" CONTENT="of" WC="1.00" CC="00"/>
						<SP ID="P114_SP00029" HPOS="1429" VPOS="523" WIDTH="15"/>
						<String ID="P114_ST00035" HPOS="1444" VPOS="484" WIDTH="51" HEIGHT="27" CONTENT="the" WC="0.82" CC="050"/>
					</TextLine>
					<TextLine ID="P114_TL00007" HPOS="337" VPOS="534" WIDTH="1157" HEIGHT="40">
						<String ID="P114_ST00036" HPOS="337" VPOS="539" WIDTH="120" HEIGHT="27" CONTENT="Roman" WC="0.74" CC="50007"/>
						<SP ID="P114_SP00030" HPOS="457" VPOS="566" WIDTH="15"/>
						<String ID="P114_ST00037" HPOS="472" VPOS="540" WIDTH="57" HEIGHT="26" CONTENT="law" WC="1.00" CC="000"/>
						<SP ID="P114_SP00031" HPOS="529" VPOS="566" WIDTH="14"/>
						<String ID="P114_ST00038" HPOS="543" VPOS="539" WIDTH="33" HEIGHT="27" CONTENT="of" WC="1.00" CC="00"/>
						<SP ID="P114_SP00032" HPOS="576" VPOS="566" WIDTH="10"/>
						<String ID="P114_ST00039" HPOS="586" VPOS="540" WIDTH="105" HEIGHT="26" CONTENT="debtor" WC="0.94" CC="000003"/>
						<SP ID="P114_SP00033" HPOS="691" VPOS="566" WIDTH="18"/>
						<String ID="P114_ST00040" HPOS="709" VPOS="539" WIDTH="60" HEIGHT="26" CONTENT="and" WC="1.00" CC="000"/>
						<SP ID="P114_SP00034" HPOS="769" VPOS="566" WIDTH="14"/>
						<String ID="P114_ST00041" HPOS="783" VPOS="538" WIDTH="135" HEIGHT="34" CONTENT="creditor," WC="0.90" CC="020000033"/>
						<SP ID="P114_SP00035" HPOS="918" VPOS="572" WIDTH="21"/>
						<String ID="P114_ST00042" HPOS="939" VPOS="538" WIDTH="22" HEIGHT="28" CONTENT="it" WC="0.73" CC="50"/>
						<SP ID="P114_SP00036" HPOS="961" VPOS="572" WIDTH="18"/>
						<String ID="P114_ST00043" HPOS="979" VPOS="548" WIDTH="71" HEIGHT="26" CONTENT="may" WC="1.00" CC="000"/>
						<SP ID="P114_SP00037" HPOS="1050" VPOS="574" WIDTH="12"/>
						<String ID="P114_ST00044" HPOS="1062" VPOS="539" WIDTH="38" HEIGHT="26" CONTENT="be" WC="1.00" CC="00"/>
						<SP ID="P114_SP00038" HPOS="1100" VPOS="574" WIDTH="17"/>
						<String ID="P114_ST00045" HPOS="1117" VPOS="539" WIDTH="61" HEIGHT="34" CONTENT="just" WC="0.99" CC="0000"/>
						<SP ID="P114_SP00039" HPOS="1178" VPOS="574" WIDTH="17"/>
						<String ID="P114_ST00046" HPOS="1195" VPOS="546" WIDTH="33" HEIGHT="18" CONTENT="as" WC="1.00" CC="00"/>
						<SP ID="P114_SP00040" HPOS="1228" VPOS="574" WIDTH="18"/>
						<String ID="P114_ST00047" HPOS="1246" VPOS="536" WIDTH="68" HEIGHT="28" CONTENT="well" WC="1.00" CC="0000"/>
						<SP ID="P114_SP00041" HPOS="1314" VPOS="574" WIDTH="14"/>
						<String ID="P114_ST00048" HPOS="1328" VPOS="540" WIDTH="32" HEIGHT="23" CONTENT="to" WC="1.00" CC="00"/>
						<SP ID="P114_SP00042" HPOS="1360" VPOS="574" WIDTH="15"/>
						<String ID="P114_ST00049" HPOS="1375" VPOS="534" WIDTH="119" HEIGHT="27" CONTENT="include" WC="0.85" CC="0003060"/>
					</TextLine>
					<TextLine ID="P114_TL00008" HPOS="338" VPOS="587" WIDTH="1157" HEIGHT="29">
						<String ID="P114_ST00050" HPOS="338" VPOS="590" WIDTH="29" HEIGHT="26" CONTENT="in" WC="1.00" CC="00"/>
						<SP ID="P114_SP00043" HPOS="367" VPOS="616" WIDTH="16"/>
						<String ID="P114_ST00051" HPOS="383" VPOS="589" WIDTH="59" HEIGHT="27" CONTENT="this" WC="0.72" CC="4600"/>
						<SP ID="P114_SP00044" HPOS="442" VPOS="616" WIDTH="14"/>
						<String ID="P114_ST00052" HPOS="456" VPOS="594" WIDTH="126" HEIGHT="22" CONTENT="account" WC="1.00" CC="0000000"/>
						<SP ID="P114_SP00045" HPOS="582" VPOS="616" WIDTH="15"/>
						<String ID="P114_ST00053" HPOS="597" VPOS="599" WIDTH="17" HEIGHT="17" CONTENT="a" WC="1.00" CC="0"/>
						<SP ID="P114_SP00046" HPOS="614" VPOS="616" WIDTH="13"/>
						<String ID="P114_ST00054" HPOS="627" VPOS="589" WIDTH="56" HEIGHT="27" CONTENT="few" WC="1.00" CC="000"/>
						<SP ID="P114_SP00047" HPOS="683" VPOS="616" WIDTH="14"/>
						<String ID="P114_ST00055" HPOS="697" VPOS="589" WIDTH="87" HEIGHT="27" CONTENT="items" WC="0.94" CC="00200"/>
						<SP ID="P114_SP00048" HPOS="784" VPOS="616" WIDTH="15"/>
						<String ID="P114_ST00056" HPOS="799" VPOS="588" WIDTH="32" HEIGHT="28" CONTENT="of" WC="1.00" CC="00"/>
						<SP ID="P114_SP00049" HPOS="831" VPOS="616" WIDTH="10"/>
						<String ID="P114_ST00057" HPOS="841" VPOS="598" WIDTH="17" HEIGHT="17" CONTENT="a" WC="1.00" CC="0"/>
						<SP ID="P114_SP00050" HPOS="858" VPOS="616" WIDTH="16"/>
						<String ID="P114_ST00058" HPOS="874" VPOS="588" WIDTH="188" HEIGHT="28" CONTENT="commercial" WC="0.93" CC="0000020300"/>
						<SP ID="P114_SP00051" HPOS="1062" VPOS="616" WIDTH="11"/>
						<String ID="P114_ST00059" HPOS="1073" VPOS="589" WIDTH="162" HEIGHT="26" CONTENT="character." WC="0.91" CC="0600001010"/>
						<SP ID="P114_SP00052" HPOS="1235" VPOS="616" WIDTH="40"/>
						<String ID="P114_ST00060" HPOS="1275" VPOS="587" WIDTH="102" HEIGHT="26" CONTENT="When" WC="0.84" CC="0501"/>
						<SP ID="P114_SP00053" HPOS="1377" VPOS="616" WIDTH="17"/>
						<String ID="P114_ST00061" HPOS="1394" VPOS="594" WIDTH="16" HEIGHT="17" CONTENT="a" WC="1.00" CC="0"/>
						<SP ID="P114_SP00054" HPOS="1410" VPOS="616" WIDTH="15"/>
						<String ID="P114_ST00062" HPOS="1425" VPOS="594" WIDTH="70" HEIGHT="16" CONTENT="man" WC="1.00" CC="000"/>
					</TextLine>
					<TextLine ID="P114_TL00009" HPOS="336" VPOS="635" WIDTH="1160" HEIGHT="39">
						<String ID="P114_ST00063" HPOS="336" VPOS="649" WIDTH="53" HEIGHT="16" CONTENT="ran" WC="0.90" CC="200"/>
						<SP ID="P114_SP00055" HPOS="389" VPOS="665" WIDTH="15"/>
						<String ID="P114_ST00064" HPOS="404" VPOS="640" WIDTH="62" HEIGHT="26" CONTENT="into" WC="0.92" CC="3000"/>
						<SP ID="P114_SP00056" HPOS="466" VPOS="666" WIDTH="22"/>
						<String ID="P114_ST00065" HPOS="488" VPOS="640" WIDTH="78" HEIGHT="33" CONTENT="debt," WC="0.86" CC="00303"/>
						<SP ID="P114_SP00057" HPOS="566" VPOS="673" WIDTH="16"/>
						<String ID="P114_ST00066" HPOS="582" VPOS="640" WIDTH="37" HEIGHT="26" CONTENT="he" WC="0.75" CC="50"/>
						<SP ID="P114_SP00058" HPOS="619" VPOS="673" WIDTH="14"/>
						<String ID="P114_ST00067" HPOS="633" VPOS="649" WIDTH="60" HEIGHT="17" CONTENT="was" WC="1.00" CC="000"/>
						<SP ID="P114_SP00059" HPOS="693" VPOS="673" WIDTH="21"/>
						<String ID="P114_ST00068" HPOS="714" VPOS="640" WIDTH="109" HEIGHT="25" CONTENT="almost" WC="0.94" CC="030000"/>
						<SP ID="P114_SP00060" HPOS="823" VPOS="673" WIDTH="15"/>
						<String ID="P114_ST00069" HPOS="838" VPOS="649" WIDTH="66" HEIGHT="16" CONTENT="sure" WC="0.73" CC="0540"/>
						<SP ID="P114_SP00061" HPOS="904" VPOS="673" WIDTH="15"/>
						<String ID="P114_ST00070" HPOS="919" VPOS="643" WIDTH="30" HEIGHT="22" CONTENT="to" WC="1.00" CC="00"/>
						<SP ID="P114_SP00062" HPOS="949" VPOS="673" WIDTH="20"/>
						<String ID="P114_ST00071" HPOS="969" VPOS="640" WIDTH="38" HEIGHT="25" CONTENT="be" WC="0.95" CC="00"/>
						<SP ID="P114_SP00063" HPOS="1007" VPOS="673" WIDTH="18"/>
						<String ID="P114_ST00072" HPOS="1025" VPOS="639" WIDTH="131" HEIGHT="35" CONTENT="brought" WC="0.75" CC="0500920"/>
						<SP ID="P114_SP00064" HPOS="1156" VPOS="674" WIDTH="20"/>
						<String ID="P114_ST00073" HPOS="1176" VPOS="643" WIDTH="30" HEIGHT="22" CONTENT="to" WC="1.00" CC="00"/>
						<SP ID="P114_SP00065" HPOS="1206" VPOS="674" WIDTH="16"/>
						<String ID="P114_ST00074" HPOS="1222" VPOS="647" WIDTH="17" HEIGHT="17" CONTENT="a" WC="1.00" CC="0"/>
						<SP ID="P114_SP00066" HPOS="1239" VPOS="674" WIDTH="18"/>
						<String ID="P114_ST00075" HPOS="1257" VPOS="637" WIDTH="90" HEIGHT="27" CONTENT="stand" WC="0.95" CC="00020"/>
						<SP ID="P114_SP00067" HPOS="1347" VPOS="674" WIDTH="19"/>
						<String ID="P114_ST00076" HPOS="1366" VPOS="636" WIDTH="71" HEIGHT="32" CONTENT="still," WC="0.88" CC="004002"/>
						<SP ID="P114_SP00068" HPOS="1437" VPOS="674" WIDTH="14"/>
						<String ID="P114_ST00077" HPOS="1451" VPOS="635" WIDTH="45" HEIGHT="26" CONTENT="for" WC="0.93" CC="001"/>
					</TextLine>
					<TextLine ID="P114_TL00010" HPOS="336" VPOS="686" WIDTH="1159" HEIGHT="39">
						<String ID="P114_ST00078" HPOS="336" VPOS="690" WIDTH="168" HEIGHT="35" CONTENT="compound" WC="0.90" CC="00000070"/>
						<SP ID="P114_SP00069" HPOS="504" VPOS="725" WIDTH="23"/>
						<String ID="P114_ST00079" HPOS="527" VPOS="689" WIDTH="123" HEIGHT="27" CONTENT="interest" WC="0.71" CC="30504009"/>
						<SP ID="P114_SP00070" HPOS="650" VPOS="725" WIDTH="24"/>
						<String ID="P114_ST00080" HPOS="674" VPOS="689" WIDTH="160" HEIGHT="27" CONTENT="continued" WC="0.90" CC="000170000"/>
						<SP ID="P114_SP00071" HPOS="834" VPOS="725" WIDTH="25"/>
						<String ID="P114_ST00081" HPOS="859" VPOS="693" WIDTH="30" HEIGHT="22" CONTENT="to" WC="0.97" CC="00"/>
						<SP ID="P114_SP00072" HPOS="889" VPOS="725" WIDTH="29"/>
						<String ID="P114_ST00082" HPOS="918" VPOS="697" WIDTH="103" HEIGHT="18" CONTENT="accrue" WC="0.86" CC="000340"/>
						<SP ID="P114_SP00073" HPOS="1021" VPOS="725" WIDTH="21"/>
						<String ID="P114_ST00083" HPOS="1042" VPOS="697" WIDTH="33" HEIGHT="18" CONTENT="so" WC="1.00" CC="00"/>
						<SP ID="P114_SP00074" HPOS="1075" VPOS="725" WIDTH="24"/>
						<String ID="P114_ST00084" HPOS="1099" VPOS="688" WIDTH="118" HEIGHT="35" CONTENT="rapidly" WC="0.77" CC="4523000"/>
						<SP ID="P114_SP00075" HPOS="1217" VPOS="725" WIDTH="21"/>
						<String ID="P114_ST00085" HPOS="1238" VPOS="688" WIDTH="65" HEIGHT="25" CONTENT="that" WC="0.87" CC="0500"/>
						<SP ID="P114_SP00076" HPOS="1303" VPOS="725" WIDTH="24"/>
						<String ID="P114_ST00086" HPOS="1327" VPOS="686" WIDTH="84" HEIGHT="27" CONTENT="there" WC="0.87" CC="05000"/>
						<SP ID="P114_SP00077" HPOS="1411" VPOS="725" WIDTH="21"/>
						<String ID="P114_ST00087" HPOS="1432" VPOS="693" WIDTH="63" HEIGHT="19" CONTENT="was" WC="1.00" CC="000"/>
					</TextLine>
					<TextLine ID="P114_TL00011" HPOS="336" VPOS="737" WIDTH="1157" HEIGHT="37">
						<String ID="P114_ST00088" HPOS="336" VPOS="748" WIDTH="38" HEIGHT="17" CONTENT="no" WC="1.00" CC="00"/>
						<SP ID="P114_SP00078" HPOS="374" VPOS="765" WIDTH="24"/>
						<String ID="P114_ST00089" HPOS="398" VPOS="740" WIDTH="111" HEIGHT="25" CONTENT="chance" WC="0.78" CC="060600"/>
						<SP ID="P114_SP00079" HPOS="509" VPOS="765" WIDTH="21"/>
						<String ID="P114_ST00090" HPOS="530" VPOS="739" WIDTH="32" HEIGHT="26" CONTENT="of" WC="1.00" CC="00"/>
						<SP ID="P114_SP00080" HPOS="562" VPOS="765" WIDTH="23"/>
						<String ID="P114_ST00091" HPOS="585" VPOS="739" WIDTH="223" HEIGHT="35" CONTENT="compounding" WC="0.81" CC="00000660150"/>
						<SP ID="P114_SP00081" HPOS="808" VPOS="774" WIDTH="19"/>
						<String ID="P114_ST00092" HPOS="827" VPOS="738" WIDTH="73" HEIGHT="27" CONTENT="with" WC="0.83" CC="0006"/>
						<SP ID="P114_SP00082" HPOS="900" VPOS="774" WIDTH="24"/>
						<String ID="P114_ST00093" HPOS="924" VPOS="739" WIDTH="85" HEIGHT="26" CONTENT="those" WC="0.87" CC="06000"/>
						<SP ID="P114_SP00083" HPOS="1009" VPOS="774" WIDTH="22"/>
						<String ID="P114_ST00094" HPOS="1031" VPOS="743" WIDTH="31" HEIGHT="22" CONTENT="to" WC="0.84" CC="30"/>
						<SP ID="P114_SP00084" HPOS="1062" VPOS="774" WIDTH="21"/>
						<String ID="P114_ST00095" HPOS="1083" VPOS="739" WIDTH="97" HEIGHT="26" CONTENT="whom" WC="0.85" CC="0500"/>
						<SP ID="P114_SP00085" HPOS="1180" VPOS="774" WIDTH="25"/>
						<String ID="P114_ST00096" HPOS="1205" VPOS="738" WIDTH="37" HEIGHT="26" CONTENT="he" WC="0.72" CC="50"/>
						<SP ID="P114_SP00086" HPOS="1242" VPOS="774" WIDTH="22"/>
						<String ID="P114_ST00097" HPOS="1264" VPOS="737" WIDTH="83" HEIGHT="27" CONTENT="owed" WC="1.00" CC="0000"/>
						<SP ID="P114_SP00087" HPOS="1347" VPOS="774" WIDTH="27"/>
						<String ID="P114_ST00098" HPOS="1374" VPOS="744" WIDTH="119" HEIGHT="26" CONTENT="money." WC="0.91" CC="202000"/>
					</TextLine>
					<TextLine ID="P114_TL00012" HPOS="335" VPOS="786" WIDTH="1158" HEIGHT="38">
						<String ID="P114_ST00099" HPOS="335" VPOS="789" WIDTH="104" HEIGHT="35" CONTENT="Thirty" WC="0.82" CC="630010"/>
						<SP ID="P114_SP00088" HPOS="439" VPOS="824" WIDTH="14"/>
						<String ID="P114_ST00100" HPOS="453" VPOS="790" WIDTH="73" HEIGHT="34" CONTENT="days" WC="1.00" CC="0000"/>
						<SP ID="P114_SP00089" HPOS="526" VPOS="824" WIDTH="15"/>
						<String ID="P114_ST00101" HPOS="541" VPOS="789" WIDTH="74" HEIGHT="26" CONTENT="after" WC="0.71" CC="02803"/>
						<SP ID="P114_SP00090" HPOS="615" VPOS="824" WIDTH="20"/>
						<String ID="P114_ST00102" HPOS="635" VPOS="798" WIDTH="18" HEIGHT="17" CONTENT="a" WC="1.00" CC="0"/>
						<SP ID="P114_SP00091" HPOS="653" VPOS="824" WIDTH="14"/>
						<String ID="P114_ST00103" HPOS="667" VPOS="790" WIDTH="70" HEIGHT="25" CONTENT="debt" WC="0.95" CC="0010"/>
						<SP ID="P114_SP00092" HPOS="737" VPOS="824" WIDTH="22"/>
						<String ID="P114_ST00104" HPOS="759" VPOS="788" WIDTH="93" HEIGHT="36" CONTENT="being" WC="0.89" CC="00050"/>
						<SP ID="P114_SP00093" HPOS="852" VPOS="824" WIDTH="13"/>
						<String ID="P114_ST00105" HPOS="865" VPOS="788" WIDTH="178" HEIGHT="32" CONTENT="demanded," WC="0.87" CC="000700003"/>
						<SP ID="P114_SP00094" HPOS="1043" VPOS="824" WIDTH="17"/>
						<String ID="P114_ST00106" HPOS="1060" VPOS="789" WIDTH="50" HEIGHT="26" CONTENT="the" WC="0.68" CC="360"/>
						<SP ID="P114_SP00095" HPOS="1110" VPOS="824" WIDTH="20"/>
						<String ID="P114_ST00107" HPOS="1130" VPOS="788" WIDTH="147" HEIGHT="27" CONTENT="defaulter" WC="0.92" CC="000006000"/>
						<SP ID="P114_SP00096" HPOS="1277" VPOS="824" WIDTH="13"/>
						<String ID="P114_ST00108" HPOS="1290" VPOS="795" WIDTH="62" HEIGHT="19" CONTENT="was" WC="1.00" CC="000"/>
						<SP ID="P114_SP00097" HPOS="1352" VPOS="824" WIDTH="20"/>
						<String ID="P114_ST00109" HPOS="1372" VPOS="786" WIDTH="121" HEIGHT="26" CONTENT="handed" WC="0.80" CC="600500"/>
					</TextLine>
					<TextLine ID="P114_TL00013" HPOS="336" VPOS="837" WIDTH="1157" HEIGHT="37">
						<String ID="P114_ST00110" HPOS="336" VPOS="848" WIDTH="69" HEIGHT="17" CONTENT="over" WC="0.69" CC="0705"/>
						<SP ID="P114_SP00098" HPOS="405" VPOS="865" WIDTH="20"/>
						<String ID="P114_ST00111" HPOS="425" VPOS="843" WIDTH="30" HEIGHT="22" CONTENT="to" WC="0.58" CC="80"/>
						<SP ID="P114_SP00099" HPOS="455" VPOS="865" WIDTH="20"/>
						<String ID="P114_ST00112" HPOS="475" VPOS="839" WIDTH="46" HEIGHT="26" CONTENT="his" WC="0.82" CC="500"/>
						<SP ID="P114_SP00100" HPOS="521" VPOS="865" WIDTH="21"/>
						<String ID="P114_ST00113" HPOS="542" VPOS="839" WIDTH="134" HEIGHT="33" CONTENT="creditor," WC="0.77" CC="000029043"/>
						<SP ID="P114_SP00101" HPOS="676" VPOS="872" WIDTH="16"/>
						<String ID="P114_ST00114" HPOS="692" VPOS="839" WIDTH="60" HEIGHT="25" CONTENT="and" WC="0.93" CC="020"/>
						<SP ID="P114_SP00102" HPOS="752" VPOS="872" WIDTH="19"/>
						<String ID="P114_ST00115" HPOS="771" VPOS="839" WIDTH="101" HEIGHT="25" CONTENT="bound" WC="0.97" CC="00100"/>
						<SP ID="P114_SP00103" HPOS="872" VPOS="872" WIDTH="16"/>
						<String ID="P114_ST00116" HPOS="888" VPOS="838" WIDTH="72" HEIGHT="26" CONTENT="with" WC="0.52" CC="0485"/>
						<SP ID="P114_SP00104" HPOS="960" VPOS="872" WIDTH="21"/>
						<String ID="P114_ST00117" HPOS="981" VPOS="847" WIDTH="18" HEIGHT="17" CONTENT="a" WC="1.00" CC="0"/>
						<SP ID="P114_SP00105" HPOS="999" VPOS="872" WIDTH="20"/>
						<String ID="P114_ST00118" HPOS="1019" VPOS="838" WIDTH="80" HEIGHT="32" CONTENT="cord," WC="0.92" CC="00003"/>
						<SP ID="P114_SP00106" HPOS="1099" VPOS="872" WIDTH="15"/>
						<String ID="P114_ST00119" HPOS="1114" VPOS="839" WIDTH="42" HEIGHT="35" CONTENT="by" WC="1.00" CC="00"/>
						<SP ID="P114_SP00107" HPOS="1156" VPOS="874" WIDTH="17"/>
						<String ID="P114_ST00120" HPOS="1173" VPOS="847" WIDTH="69" HEIGHT="26" CONTENT="way" WC="1.00" CC="000"/>
						<SP ID="P114_SP00108" HPOS="1242" VPOS="874" WIDTH="19"/>
						<String ID="P114_ST00121" HPOS="1261" VPOS="837" WIDTH="33" HEIGHT="27" CONTENT="of" WC="0.96" CC="00"/>
						<SP ID="P114_SP00109" HPOS="1294" VPOS="874" WIDTH="16"/>
						<String ID="P114_ST00122" HPOS="1310" VPOS="837" WIDTH="108" HEIGHT="26" CONTENT="accord" WC="0.90" CC="002030"/>
						<SP ID="P114_SP00110" HPOS="1418" VPOS="874" WIDTH="15"/>
						<String ID="P114_ST00123" HPOS="1433" VPOS="837" WIDTH="60" HEIGHT="25" CONTENT="and" WC="0.93" CC="020"/>
					</TextLine>
					<TextLine ID="P114_TL00014" HPOS="337" VPOS="886" WIDTH="1156" HEIGHT="37">
						<String ID="P114_ST00124" HPOS="337" VPOS="888" WIDTH="183" HEIGHT="27" CONTENT="satisfaction" WC="0.91" CC="500200000200"/>
						<String ID="P114_ST00125" HPOS="530" VPOS="899" WIDTH="6" HEIGHT="20" CONTENT=";" WC="1.00" CC="0"/>
						<SP ID="P114_SP00111" HPOS="536" VPOS="919" WIDTH="28"/>
						<String ID="P114_ST00126" HPOS="564" VPOS="890" WIDTH="61" HEIGHT="31" CONTENT="but," WC="1.00" CC="0000"/>
						<SP ID="P114_SP00112" HPOS="625" VPOS="921" WIDTH="16"/>
						<String ID="P114_ST00127" HPOS="641" VPOS="893" WIDTH="30" HEIGHT="22" CONTENT="at" WC="0.53" CC="09"/>
						<SP ID="P114_SP00113" HPOS="671" VPOS="921" WIDTH="21"/>
						<String ID="P114_ST00128" HPOS="692" VPOS="889" WIDTH="50" HEIGHT="26" CONTENT="the" WC="0.79" CC="060"/>
						<SP ID="P114_SP00114" HPOS="742" VPOS="921" WIDTH="16"/>
						<String ID="P114_ST00129" HPOS="758" VPOS="889" WIDTH="56" HEIGHT="25" CONTENT="end" WC="1.00" CC="000"/>
						<SP ID="P114_SP00115" HPOS="814" VPOS="921" WIDTH="16"/>
						<String ID="P114_ST00130" HPOS="830" VPOS="888" WIDTH="33" HEIGHT="26" CONTENT="of" WC="1.00" CC="00"/>
						<SP ID="P114_SP00116" HPOS="863" VPOS="921" WIDTH="17"/>
						<String ID="P114_ST00131" HPOS="880" VPOS="888" WIDTH="80" HEIGHT="35" CONTENT="sixty" WC="0.86" CC="06000"/>
						<SP ID="P114_SP00117" HPOS="960" VPOS="923" WIDTH="14"/>
						<String ID="P114_ST00132" HPOS="974" VPOS="888" WIDTH="84" HEIGHT="35" CONTENT="days," WC="0.98" CC="00001"/>
						<SP ID="P114_SP00118" HPOS="1058" VPOS="923" WIDTH="17"/>
						<String ID="P114_ST00133" HPOS="1075" VPOS="897" WIDTH="17" HEIGHT="17" CONTENT="a" WC="1.00" CC="0"/>
						<SP ID="P114_SP00119" HPOS="1092" VPOS="923" WIDTH="20"/>
						<String ID="P114_ST00134" HPOS="1112" VPOS="888" WIDTH="83" HEIGHT="32" CONTENT="crier," WC="0.91" CC="010004"/>
						<SP ID="P114_SP00120" HPOS="1195" VPOS="923" WIDTH="16"/>
						<String ID="P114_ST00135" HPOS="1211" VPOS="888" WIDTH="101" HEIGHT="26" CONTENT="whose" WC="0.91" CC="04000"/>
						<SP ID="P114_SP00121" HPOS="1312" VPOS="923" WIDTH="21"/>
						<String ID="P114_ST00136" HPOS="1333" VPOS="886" WIDTH="83" HEIGHT="28" CONTENT="office" WC="1.00" CC="000000"/>
						<SP ID="P114_SP00122" HPOS="1416" VPOS="923" WIDTH="15"/>
						<String ID="P114_ST00137" HPOS="1431" VPOS="895" WIDTH="62" HEIGHT="18" CONTENT="was" WC="1.00" CC="000"/>
					</TextLine>
					<TextLine ID="P114_TL00015" HPOS="337" VPOS="936" WIDTH="1156" HEIGHT="39">
						<String ID="P114_ST00138" HPOS="337" VPOS="940" WIDTH="118" HEIGHT="35" CONTENT="enough" WC="0.81" CC="000505"/>
						<SP ID="P114_SP00123" HPOS="455" VPOS="975" WIDTH="14"/>
						<String ID="P114_ST00139" HPOS="469" VPOS="943" WIDTH="30" HEIGHT="22" CONTENT="to" WC="1.00" CC="00"/>
						<SP ID="P114_SP00124" HPOS="499" VPOS="975" WIDTH="14"/>
						<String ID="P114_ST00140" HPOS="513" VPOS="940" WIDTH="86" HEIGHT="25" CONTENT="make" WC="0.88" CC="4000"/>
						<SP ID="P114_SP00125" HPOS="599" VPOS="975" WIDTH="14"/>
						<String ID="P114_ST00141" HPOS="613" VPOS="939" WIDTH="62" HEIGHT="26" CONTENT="him" WC="0.60" CC="740"/>
						<SP ID="P114_SP00126" HPOS="675" VPOS="975" WIDTH="16"/>
						<String ID="P114_ST00142" HPOS="691" VPOS="939" WIDTH="73" HEIGHT="25" CONTENT="shed" WC="0.84" CC="0600"/>
						<SP ID="P114_SP00127" HPOS="764" VPOS="975" WIDTH="14"/>
						<String ID="P114_ST00143" HPOS="778" VPOS="942" WIDTH="87" HEIGHT="28" CONTENT="tears," WC="0.93" CC="000004"/>
						<SP ID="P114_SP00128" HPOS="865" VPOS="975" WIDTH="17"/>
						<String ID="P114_ST00144" HPOS="882" VPOS="938" WIDTH="169" HEIGHT="26" CONTENT="advertised" WC="0.88" CC="0080300000"/>
						<SP ID="P114_SP00129" HPOS="1051" VPOS="975" WIDTH="15"/>
						<String ID="P114_ST00145" HPOS="1066" VPOS="938" WIDTH="50" HEIGHT="26" CONTENT="the" WC="0.84" CC="040"/>
						<SP ID="P114_SP00130" HPOS="1116" VPOS="975" WIDTH="15"/>
						<String ID="P114_ST00146" HPOS="1131" VPOS="937" WIDTH="149" HEIGHT="27" CONTENT="insolvent" WC="0.93" CC="210010001"/>
						<SP ID="P114_SP00131" HPOS="1280" VPOS="975" WIDTH="14"/>
						<String ID="P114_ST00147" HPOS="1294" VPOS="936" WIDTH="44" HEIGHT="28" CONTENT="for" WC="0.85" CC="003"/>
						<SP ID="P114_SP00132" HPOS="1338" VPOS="975" WIDTH="15"/>
						<String ID="P114_ST00148" HPOS="1353" VPOS="937" WIDTH="63" HEIGHT="26" CONTENT="sale" WC="0.87" CC="0050"/>
						<SP ID="P114_SP00133" HPOS="1416" VPOS="975" WIDTH="14"/>
						<String ID="P114_ST00149" HPOS="1430" VPOS="945" WIDTH="33" HEIGHT="18" CONTENT="as" WC="1.00" CC="00"/>
						<SP ID="P114_SP00134" HPOS="1463" VPOS="975" WIDTH="12"/>
						<String ID="P114_ST00150" HPOS="1475" VPOS="945" WIDTH="18" HEIGHT="18" CONTENT="a" WC="1.00" CC="0"/>
					</TextLine>
					<TextLine ID="P114_TL00016" HPOS="337" VPOS="986" WIDTH="1156" HEIGHT="37">
						<String ID="P114_ST00151" HPOS="337" VPOS="989" WIDTH="80" HEIGHT="25" CONTENT="slave" WC="1.00" CC="00000"/>
						<SP ID="P114_SP00135" HPOS="417" VPOS="1014" WIDTH="24"/>
						<String ID="P114_ST00152" HPOS="441" VPOS="989" WIDTH="30" HEIGHT="25" CONTENT="in" WC="0.59" CC="34"/>
						<SP ID="P114_SP00136" HPOS="471" VPOS="1014" WIDTH="19"/>
						<String ID="P114_ST00153" HPOS="490" VPOS="990" WIDTH="51" HEIGHT="25" CONTENT="the" WC="0.72" CC="340"/>
						<SP ID="P114_SP00137" HPOS="541" VPOS="1015" WIDTH="20"/>
						<String ID="P114_ST00154" HPOS="561" VPOS="989" WIDTH="224" HEIGHT="34" CONTENT="market-place." WC="0.97" CC="0000003000000"/>
						<SP ID="P114_SP00138" HPOS="785" VPOS="1023" WIDTH="41"/>
						<String ID="P114_ST00155" HPOS="826" VPOS="988" WIDTH="27" HEIGHT="26" CONTENT="It" WC="1.00" CC="00"/>
						<SP ID="P114_SP00139" HPOS="853" VPOS="1023" WIDTH="21"/>
						<String ID="P114_ST00156" HPOS="874" VPOS="988" WIDTH="24" HEIGHT="25" CONTENT="is" WC="0.75" CC="50"/>
						<SP ID="P114_SP00140" HPOS="898" VPOS="1023" WIDTH="21"/>
						<String ID="P114_ST00157" HPOS="919" VPOS="992" WIDTH="52" HEIGHT="21" CONTENT="not" WC="0.70" CC="602"/>
						<SP ID="P114_SP00141" HPOS="971" VPOS="1023" WIDTH="21"/>
						<String ID="P114_ST00158" HPOS="992" VPOS="988" WIDTH="168" HEIGHT="34" CONTENT="surprising" WC="0.95" CC="0000030010"/>
						<SP ID="P114_SP00142" HPOS="1160" VPOS="1023" WIDTH="19"/>
						<String ID="P114_ST00159" HPOS="1179" VPOS="988" WIDTH="66" HEIGHT="25" CONTENT="that" WC="0.86" CC="0500"/>
						<SP ID="P114_SP00143" HPOS="1245" VPOS="1023" WIDTH="20"/>
						<String ID="P114_ST00160" HPOS="1265" VPOS="987" WIDTH="51" HEIGHT="26" CONTENT="the" WC="0.84" CC="040"/>
						<SP ID="P114_SP00144" HPOS="1316" VPOS="1023" WIDTH="20"/>
						<String ID="P114_ST00161" HPOS="1336" VPOS="986" WIDTH="157" HEIGHT="35" CONTENT="plebeians" WC="0.94" CC="050000000"/>
					</TextLine>
					<TextLine ID="P114_TL00017" HPOS="337" VPOS="1036" WIDTH="1154" HEIGHT="37">
						<String ID="P114_ST00162" HPOS="337" VPOS="1039" WIDTH="105" HEIGHT="25" CONTENT="should" WC="0.84" CC="040130"/>
						<SP ID="P114_SP00145" HPOS="442" VPOS="1064" WIDTH="21"/>
						<String ID="P114_ST00163" HPOS="463" VPOS="1039" WIDTH="58" HEIGHT="25" CONTENT="rise" WC="1.00" CC="0000"/>
						<SP ID="P114_SP00146" HPOS="521" VPOS="1064" WIDTH="22"/>
						<String ID="P114_ST00164" HPOS="543" VPOS="1039" WIDTH="119" HEIGHT="34" CONTENT="against" WC="0.77" CC="0905000"/>
						<SP ID="P114_SP00147" HPOS="662" VPOS="1073" WIDTH="23"/>
						<String ID="P114_ST00165" HPOS="685" VPOS="1039" WIDTH="77" HEIGHT="25" CONTENT="their" WC="0.80" CC="04004"/>
						<SP ID="P114_SP00148" HPOS="762" VPOS="1073" WIDTH="20"/>
						<String ID="P114_ST00166" HPOS="782" VPOS="1038" WIDTH="93" HEIGHT="35" CONTENT="being" WC="0.94" CC="00110"/>
						<SP ID="P114_SP00149" HPOS="875" VPOS="1073" WIDTH="21"/>
						<String ID="P114_ST00167" HPOS="896" VPOS="1041" WIDTH="53" HEIGHT="31" CONTENT="put" WC="1.00" CC="000"/>
						<SP ID="P114_SP00150" HPOS="949" VPOS="1073" WIDTH="23"/>
						<String ID="P114_ST00168" HPOS="972" VPOS="1046" WIDTH="40" HEIGHT="26" CONTENT="up" WC="0.80" CC="30"/>
						<SP ID="P114_SP00151" HPOS="1012" VPOS="1073" WIDTH="22"/>
						<String ID="P114_ST00169" HPOS="1034" VPOS="1041" WIDTH="30" HEIGHT="22" CONTENT="to" WC="0.98" CC="00"/>
						<SP ID="P114_SP00152" HPOS="1064" VPOS="1073" WIDTH="24"/>
						<String ID="P114_ST00170" HPOS="1088" VPOS="1037" WIDTH="61" HEIGHT="26" CONTENT="this" WC="0.58" CC="0456"/>
						<SP ID="P114_SP00153" HPOS="1149" VPOS="1073" WIDTH="21"/>
						<String ID="P114_ST00171" HPOS="1170" VPOS="1037" WIDTH="169" HEIGHT="35" CONTENT="degrading" WC="0.94" CC="000300100"/>
						<SP ID="P114_SP00154" HPOS="1339" VPOS="1073" WIDTH="21"/>
						<String ID="P114_ST00172" HPOS="1360" VPOS="1036" WIDTH="131" HEIGHT="33" CONTENT="auction," WC="0.81" CC="06001043"/>
					</TextLine>
					<TextLine ID="P114_TL00018" HPOS="337" VPOS="1087" WIDTH="1155" HEIGHT="37">
						<String ID="P114_ST00173" HPOS="337" VPOS="1097" WIDTH="80" HEIGHT="17" CONTENT="more" WC="0.86" CC="4010"/>
						<SP ID="P114_SP00155" HPOS="417" VPOS="1114" WIDTH="23"/>
						<String ID="P114_ST00174" HPOS="440" VPOS="1089" WIDTH="193" HEIGHT="35" CONTENT="particularly" WC="0.80" CC="004030037400"/>
						<SP ID="P114_SP00156" HPOS="633" VPOS="1124" WIDTH="23"/>
						<String ID="P114_ST00175" HPOS="656" VPOS="1089" WIDTH="86" HEIGHT="25" CONTENT="when" WC="0.76" CC="0404"/>
						<SP ID="P114_SP00157" HPOS="742" VPOS="1124" WIDTH="24"/>
						<String ID="P114_ST00176" HPOS="766" VPOS="1089" WIDTH="50" HEIGHT="25" CONTENT="the" WC="0.55" CC="840"/>
						<SP ID="P114_SP00158" HPOS="816" VPOS="1124" WIDTH="22"/>
						<String ID="P114_ST00177" HPOS="838" VPOS="1092" WIDTH="125" HEIGHT="22" CONTENT="masters" WC="0.90" CC="1022000"/>
						<SP ID="P114_SP00159" HPOS="963" VPOS="1124" WIDTH="25"/>
						<String ID="P114_ST00178" HPOS="988" VPOS="1092" WIDTH="30" HEIGHT="21" CONTENT="to" WC="0.96" CC="00"/>
						<SP ID="P114_SP00160" HPOS="1018" VPOS="1124" WIDTH="24"/>
						<String ID="P114_ST00179" HPOS="1042" VPOS="1088" WIDTH="98" HEIGHT="25" CONTENT="whom" WC="0.91" CC="0300"/>
						<SP ID="P114_SP00161" HPOS="1140" VPOS="1124" WIDTH="22"/>
						<String ID="P114_ST00180" HPOS="1162" VPOS="1088" WIDTH="71" HEIGHT="35" CONTENT="they" WC="0.92" CC="0300"/>
						<SP ID="P114_SP00162" HPOS="1233" VPOS="1124" WIDTH="20"/>
						<String ID="P114_ST00181" HPOS="1253" VPOS="1096" WIDTH="78" HEIGHT="18" CONTENT="were" WC="0.98" CC="0000"/>
						<SP ID="P114_SP00163" HPOS="1331" VPOS="1124" WIDTH="22"/>
						<String ID="P114_ST00182" HPOS="1353" VPOS="1087" WIDTH="139" HEIGHT="26" CONTENT="knocked" WC="1.00" CC="0000000"/>
					</TextLine>
					<TextLine ID="P114_TL00019" HPOS="336" VPOS="1137" WIDTH="1155" HEIGHT="36">
						<String ID="P114_ST00183" HPOS="336" VPOS="1139" WIDTH="86" HEIGHT="25" CONTENT="down" WC="0.83" CC="0060"/>
						<SP ID="P114_SP00164" HPOS="422" VPOS="1164" WIDTH="13"/>
						<String ID="P114_ST00184" HPOS="435" VPOS="1146" WIDTH="76" HEIGHT="18" CONTENT="were" WC="0.98" CC="0000"/>
						<SP ID="P114_SP00165" HPOS="511" VPOS="1164" WIDTH="15"/>
						<String ID="P114_ST00185" HPOS="526" VPOS="1138" WIDTH="30" HEIGHT="25" CONTENT="in" WC="0.92" CC="10"/>
						<SP ID="P114_SP00166" HPOS="556" VPOS="1164" WIDTH="14"/>
						<String ID="P114_ST00186" HPOS="570" VPOS="1139" WIDTH="50" HEIGHT="25" CONTENT="the" WC="0.68" CC="260"/>
						<SP ID="P114_SP00167" HPOS="620" VPOS="1164" WIDTH="11"/>
						<String ID="P114_ST00187" HPOS="631" VPOS="1138" WIDTH="83" HEIGHT="26" CONTENT="habit" WC="0.81" CC="50030"/>
						<SP ID="P114_SP00168" HPOS="714" VPOS="1164" WIDTH="11"/>
						<String ID="P114_ST00188" HPOS="725" VPOS="1137" WIDTH="33" HEIGHT="27" CONTENT="of" WC="1.00" CC="00"/>
						<SP ID="P114_SP00169" HPOS="758" VPOS="1164" WIDTH="10"/>
						<String ID="P114_ST00189" HPOS="768" VPOS="1138" WIDTH="123" HEIGHT="35" CONTENT="beating" WC="0.91" CC="1000400"/>
						<SP ID="P114_SP00170" HPOS="891" VPOS="1173" WIDTH="15"/>
						<String ID="P114_ST00190" HPOS="906" VPOS="1138" WIDTH="58" HEIGHT="25" CONTENT="and" WC="1.00" CC="000"/>
						<SP ID="P114_SP00171" HPOS="964" VPOS="1173" WIDTH="11"/>
						<String ID="P114_ST00191" HPOS="975" VPOS="1138" WIDTH="112" HEIGHT="34" CONTENT="cruelly" WC="0.82" CC="0250040"/>
						<SP ID="P114_SP00172" HPOS="1087" VPOS="1173" WIDTH="15"/>
						<String ID="P114_ST00192" HPOS="1102" VPOS="1137" WIDTH="180" HEIGHT="36" CONTENT="ill-treating" WC="0.93" CC="002320000000"/>
						<SP ID="P114_SP00173" HPOS="1282" VPOS="1173" WIDTH="13"/>
						<String ID="P114_ST00193" HPOS="1295" VPOS="1138" WIDTH="92" HEIGHT="26" CONTENT="them." WC="0.78" CC="63000"/>
						<SP ID="P114_SP00174" HPOS="1387" VPOS="1173" WIDTH="40"/>
						<String ID="P114_ST00194" HPOS="1427" VPOS="1138" WIDTH="64" HEIGHT="25" CONTENT="The" WC="0.80" CC="050"/>
					</TextLine>
					<TextLine ID="P114_TL00020" HPOS="336" VPOS="1187" WIDTH="1154" HEIGHT="35">
						<String ID="P114_ST00195" HPOS="336" VPOS="1187" WIDTH="160" HEIGHT="34" CONTENT="patricians" WC="0.80" CC="0091100060"/>
						<SP ID="P114_SP00175" HPOS="496" VPOS="1221" WIDTH="11"/>
						<String ID="P114_ST00196" HPOS="507" VPOS="1187" WIDTH="61" HEIGHT="26" CONTENT="laid" WC="0.84" CC="0060"/>
						<SP ID="P114_SP00176" HPOS="568" VPOS="1221" WIDTH="10"/>
						<String ID="P114_ST00197" HPOS="578" VPOS="1187" WIDTH="112" HEIGHT="26" CONTENT="violent" WC="0.66" CC="0406058"/>
						<SP ID="P114_SP00177" HPOS="690" VPOS="1221" WIDTH="8"/>
						<String ID="P114_ST00198" HPOS="698" VPOS="1187" WIDTH="106" HEIGHT="32" CONTENT="hands," WC="0.70" CC="706003"/>
						<SP ID="P114_SP00178" HPOS="804" VPOS="1221" WIDTH="15"/>
						<String ID="P114_ST00199" HPOS="819" VPOS="1191" WIDTH="52" HEIGHT="22" CONTENT="not" WC="0.99" CC="000"/>
						<SP ID="P114_SP00179" HPOS="871" VPOS="1221" WIDTH="9"/>
						<String ID="P114_ST00200" HPOS="880" VPOS="1188" WIDTH="71" HEIGHT="34" CONTENT="only" WC="0.86" CC="0500"/>
						<SP ID="P114_SP00180" HPOS="951" VPOS="1222" WIDTH="13"/>
						<String ID="P114_ST00201" HPOS="964" VPOS="1196" WIDTH="81" HEIGHT="26" CONTENT="upon" WC="1.00" CC="0000"/>
						<SP ID="P114_SP00181" HPOS="1045" VPOS="1222" WIDTH="15"/>
						<String ID="P114_ST00202" HPOS="1060" VPOS="1187" WIDTH="50" HEIGHT="26" CONTENT="the" WC="0.79" CC="060"/>
						<SP ID="P114_SP00182" HPOS="1110" VPOS="1222" WIDTH="11"/>
						<String ID="P114_ST00203" HPOS="1121" VPOS="1187" WIDTH="165" HEIGHT="35" CONTENT="plebeians," WC="0.77" CC="9105030003"/>
						<SP ID="P114_SP00183" HPOS="1286" VPOS="1222" WIDTH="12"/>
						<String ID="P114_ST00204" HPOS="1298" VPOS="1188" WIDTH="52" HEIGHT="25" CONTENT="but" WC="0.85" CC="040"/>
						<SP ID="P114_SP00184" HPOS="1350" VPOS="1222" WIDTH="10"/>
						<String ID="P114_ST00205" HPOS="1360" VPOS="1196" WIDTH="80" HEIGHT="26" CONTENT="upon" WC="1.00" CC="0000"/>
						<SP ID="P114_SP00185" HPOS="1440" VPOS="1222" WIDTH="10"/>
						<String ID="P114_ST00206" HPOS="1450" VPOS="1187" WIDTH="40" HEIGHT="25" CONTENT="all" WC="0.93" CC="002"/>
					</TextLine>
					<TextLine ID="P114_TL00021" HPOS="335" VPOS="1236" WIDTH="1155" HEIGHT="37">
						<String ID="P114_ST00207" HPOS="335" VPOS="1237" WIDTH="50" HEIGHT="25" CONTENT="the" WC="0.54" CC="840"/>
						<SP ID="P114_SP00186" HPOS="385" VPOS="1262" WIDTH="14"/>
						<String ID="P114_ST00208" HPOS="399" VPOS="1241" WIDTH="139" HEIGHT="31" CONTENT="property" WC="0.86" CC="05000500"/>
						<SP ID="P114_SP00187" HPOS="538" VPOS="1272" WIDTH="15"/>
						<String ID="P114_ST00209" HPOS="553" VPOS="1236" WIDTH="32" HEIGHT="27" CONTENT="of" WC="1.00" CC="00"/>
						<SP ID="P114_SP00188" HPOS="585" VPOS="1272" WIDTH="9"/>
						<String ID="P114_ST00210" HPOS="594" VPOS="1237" WIDTH="50" HEIGHT="26" CONTENT="the" WC="0.72" CC="250"/>
						<SP ID="P114_SP00189" HPOS="644" VPOS="1272" WIDTH="21"/>
						<String ID="P114_ST00211" HPOS="665" VPOS="1236" WIDTH="94" HEIGHT="33" CONTENT="State," WC="0.93" CC="000004"/>
						<SP ID="P114_SP00190" HPOS="759" VPOS="1272" WIDTH="16"/>
						<String ID="P114_ST00212" HPOS="775" VPOS="1237" WIDTH="155" HEIGHT="36" CONTENT="assuming" WC="0.89" CC="00020140"/>
						<SP ID="P114_SP00191" HPOS="930" VPOS="1273" WIDTH="13"/>
						<String ID="P114_ST00213" HPOS="943" VPOS="1241" WIDTH="30" HEIGHT="22" CONTENT="to" WC="0.54" CC="90"/>
						<SP ID="P114_SP00192" HPOS="973" VPOS="1273" WIDTH="23"/>
						<String ID="P114_ST00214" HPOS="996" VPOS="1237" WIDTH="51" HEIGHT="26" CONTENT="the" WC="0.81" CC="050"/>
						<SP ID="P114_SP00193" HPOS="1047" VPOS="1273" WIDTH="15"/>
						<String ID="P114_ST00215" HPOS="1062" VPOS="1240" WIDTH="112" HEIGHT="23" CONTENT="utmost" WC="0.95" CC="020000"/>
						<SP ID="P114_SP00194" HPOS="1174" VPOS="1273" WIDTH="21"/>
						<String ID="P114_ST00216" HPOS="1195" VPOS="1238" WIDTH="40" HEIGHT="25" CONTENT="all" WC="0.88" CC="003"/>
						<SP ID="P114_SP00195" HPOS="1235" VPOS="1273" WIDTH="15"/>
						<String ID="P114_ST00217" HPOS="1250" VPOS="1237" WIDTH="37" HEIGHT="26" CONTENT="its" WC="1.00" CC="000"/>
						<SP ID="P114_SP00196" HPOS="1287" VPOS="1273" WIDTH="20"/>
						<String ID="P114_ST00218" HPOS="1307" VPOS="1237" WIDTH="107" HEIGHT="35" CONTENT="rights," WC="0.86" CC="2004002"/>
						<SP ID="P114_SP00197" HPOS="1414" VPOS="1273" WIDTH="17"/>
						<String ID="P114_ST00219" HPOS="1431" VPOS="1237" WIDTH="59" HEIGHT="25" CONTENT="and" WC="0.85" CC="040"/>
					</TextLine>
					<TextLine ID="P114_TL00022" HPOS="335" VPOS="1286" WIDTH="1154" HEIGHT="37">
						<String ID="P114_ST00220" HPOS="335" VPOS="1287" WIDTH="190" HEIGHT="33" CONTENT="repudiating" WC="0.81" CC="20040000309"/>
						<SP ID="P114_SP00198" HPOS="525" VPOS="1320" WIDTH="20"/>
						<String ID="P114_ST00221" HPOS="545" VPOS="1286" WIDTH="39" HEIGHT="26" CONTENT="all" WC="0.87" CC="030"/>
						<SP ID="P114_SP00199" HPOS="584" VPOS="1320" WIDTH="20"/>
						<String ID="P114_ST00222" HPOS="604" VPOS="1286" WIDTH="39" HEIGHT="26" CONTENT="its" WC="0.64" CC="640"/>
						<SP ID="P114_SP00200" HPOS="643" VPOS="1320" WIDTH="20"/>
						<String ID="P114_ST00223" HPOS="663" VPOS="1286" WIDTH="105" HEIGHT="26" CONTENT="duties." WC="0.91" CC="0005000"/>
						<SP ID="P114_SP00201" HPOS="768" VPOS="1320" WIDTH="40"/>
						<String ID="P114_ST00224" HPOS="808" VPOS="1287" WIDTH="83" HEIGHT="35" CONTENT="They" WC="0.86" CC="0500"/>
						<SP ID="P114_SP00202" HPOS="891" VPOS="1322" WIDTH="20"/>
						<String ID="P114_ST00225" HPOS="911" VPOS="1287" WIDTH="71" HEIGHT="26" CONTENT="took" WC="1.00" CC="0000"/>
						<SP ID="P114_SP00203" HPOS="982" VPOS="1322" WIDTH="22"/>
						<String ID="P114_ST00226" HPOS="1004" VPOS="1295" WIDTH="32" HEIGHT="17" CONTENT="as" WC="1.00" CC="00"/>
						<SP ID="P114_SP00204" HPOS="1036" VPOS="1322" WIDTH="22"/>
						<String ID="P114_ST00227" HPOS="1058" VPOS="1295" WIDTH="18" HEIGHT="17" CONTENT="a" WC="1.00" CC="0"/>
						<SP ID="P114_SP00205" HPOS="1076" VPOS="1322" WIDTH="20"/>
						<String ID="P114_ST00228" HPOS="1096" VPOS="1291" WIDTH="109" HEIGHT="23" CONTENT="matter" WC="0.87" CC="003004"/>
						<SP ID="P114_SP00206" HPOS="1205" VPOS="1322" WIDTH="19"/>
						<String ID="P114_ST00229" HPOS="1224" VPOS="1286" WIDTH="33" HEIGHT="27" CONTENT="of" WC="1.00" CC="00"/>
						<SP ID="P114_SP00207" HPOS="1257" VPOS="1322" WIDTH="15"/>
						<String ID="P114_ST00230" HPOS="1272" VPOS="1287" WIDTH="83" HEIGHT="36" CONTENT="right" WC="0.87" CC="00060"/>
						<SP ID="P114_SP00208" HPOS="1355" VPOS="1323" WIDTH="22"/>
						<String ID="P114_ST00231" HPOS="1377" VPOS="1287" WIDTH="41" HEIGHT="26" CONTENT="all" WC="1.00" CC="000"/>
						<SP ID="P114_SP00209" HPOS="1418" VPOS="1323" WIDTH="20"/>
						<String ID="P114_ST00232" HPOS="1438" VPOS="1287" WIDTH="51" HEIGHT="26" CONTENT="the" WC="0.49" CC="860"/>
					</TextLine>
					<TextLine ID="P114_TL00023" HPOS="336" VPOS="1334" WIDTH="1154" HEIGHT="38">
						<String ID="P114_ST00233" HPOS="336" VPOS="1334" WIDTH="97" HEIGHT="27" CONTENT="offices" WC="1.00" CC="0000000"/>
						<SP ID="P114_SP00210" HPOS="433" VPOS="1361" WIDTH="27"/>
						<String ID="P114_ST00234" HPOS="460" VPOS="1335" WIDTH="33" HEIGHT="26" CONTENT="of" WC="0.86" CC="20"/>
						<SP ID="P114_SP00211" HPOS="493" VPOS="1361" WIDTH="23"/>
						<String ID="P114_ST00235" HPOS="516" VPOS="1339" WIDTH="75" HEIGHT="22" CONTENT="state" WC="0.77" CC="00460"/>
						<String ID="P114_ST00236" HPOS="601" VPOS="1346" WIDTH="6" HEIGHT="20" CONTENT=";" WC="0.57" CC="4"/>
						<SP ID="P114_SP00212" HPOS="607" VPOS="1366" WIDTH="29"/>
						<String ID="P114_ST00237" HPOS="636" VPOS="1336" WIDTH="58" HEIGHT="25" CONTENT="and" WC="1.00" CC="000"/>
						<SP ID="P114_SP00213" HPOS="694" VPOS="1366" WIDTH="27"/>
						<String ID="P114_ST00238" HPOS="721" VPOS="1345" WIDTH="32" HEIGHT="16" CONTENT="so" WC="0.75" CC="50"/>
						<SP ID="P114_SP00214" HPOS="753" VPOS="1366" WIDTH="28"/>
						<String ID="P114_ST00239" HPOS="781" VPOS="1336" WIDTH="145" HEIGHT="33" CONTENT="complete" WC="0.89" CC="00100060"/>
						<SP ID="P114_SP00215" HPOS="926" VPOS="1369" WIDTH="26"/>
						<String ID="P114_ST00240" HPOS="952" VPOS="1345" WIDTH="62" HEIGHT="16" CONTENT="was" WC="1.00" CC="000"/>
						<SP ID="P114_SP00216" HPOS="1014" VPOS="1369" WIDTH="27"/>
						<String ID="P114_ST00241" HPOS="1041" VPOS="1337" WIDTH="50" HEIGHT="25" CONTENT="the" WC="0.82" CC="050"/>
						<SP ID="P114_SP00217" HPOS="1091" VPOS="1369" WIDTH="27"/>
						<String ID="P114_ST00242" HPOS="1118" VPOS="1337" WIDTH="112" HEIGHT="25" CONTENT="seizure" WC="0.89" CC="0051000"/>
						<SP ID="P114_SP00218" HPOS="1230" VPOS="1369" WIDTH="27"/>
						<String ID="P114_ST00243" HPOS="1257" VPOS="1337" WIDTH="88" HEIGHT="25" CONTENT="made" WC="1.00" CC="0000"/>
						<SP ID="P114_SP00219" HPOS="1345" VPOS="1369" WIDTH="26"/>
						<String ID="P114_ST00244" HPOS="1371" VPOS="1337" WIDTH="42" HEIGHT="35" CONTENT="by" WC="0.67" CC="60"/>
						<SP ID="P114_SP00220" HPOS="1413" VPOS="1372" WIDTH="26"/>
						<String ID="P114_ST00245" HPOS="1439" VPOS="1337" WIDTH="51" HEIGHT="25" CONTENT="the" WC="0.98" CC="000"/>
					</TextLine>
					<TextLine ID="P114_TL00024" HPOS="334" VPOS="1383" WIDTH="1155" HEIGHT="37">
						<String ID="P114_ST00246" HPOS="334" VPOS="1384" WIDTH="161" HEIGHT="34" CONTENT="patricians" WC="0.94" CC="0003000020"/>
						<SP ID="P114_SP00221" HPOS="495" VPOS="1418" WIDTH="15"/>
						<String ID="P114_ST00247" HPOS="510" VPOS="1383" WIDTH="33" HEIGHT="28" CONTENT="of" WC="0.88" CC="02"/>
						<SP ID="P114_SP00222" HPOS="543" VPOS="1418" WIDTH="9"/>
						<String ID="P114_ST00248" HPOS="552" VPOS="1384" WIDTH="177" HEIGHT="35" CONTENT="everything" WC="0.81" CC="0704007000"/>
						<SP ID="P114_SP00223" HPOS="729" VPOS="1419" WIDTH="13"/>
						<String ID="P114_ST00249" HPOS="742" VPOS="1384" WIDTH="31" HEIGHT="27" CONTENT="in" WC="0.59" CC="16"/>
						<SP ID="P114_SP00224" HPOS="773" VPOS="1419" WIDTH="14"/>
						<String ID="P114_ST00250" HPOS="787" VPOS="1385" WIDTH="49" HEIGHT="26" CONTENT="the" WC="0.90" CC="030"/>
						<SP ID="P114_SP00225" HPOS="836" VPOS="1419" WIDTH="16"/>
						<String ID="P114_ST00251" HPOS="852" VPOS="1385" WIDTH="92" HEIGHT="35" CONTENT="shape" WC="0.90" CC="05000"/>
						<SP ID="P114_SP00226" HPOS="944" VPOS="1420" WIDTH="16"/>
						<String ID="P114_ST00252" HPOS="960" VPOS="1385" WIDTH="32" HEIGHT="26" CONTENT="of" WC="1.00" CC="00"/>
						<SP ID="P114_SP00227" HPOS="992" VPOS="1420" WIDTH="10"/>
						<String ID="P114_ST00253" HPOS="1002" VPOS="1394" WIDTH="17" HEIGHT="17" CONTENT="a" WC="1.00" CC="0"/>
						<SP ID="P114_SP00228" HPOS="1019" VPOS="1420" WIDTH="17"/>
						<String ID="P114_ST00254" HPOS="1036" VPOS="1385" WIDTH="205" HEIGHT="27" CONTENT="Government" WC="0.86" CC="8000200030"/>
						<SP ID="P114_SP00229" HPOS="1241" VPOS="1420" WIDTH="14"/>
						<String ID="P114_ST00255" HPOS="1255" VPOS="1386" WIDTH="152" HEIGHT="32" CONTENT="situation," WC="0.90" CC="0200070000"/>
						<SP ID="P114_SP00230" HPOS="1407" VPOS="1420" WIDTH="17"/>
						<String ID="P114_ST00256" HPOS="1424" VPOS="1387" WIDTH="65" HEIGHT="26" CONTENT="that" WC="0.70" CC="8300"/>
					</TextLine>
					<TextLine ID="P114_TL00025" HPOS="333" VPOS="1433" WIDTH="1155" HEIGHT="39">
						<String ID="P114_ST00257" HPOS="333" VPOS="1433" WIDTH="51" HEIGHT="27" CONTENT="the" WC="0.58" CC="740"/>
						<SP ID="P114_SP00231" HPOS="384" VPOS="1460" WIDTH="14"/>
						<String ID="P114_ST00258" HPOS="398" VPOS="1442" WIDTH="86" HEIGHT="18" CONTENT="name" WC="1.00" CC="0000"/>
						<SP ID="P114_SP00232" HPOS="484" VPOS="1460" WIDTH="15"/>
						<String ID="P114_ST00259" HPOS="499" VPOS="1433" WIDTH="31" HEIGHT="26" CONTENT="of" WC="1.00" CC="00"/>
						<SP ID="P114_SP00233" HPOS="530" VPOS="1460" WIDTH="10"/>
						<String ID="P114_ST00260" HPOS="540" VPOS="1434" WIDTH="49" HEIGHT="26" CONTENT="the" WC="0.54" CC="940"/>
						<SP ID="P114_SP00234" HPOS="589" VPOS="1460" WIDTH="16"/>
						<String ID="P114_ST00261" HPOS="605" VPOS="1434" WIDTH="86" HEIGHT="26" CONTENT="order" WC="0.93" CC="01002"/>
						<SP ID="P114_SP00235" HPOS="691" VPOS="1460" WIDTH="18"/>
						<String ID="P114_ST00262" HPOS="709" VPOS="1434" WIDTH="96" HEIGHT="26" CONTENT="which" WC="0.61" CC="93005"/>
						<SP ID="P114_SP00236" HPOS="805" VPOS="1460" WIDTH="18"/>
						<String ID="P114_ST00263" HPOS="823" VPOS="1435" WIDTH="146" HEIGHT="26" CONTENT="absorbed" WC="0.96" CC="00002000"/>
						<SP ID="P114_SP00237" HPOS="969" VPOS="1461" WIDTH="15"/>
						<String ID="P114_ST00264" HPOS="984" VPOS="1439" WIDTH="30" HEIGHT="22" CONTENT="to" WC="0.85" CC="20"/>
						<SP ID="P114_SP00238" HPOS="1014" VPOS="1461" WIDTH="15"/>
						<String ID="P114_ST00265" HPOS="1029" VPOS="1435" WIDTH="84" HEIGHT="26" CONTENT="itself" WC="0.83" CC="090000"/>
						<SP ID="P114_SP00239" HPOS="1113" VPOS="1461" WIDTH="10"/>
						<String ID="P114_ST00266" HPOS="1123" VPOS="1436" WIDTH="41" HEIGHT="25" CONTENT="all" WC="0.85" CC="004"/>
						<SP ID="P114_SP00240" HPOS="1164" VPOS="1461" WIDTH="19"/>
						<String ID="P114_ST00267" HPOS="1183" VPOS="1436" WIDTH="50" HEIGHT="26" CONTENT="the" WC="0.82" CC="050"/>
						<SP ID="P114_SP00241" HPOS="1233" VPOS="1462" WIDTH="15"/>
						<String ID="P114_ST00268" HPOS="1248" VPOS="1437" WIDTH="79" HEIGHT="34" CONTENT="good" WC="1.00" CC="0000"/>
						<SP ID="P114_SP00242" HPOS="1327" VPOS="1471" WIDTH="18"/>
						<String ID="P114_ST00269" HPOS="1345" VPOS="1436" WIDTH="104" HEIGHT="36" CONTENT="things" WC="0.71" CC="652200"/>
						<SP ID="P114_SP00243" HPOS="1449" VPOS="1472" WIDTH="15"/>
						<String ID="P114_ST00270" HPOS="1464" VPOS="1437" WIDTH="24" HEIGHT="26" CONTENT="is" WC="1.00" CC="00"/>
					</TextLine>
					<TextLine ID="P114_TL00026" HPOS="333" VPOS="1483" WIDTH="1156" HEIGHT="37">
						<String ID="P114_ST00271" HPOS="333" VPOS="1488" WIDTH="30" HEIGHT="22" CONTENT="to" WC="0.88" CC="20"/>
						<SP ID="P114_SP00244" HPOS="363" VPOS="1510" WIDTH="20"/>
						<String ID="P114_ST00272" HPOS="383" VPOS="1484" WIDTH="37" HEIGHT="26" CONTENT="be" WC="1.00" CC="00"/>
						<SP ID="P114_SP00245" HPOS="420" VPOS="1510" WIDTH="20"/>
						<String ID="P114_ST00273" HPOS="440" VPOS="1483" WIDTH="100" HEIGHT="27" CONTENT="traced" WC="0.92" CC="130000"/>
						<SP ID="P114_SP00246" HPOS="540" VPOS="1510" WIDTH="21"/>
						<String ID="P114_ST00274" HPOS="561" VPOS="1483" WIDTH="31" HEIGHT="26" CONTENT="in" WC="0.94" CC="10"/>
						<SP ID="P114_SP00247" HPOS="592" VPOS="1510" WIDTH="20"/>
						<String ID="P114_ST00275" HPOS="612" VPOS="1483" WIDTH="50" HEIGHT="27" CONTENT="the" WC="0.87" CC="030"/>
						<SP ID="P114_SP00248" HPOS="662" VPOS="1510" WIDTH="21"/>
						<String ID="P114_ST00276" HPOS="683" VPOS="1484" WIDTH="121" HEIGHT="26" CONTENT="modern" WC="0.96" CC="000002"/>
						<SP ID="P114_SP00249" HPOS="804" VPOS="1510" WIDTH="19"/>
						<String ID="P114_ST00277" HPOS="823" VPOS="1485" WIDTH="80" HEIGHT="25" CONTENT="word" WC="0.73" CC="0550"/>
						<SP ID="P114_SP00250" HPOS="903" VPOS="1510" WIDTH="22"/>
						<String ID="P114_ST00278" HPOS="925" VPOS="1488" WIDTH="16" HEIGHT="11" CONTENT='"' WC="1.00" CC="0"/>
						<SP ID="P114_SP00251" HPOS="941" VPOS="1510" WIDTH="12"/>
						<String ID="P114_ST00279" HPOS="953" VPOS="1485" WIDTH="196" HEIGHT="35" CONTENT='patronage."' WC="0.85" CC="00020009004"/>
						<SP ID="P114_SP00252" HPOS="1149" VPOS="1520" WIDTH="40"/>
						<String ID="P114_ST00280" HPOS="1189" VPOS="1486" WIDTH="65" HEIGHT="25" CONTENT="The" WC="0.80" CC="050"/>
						<SP ID="P114_SP00253" HPOS="1254" VPOS="1520" WIDTH="19"/>
						<String ID="P114_ST00281" HPOS="1273" VPOS="1486" WIDTH="97" HEIGHT="26" CONTENT="whole" WC="0.92" CC="04000"/>
						<SP ID="P114_SP00254" HPOS="1370" VPOS="1520" WIDTH="20"/>
						<String ID="P114_ST00282" HPOS="1390" VPOS="1486" WIDTH="34" HEIGHT="26" CONTENT="of" WC="1.00" CC="00"/>
						<SP ID="P114_SP00255" HPOS="1424" VPOS="1520" WIDTH="14"/>
						<String ID="P114_ST00283" HPOS="1438" VPOS="1487" WIDTH="51" HEIGHT="26" CONTENT="the" WC="0.83" CC="040"/>
					</TextLine>
					<TextLine ID="P114_TL00027" HPOS="333" VPOS="1532" WIDTH="1155" HEIGHT="39">
						<String ID="P114_ST00284" HPOS="333" VPOS="1532" WIDTH="103" HEIGHT="34" CONTENT="profits" WC="0.80" CC="0400090"/>
						<SP ID="P114_SP00256" HPOS="436" VPOS="1566" WIDTH="14"/>
						<String ID="P114_ST00285" HPOS="450" VPOS="1532" WIDTH="32" HEIGHT="27" CONTENT="of" WC="1.00" CC="00"/>
						<SP ID="P114_SP00257" HPOS="482" VPOS="1566" WIDTH="14"/>
						<String ID="P114_ST00286" HPOS="496" VPOS="1542" WIDTH="60" HEIGHT="17" CONTENT="war" WC="0.86" CC="004"/>
						<SP ID="P114_SP00258" HPOS="556" VPOS="1566" WIDTH="18"/>
						<String ID="P114_ST00287" HPOS="574" VPOS="1537" WIDTH="78" HEIGHT="23" CONTENT="went" WC="1.00" CC="0000"/>
						<SP ID="P114_SP00259" HPOS="652" VPOS="1566" WIDTH="20"/>
						<String ID="P114_ST00288" HPOS="672" VPOS="1533" WIDTH="62" HEIGHT="27" CONTENT="into" WC="1.00" CC="0000"/>
						<SP ID="P114_SP00260" HPOS="734" VPOS="1566" WIDTH="19"/>
						<String ID="P114_ST00289" HPOS="753" VPOS="1533" WIDTH="49" HEIGHT="27" CONTENT="the" WC="0.74" CC="340"/>
						<SP ID="P114_SP00261" HPOS="802" VPOS="1566" WIDTH="14"/>
						<String ID="P114_ST00290" HPOS="816" VPOS="1534" WIDTH="123" HEIGHT="33" CONTENT="pockets" WC="1.00" CC="0000000"/>
						<SP ID="P114_SP00262" HPOS="939" VPOS="1567" WIDTH="14"/>
						<String ID="P114_ST00291" HPOS="953" VPOS="1533" WIDTH="34" HEIGHT="27" CONTENT="of" WC="1.00" CC="00"/>
						<SP ID="P114_SP00263" HPOS="987" VPOS="1567" WIDTH="16"/>
						<String ID="P114_ST00292" HPOS="1003" VPOS="1534" WIDTH="51" HEIGHT="26" CONTENT="the" WC="0.83" CC="040"/>
						<SP ID="P114_SP00264" HPOS="1054" VPOS="1567" WIDTH="17"/>
						<String ID="P114_ST00293" HPOS="1071" VPOS="1543" WIDTH="94" HEIGHT="26" CONTENT="upper" WC="0.95" CC="00002"/>
						<SP ID="P114_SP00265" HPOS="1165" VPOS="1569" WIDTH="19"/>
						<String ID="P114_ST00294" HPOS="1184" VPOS="1535" WIDTH="77" HEIGHT="26" CONTENT="class" WC="1.00" CC="00000"/>
						<SP ID="P114_SP00266" HPOS="1261" VPOS="1569" WIDTH="12"/>
						<String ID="P114_ST00295" HPOS="1273" VPOS="1546" WIDTH="6" HEIGHT="20" CONTENT=";" WC="0.46" CC="5"/>
						<SP ID="P114_SP00267" HPOS="1279" VPOS="1569" WIDTH="24"/>
						<String ID="P114_ST00296" HPOS="1303" VPOS="1536" WIDTH="59" HEIGHT="25" CONTENT="and" WC="1.00" CC="000"/>
						<SP ID="P114_SP00268" HPOS="1362" VPOS="1569" WIDTH="11"/>
						<String ID="P114_ST00297" HPOS="1373" VPOS="1536" WIDTH="115" HEIGHT="35" CONTENT="though" WC="0.70" CC="050704"/>
					</TextLine>
					<TextLine ID="P114_TL00028" HPOS="333" VPOS="1582" WIDTH="1156" HEIGHT="39">
						<String ID="P114_ST00298" HPOS="333" VPOS="1582" WIDTH="50" HEIGHT="27" CONTENT="the" WC="0.81" CC="050"/>
						<SP ID="P114_SP00269" HPOS="383" VPOS="1609" WIDTH="19"/>
						<String ID="P114_ST00299" HPOS="402" VPOS="1582" WIDTH="153" HEIGHT="34" CONTENT="plebeians" WC="1.00" CC="000000000"/>
						<SP ID="P114_SP00270" HPOS="555" VPOS="1616" WIDTH="21"/>
						<String ID="P114_ST00300" HPOS="576" VPOS="1583" WIDTH="79" HEIGHT="26" CONTENT="drew" WC="0.73" CC="0109"/>
						<SP ID="P114_SP00271" HPOS="655" VPOS="1616" WIDTH="17"/>
						<String ID="P114_ST00301" HPOS="672" VPOS="1583" WIDTH="50" HEIGHT="27" CONTENT="the" WC="0.77" CC="060"/>
						<SP ID="P114_SP00272" HPOS="722" VPOS="1616" WIDTH="21"/>
						<String ID="P114_ST00302" HPOS="743" VPOS="1583" WIDTH="104" HEIGHT="32" CONTENT="sword," WC="1.00" CC="000000"/>
						<SP ID="P114_SP00273" HPOS="847" VPOS="1616" WIDTH="16"/>
						<String ID="P114_ST00303" HPOS="863" VPOS="1583" WIDTH="50" HEIGHT="27" CONTENT="the" WC="0.78" CC="060"/>
						<SP ID="P114_SP00274" HPOS="913" VPOS="1616" WIDTH="19"/>
						<String ID="P114_ST00304" HPOS="932" VPOS="1583" WIDTH="163" HEIGHT="35" CONTENT="patricians" WC="0.98" CC="0000100000"/>
						<SP ID="P114_SP00275" HPOS="1095" VPOS="1618" WIDTH="21"/>
						<String ID="P114_ST00305" HPOS="1116" VPOS="1585" WIDTH="79" HEIGHT="26" CONTENT="drew" WC="1.00" CC="0000"/>
						<SP ID="P114_SP00276" HPOS="1195" VPOS="1618" WIDTH="15"/>
						<String ID="P114_ST00306" HPOS="1210" VPOS="1586" WIDTH="151" HEIGHT="26" CONTENT="whatever" WC="0.81" CC="65000003"/>
						<SP ID="P114_SP00277" HPOS="1361" VPOS="1618" WIDTH="20"/>
						<String ID="P114_ST00307" HPOS="1381" VPOS="1594" WIDTH="108" HEIGHT="27" CONTENT="money" WC="1.00" CC="00000"/>
					</TextLine>
					<TextLine ID="P114_TL00029" HPOS="333" VPOS="1632" WIDTH="591" HEIGHT="35">
						<String ID="P114_ST00308" HPOS="333" VPOS="1641" WIDTH="60" HEIGHT="17" CONTENT="was" WC="1.00" CC="000"/>
						<SP ID="P114_SP00278" HPOS="393" VPOS="1658" WIDTH="14"/>
						<String ID="P114_ST00309" HPOS="407" VPOS="1636" WIDTH="31" HEIGHT="22" CONTENT="to" WC="1.00" CC="00"/>
						<SP ID="P114_SP00279" HPOS="438" VPOS="1658" WIDTH="13"/>
						<String ID="P114_ST00310" HPOS="451" VPOS="1632" WIDTH="37" HEIGHT="26" CONTENT="be" WC="1.00" CC="00"/>
						<SP ID="P114_SP00280" HPOS="488" VPOS="1658" WIDTH="15"/>
						<String ID="P114_ST00311" HPOS="503" VPOS="1632" WIDTH="140" HEIGHT="26" CONTENT="obtained" WC="0.72" CC="00990300"/>
						<SP ID="P114_SP00281" HPOS="643" VPOS="1658" WIDTH="14"/>
						<String ID="P114_ST00312" HPOS="657" VPOS="1632" WIDTH="74" HEIGHT="27" CONTENT="from" WC="1.00" CC="0000"/>
						<SP ID="P114_SP00282" HPOS="731" VPOS="1659" WIDTH="14"/>
						<String ID="P114_ST00313" HPOS="745" VPOS="1632" WIDTH="50" HEIGHT="27" CONTENT="the" WC="0.68" CC="270"/>
						<SP ID="P114_SP00283" HPOS="795" VPOS="1659" WIDTH="14"/>
						<String ID="P114_ST00314" HPOS="809" VPOS="1641" WIDTH="115" HEIGHT="26" CONTENT="enemy." WC="0.78" CC="030900"/>
					</TextLine>
				</TextBlock>
				<TextBlock ID="P114_TB00006" HPOS="326" VPOS="1706" WIDTH="1162" HEIGHT="484" STYLEREFS="TXT_2 PAR_LEFT">
					<TextLine ID="P114_TL00030" HPOS="387" VPOS="1707" WIDTH="1101" HEIGHT="41">
						<String ID="P114_ST00315" HPOS="387" VPOS="1708" WIDTH="62" HEIGHT="25" CONTENT="The" WC="0.87" CC="030"/>
						<SP ID="P114_SP00284" HPOS="449" VPOS="1733" WIDTH="10"/>
						<String ID="P114_ST00316" HPOS="459" VPOS="1707" WIDTH="170" HEIGHT="35" CONTENT="patricians," WC="0.77" CC="00814046000"/>
						<SP ID="P114_SP00285" HPOS="629" VPOS="1742" WIDTH="12"/>
						<String ID="P114_ST00317" HPOS="641" VPOS="1708" WIDTH="145" HEIGHT="32" CONTENT="however," WC="0.90" CC="50000002"/>
						<SP ID="P114_SP00286" HPOS="786" VPOS="1742" WIDTH="9"/>
						<String ID="P114_ST00318" HPOS="795" VPOS="1716" WIDTH="77" HEIGHT="18" CONTENT="were" WC="0.71" CC="7030"/>
						<SP ID="P114_SP00287" HPOS="872" VPOS="1742" WIDTH="9"/>
						<String ID="P114_ST00319" HPOS="881" VPOS="1712" WIDTH="52" HEIGHT="23" CONTENT="not" WC="1.00" CC="000"/>
						<SP ID="P114_SP00288" HPOS="933" VPOS="1742" WIDTH="15"/>
						<String ID="P114_ST00320" HPOS="948" VPOS="1709" WIDTH="125" HEIGHT="27" CONTENT="allowed" WC="1.00" CC="0000000"/>
						<SP ID="P114_SP00289" HPOS="1073" VPOS="1742" WIDTH="13"/>
						<String ID="P114_ST00321" HPOS="1086" VPOS="1714" WIDTH="30" HEIGHT="22" CONTENT="to" WC="1.00" CC="00"/>
						<SP ID="P114_SP00290" HPOS="1116" VPOS="1742" WIDTH="12"/>
						<String ID="P114_ST00322" HPOS="1128" VPOS="1709" WIDTH="132" HEIGHT="28" CONTENT="exercise" WC="0.90" CC="00030400"/>
						<SP ID="P114_SP00291" HPOS="1260" VPOS="1742" WIDTH="11"/>
						<String ID="P114_ST00323" HPOS="1271" VPOS="1710" WIDTH="78" HEIGHT="27" CONTENT="their" WC="0.75" CC="07014"/>
						<SP ID="P114_SP00292" HPOS="1349" VPOS="1742" WIDTH="10"/>
						<String ID="P114_ST00324" HPOS="1359" VPOS="1715" WIDTH="129" HEIGHT="33" CONTENT="tyranny" WC="0.80" CC="0020650"/>
					</TextLine>
					<TextLine ID="P114_TL00031" HPOS="333" VPOS="1756" WIDTH="1154" HEIGHT="41">
						<String ID="P114_ST00325" HPOS="333" VPOS="1757" WIDTH="111" HEIGHT="35" CONTENT="always" WC="0.93" CC="040000"/>
						<SP ID="P114_SP00293" HPOS="444" VPOS="1792" WIDTH="26"/>
						<String ID="P114_ST00326" HPOS="470" VPOS="1756" WIDTH="123" HEIGHT="26" CONTENT="without" WC="0.64" CC="0505049"/>
						<SP ID="P114_SP00294" HPOS="593" VPOS="1792" WIDTH="27"/>
						<String ID="P114_ST00327" HPOS="620" VPOS="1756" WIDTH="161" HEIGHT="27" CONTENT="resistance" WC="0.95" CC="5000000000"/>
						<SP ID="P114_SP00295" HPOS="781" VPOS="1792" WIDTH="12"/>
						<String ID="P114_ST00328" HPOS="793" VPOS="1768" WIDTH="5" HEIGHT="20" CONTENT=";" WC="0.49" CC="5"/>
						<SP ID="P114_SP00296" HPOS="798" VPOS="1792" WIDTH="21"/>
						<String ID="P114_ST00329" HPOS="819" VPOS="1757" WIDTH="53" HEIGHT="33" CONTENT="for," WC="0.95" CC="0001"/>
						<SP ID="P114_SP00297" HPOS="872" VPOS="1792" WIDTH="25"/>
						<String ID="P114_ST00330" HPOS="897" VPOS="1758" WIDTH="25" HEIGHT="25" CONTENT="if" WC="0.79" CC="40"/>
						<SP ID="P114_SP00298" HPOS="922" VPOS="1792" WIDTH="23"/>
						<String ID="P114_ST00331" HPOS="945" VPOS="1759" WIDTH="77" HEIGHT="25" CONTENT="their" WC="0.77" CC="25012"/>
						<SP ID="P114_SP00299" HPOS="1022" VPOS="1792" WIDTH="22"/>
						<String ID="P114_ST00332" HPOS="1044" VPOS="1759" WIDTH="127" HEIGHT="27" CONTENT="conduct" WC="1.00" CC="0000000"/>
						<SP ID="P114_SP00300" HPOS="1171" VPOS="1792" WIDTH="26"/>
						<String ID="P114_ST00333" HPOS="1197" VPOS="1769" WIDTH="62" HEIGHT="17" CONTENT="was" WC="1.00" CC="000"/>
						<SP ID="P114_SP00301" HPOS="1259" VPOS="1792" WIDTH="22"/>
						<String ID="P114_ST00334" HPOS="1281" VPOS="1761" WIDTH="151" HEIGHT="36" CONTENT="revolting" WC="0.84" CC="500030230"/>
						<SP ID="P114_SP00302" HPOS="1432" VPOS="1797" WIDTH="25"/>
						<String ID="P114_ST00335" HPOS="1457" VPOS="1766" WIDTH="30" HEIGHT="22" CONTENT="to" WC="0.94" CC="10"/>
					</TextLine>
					<TextLine ID="P114_TL00032" HPOS="333" VPOS="1806" WIDTH="1155" HEIGHT="36">
						<String ID="P114_ST00336" HPOS="333" VPOS="1807" WIDTH="111" HEIGHT="25" CONTENT="human" WC="0.97" CC="10000"/>
						<SP ID="P114_SP00303" HPOS="444" VPOS="1832" WIDTH="14"/>
						<String ID="P114_ST00337" HPOS="458" VPOS="1809" WIDTH="113" HEIGHT="29" CONTENT="nature," WC="0.92" CC="1002000"/>
						<SP ID="P114_SP00304" HPOS="571" VPOS="1838" WIDTH="15"/>
						<String ID="P114_ST00338" HPOS="586" VPOS="1806" WIDTH="23" HEIGHT="26" CONTENT="it" WC="0.76" CC="40"/>
						<SP ID="P114_SP00305" HPOS="609" VPOS="1838" WIDTH="12"/>
						<String ID="P114_ST00339" HPOS="621" VPOS="1815" WIDTH="62" HEIGHT="17" CONTENT="was" WC="1.00" CC="000"/>
						<SP ID="P114_SP00306" HPOS="683" VPOS="1838" WIDTH="15"/>
						<String ID="P114_ST00340" HPOS="698" VPOS="1810" WIDTH="29" HEIGHT="22" CONTENT="to" WC="1.00" CC="00"/>
						<SP ID="P114_SP00307" HPOS="727" VPOS="1838" WIDTH="15"/>
						<String ID="P114_ST00341" HPOS="742" VPOS="1808" WIDTH="37" HEIGHT="25" CONTENT="be" WC="1.00" CC="00"/>
						<SP ID="P114_SP00308" HPOS="779" VPOS="1838" WIDTH="14"/>
						<String ID="P114_ST00342" HPOS="793" VPOS="1808" WIDTH="144" HEIGHT="34" CONTENT="expected" WC="1.00" CC="00000000"/>
						<SP ID="P114_SP00309" HPOS="937" VPOS="1842" WIDTH="15"/>
						<String ID="P114_ST00343" HPOS="952" VPOS="1808" WIDTH="64" HEIGHT="26" CONTENT="that" WC="0.70" CC="0505"/>
						<SP ID="P114_SP00310" HPOS="1016" VPOS="1842" WIDTH="17"/>
						<String ID="P114_ST00344" HPOS="1033" VPOS="1808" WIDTH="112" HEIGHT="28" CONTENT="human" WC="0.80" CC="60003"/>
						<SP ID="P114_SP00311" HPOS="1145" VPOS="1842" WIDTH="15"/>
						<String ID="P114_ST00345" HPOS="1160" VPOS="1814" WIDTH="106" HEIGHT="22" CONTENT="nature" WC="0.92" CC="103000"/>
						<SP ID="P114_SP00312" HPOS="1266" VPOS="1842" WIDTH="13"/>
						<String ID="P114_ST00346" HPOS="1279" VPOS="1812" WIDTH="98" HEIGHT="25" CONTENT="would" WC="1.00" CC="00000"/>
						<SP ID="P114_SP00313" HPOS="1377" VPOS="1842" WIDTH="15"/>
						<String ID="P114_ST00347" HPOS="1392" VPOS="1813" WIDTH="96" HEIGHT="26" CONTENT="revolt" WC="0.89" CC="300030"/>
					</TextLine>
					<TextLine ID="P114_TL00033" HPOS="333" VPOS="1855" WIDTH="1155" HEIGHT="42">
						<String ID="P114_ST00348" HPOS="333" VPOS="1856" WIDTH="119" HEIGHT="35" CONTENT="against" WC="0.81" CC="0903000"/>
						<SP ID="P114_SP00314" HPOS="452" VPOS="1891" WIDTH="11"/>
						<String ID="P114_ST00349" HPOS="463" VPOS="1856" WIDTH="79" HEIGHT="25" CONTENT="them" WC="0.75" CC="0603"/>
						<SP ID="P114_SP00315" HPOS="542" VPOS="1891" WIDTH="12"/>
						<String ID="P114_ST00350" HPOS="554" VPOS="1855" WIDTH="85" HEIGHT="26" CONTENT="when" WC="0.81" CC="0700"/>
						<SP ID="P114_SP00316" HPOS="639" VPOS="1891" WIDTH="10"/>
						<String ID="P114_ST00351" HPOS="649" VPOS="1857" WIDTH="193" HEIGHT="34" CONTENT="opportunity" WC="0.82" CC="00000906200"/>
						<SP ID="P114_SP00317" HPOS="842" VPOS="1891" WIDTH="11"/>
						<String ID="P114_ST00352" HPOS="853" VPOS="1857" WIDTH="119" HEIGHT="27" CONTENT="offered." WC="0.98" CC="00000010"/>
						<SP ID="P114_SP00318" HPOS="972" VPOS="1891" WIDTH="41"/>
						<String ID="P114_ST00353" HPOS="1013" VPOS="1858" WIDTH="49" HEIGHT="26" CONTENT="An" WC="1.00" CC="00"/>
						<SP ID="P114_SP00319" HPOS="1062" VPOS="1891" WIDTH="11"/>
						<String ID="P114_ST00354" HPOS="1073" VPOS="1858" WIDTH="134" HEIGHT="28" CONTENT="instance" WC="0.86" CC="44020000"/>
						<SP ID="P114_SP00320" HPOS="1207" VPOS="1891" WIDTH="15"/>
						<String ID="P114_ST00355" HPOS="1222" VPOS="1862" WIDTH="141" HEIGHT="25" CONTENT="occurred" WC="0.91" CC="00030300"/>
						<SP ID="P114_SP00321" HPOS="1363" VPOS="1891" WIDTH="14"/>
						<String ID="P114_ST00356" HPOS="1377" VPOS="1862" WIDTH="111" HEIGHT="35" CONTENT="during" WC="0.85" CC="000170"/>
					</TextLine>
					<TextLine ID="P114_TL00034" HPOS="332" VPOS="1905" WIDTH="1155" HEIGHT="42">
						<String ID="P114_ST00357" HPOS="332" VPOS="1907" WIDTH="49" HEIGHT="25" CONTENT="the" WC="0.76" CC="070"/>
						<SP ID="P114_SP00322" HPOS="381" VPOS="1932" WIDTH="24"/>
						<String ID="P114_ST00358" HPOS="405" VPOS="1905" WIDTH="171" HEIGHT="35" CONTENT="consulship" WC="0.94" CC="0000020200"/>
						<SP ID="P114_SP00323" HPOS="576" VPOS="1940" WIDTH="24"/>
						<String ID="P114_ST00359" HPOS="600" VPOS="1905" WIDTH="33" HEIGHT="26" CONTENT="of" WC="1.00" CC="00"/>
						<SP ID="P114_SP00324" HPOS="633" VPOS="1940" WIDTH="21"/>
						<String ID="P114_ST00360" HPOS="654" VPOS="1906" WIDTH="117" HEIGHT="35" CONTENT="Appius" WC="0.61" CC="099030"/>
						<SP ID="P114_SP00325" HPOS="771" VPOS="1941" WIDTH="25"/>
						<String ID="P114_ST00361" HPOS="796" VPOS="1907" WIDTH="150" HEIGHT="33" CONTENT="Claudius," WC="0.86" CC="000505000"/>
						<SP ID="P114_SP00326" HPOS="946" VPOS="1941" WIDTH="22"/>
						<String ID="P114_ST00362" HPOS="968" VPOS="1908" WIDTH="67" HEIGHT="27" CONTENT="who" WC="0.81" CC="050"/>
						<SP ID="P114_SP00327" HPOS="1035" VPOS="1941" WIDTH="22"/>
						<String ID="P114_ST00363" HPOS="1057" VPOS="1909" WIDTH="60" HEIGHT="26" CONTENT="had" WC="0.79" CC="600"/>
						<SP ID="P114_SP00328" HPOS="1117" VPOS="1941" WIDTH="20"/>
						<String ID="P114_ST00364" HPOS="1137" VPOS="1910" WIDTH="76" HEIGHT="25" CONTENT="been" WC="0.94" CC="0002"/>
						<SP ID="P114_SP00329" HPOS="1213" VPOS="1941" WIDTH="21"/>
						<String ID="P114_ST00365" HPOS="1234" VPOS="1910" WIDTH="115" HEIGHT="27" CONTENT="elected" WC="1.00" CC="0000000"/>
						<SP ID="P114_SP00330" HPOS="1349" VPOS="1941" WIDTH="23"/>
						<String ID="P114_ST00366" HPOS="1372" VPOS="1913" WIDTH="42" HEIGHT="34" CONTENT="by" WC="1.00" CC="00"/>
						<SP ID="P114_SP00331" HPOS="1414" VPOS="1947" WIDTH="23"/>
						<String ID="P114_ST00367" HPOS="1437" VPOS="1913" WIDTH="50" HEIGHT="26" CONTENT="the" WC="0.83" CC="050"/>
					</TextLine>
					<TextLine ID="P114_TL00035" HPOS="333" VPOS="1955" WIDTH="1154" HEIGHT="37">
						<String ID="P114_ST00368" HPOS="333" VPOS="1959" WIDTH="111" HEIGHT="29" CONTENT="senate," WC="0.90" CC="0050100"/>
						<SP ID="P114_SP00332" HPOS="444" VPOS="1988" WIDTH="16"/>
						<String ID="P114_ST00369" HPOS="460" VPOS="1956" WIDTH="58" HEIGHT="25" CONTENT="and" WC="0.83" CC="050"/>
						<SP ID="P114_SP00333" HPOS="518" VPOS="1988" WIDTH="14"/>
						<String ID="P114_ST00370" HPOS="532" VPOS="1956" WIDTH="74" HEIGHT="31" CONTENT="who," WC="0.77" CC="0603"/>
						<SP ID="P114_SP00334" HPOS="606" VPOS="1988" WIDTH="15"/>
						<String ID="P114_ST00371" HPOS="621" VPOS="1955" WIDTH="130" HEIGHT="36" CONTENT="wishing" WC="0.73" CC="0705050"/>
						<SP ID="P114_SP00335" HPOS="751" VPOS="1991" WIDTH="13"/>
						<String ID="P114_ST00372" HPOS="764" VPOS="1961" WIDTH="30" HEIGHT="22" CONTENT="to" WC="1.00" CC="00"/>
						<SP ID="P114_SP00336" HPOS="794" VPOS="1991" WIDTH="15"/>
						<String ID="P114_ST00373" HPOS="809" VPOS="1958" WIDTH="68" HEIGHT="34" CONTENT="levy" WC="0.92" CC="3000"/>
						<SP ID="P114_SP00337" HPOS="877" VPOS="1992" WIDTH="20"/>
						<String ID="P114_ST00374" HPOS="897" VPOS="1962" WIDTH="110" HEIGHT="30" CONTENT="troops," WC="0.93" CC="4000000"/>
						<SP ID="P114_SP00338" HPOS="1007" VPOS="1992" WIDTH="17"/>
						<String ID="P114_ST00375" HPOS="1024" VPOS="1959" WIDTH="109" HEIGHT="26" CONTENT="caused" WC="0.97" CC="001000"/>
						<SP ID="P114_SP00339" HPOS="1133" VPOS="1992" WIDTH="15"/>
						<String ID="P114_ST00376" HPOS="1148" VPOS="1959" WIDTH="51" HEIGHT="26" CONTENT="the" WC="0.51" CC="950"/>
						<SP ID="P114_SP00340" HPOS="1199" VPOS="1992" WIDTH="14"/>
						<String ID="P114_ST00377" HPOS="1213" VPOS="1969" WIDTH="104" HEIGHT="17" CONTENT="names" WC="1.00" CC="00000"/>
						<SP ID="P114_SP00341" HPOS="1317" VPOS="1992" WIDTH="16"/>
						<String ID="P114_ST00378" HPOS="1333" VPOS="1961" WIDTH="33" HEIGHT="26" CONTENT="of" WC="1.00" CC="00"/>
						<SP ID="P114_SP00342" HPOS="1366" VPOS="1992" WIDTH="16"/>
						<String ID="P114_ST00379" HPOS="1382" VPOS="1963" WIDTH="40" HEIGHT="25" CONTENT="all" WC="1.00" CC="000"/>
						<SP ID="P114_SP00343" HPOS="1422" VPOS="1992" WIDTH="15"/>
						<String ID="P114_ST00380" HPOS="1437" VPOS="1963" WIDTH="50" HEIGHT="26" CONTENT="the" WC="0.72" CC="260"/>
					</TextLine>
					<TextLine ID="P114_TL00036" HPOS="332" VPOS="2006" WIDTH="1155" HEIGHT="38">
						<String ID="P114_ST00381" HPOS="332" VPOS="2014" WIDTH="68" HEIGHT="18" CONTENT="men" WC="0.83" CC="103"/>
						<SP ID="P114_SP00344" HPOS="400" VPOS="2032" WIDTH="14"/>
						<String ID="P114_ST00382" HPOS="414" VPOS="2006" WIDTH="134" HEIGHT="26" CONTENT="between" WC="0.96" CC="0000002"/>
						<SP ID="P114_SP00345" HPOS="548" VPOS="2032" WIDTH="14"/>
						<String ID="P114_ST00383" HPOS="562" VPOS="2006" WIDTH="138" HEIGHT="34" CONTENT="eighteen" WC="0.85" CC="04043000"/>
						<SP ID="P114_SP00346" HPOS="700" VPOS="2040" WIDTH="10"/>
						<String ID="P114_ST00384" HPOS="710" VPOS="2007" WIDTH="59" HEIGHT="26" CONTENT="and" WC="0.94" CC="010"/>
						<SP ID="P114_SP00347" HPOS="769" VPOS="2040" WIDTH="12"/>
						<String ID="P114_ST00385" HPOS="781" VPOS="2007" WIDTH="151" HEIGHT="35" CONTENT="forty-five" WC="0.89" CC="0032030000"/>
						<SP ID="P114_SP00348" HPOS="932" VPOS="2042" WIDTH="14"/>
						<String ID="P114_ST00386" HPOS="946" VPOS="2012" WIDTH="30" HEIGHT="23" CONTENT="to" WC="0.55" CC="80"/>
						<SP ID="P114_SP00349" HPOS="976" VPOS="2042" WIDTH="14"/>
						<String ID="P114_ST00387" HPOS="990" VPOS="2009" WIDTH="39" HEIGHT="26" CONTENT="be" WC="0.95" CC="00"/>
						<SP ID="P114_SP00350" HPOS="1029" VPOS="2042" WIDTH="15"/>
						<String ID="P114_ST00388" HPOS="1044" VPOS="2009" WIDTH="95" HEIGHT="26" CONTENT="called" WC="0.92" CC="001200"/>
						<SP ID="P114_SP00351" HPOS="1139" VPOS="2042" WIDTH="14"/>
						<String ID="P114_ST00389" HPOS="1153" VPOS="2018" WIDTH="71" HEIGHT="18" CONTENT="over" WC="1.00" CC="0000"/>
						<SP ID="P114_SP00352" HPOS="1224" VPOS="2042" WIDTH="15"/>
						<String ID="P114_ST00390" HPOS="1239" VPOS="2011" WIDTH="29" HEIGHT="25" CONTENT="in" WC="0.63" CC="07"/>
						<SP ID="P114_SP00353" HPOS="1268" VPOS="2042" WIDTH="15"/>
						<String ID="P114_ST00391" HPOS="1283" VPOS="2020" WIDTH="17" HEIGHT="16" CONTENT="a" WC="1.00" CC="0"/>
						<SP ID="P114_SP00354" HPOS="1300" VPOS="2042" WIDTH="14"/>
						<String ID="P114_ST00392" HPOS="1314" VPOS="2011" WIDTH="59" HEIGHT="33" CONTENT="list," WC="0.94" CC="00020"/>
						<SP ID="P114_SP00355" HPOS="1373" VPOS="2044" WIDTH="15"/>
						<String ID="P114_ST00393" HPOS="1388" VPOS="2013" WIDTH="99" HEIGHT="26" CONTENT="which" WC="0.65" CC="06504"/>
					</TextLine>
					<TextLine ID="P114_TL00037" HPOS="330" VPOS="2054" WIDTH="1157" HEIGHT="40">
						<String ID="P114_ST00394" HPOS="330" VPOS="2054" WIDTH="152" HEIGHT="26" CONTENT="furnished" WC="0.79" CC="030330600"/>
						<SP ID="P114_SP00356" HPOS="482" VPOS="2080" WIDTH="14"/>
						<String ID="P114_ST00395" HPOS="496" VPOS="2055" WIDTH="50" HEIGHT="25" CONTENT="the" WC="0.92" CC="200"/>
						<SP ID="P114_SP00357" HPOS="546" VPOS="2080" WIDTH="14"/>
						<String ID="P114_ST00396" HPOS="560" VPOS="2055" WIDTH="151" HEIGHT="26" CONTENT="materials" WC="0.93" CC="000023000"/>
						<SP ID="P114_SP00358" HPOS="711" VPOS="2081" WIDTH="14"/>
						<String ID="P114_ST00397" HPOS="725" VPOS="2055" WIDTH="45" HEIGHT="27" CONTENT="for" WC="0.85" CC="004"/>
						<SP ID="P114_SP00359" HPOS="770" VPOS="2082" WIDTH="10"/>
						<String ID="P114_ST00398" HPOS="780" VPOS="2057" WIDTH="181" HEIGHT="27" CONTENT="enlistment." WC="0.97" CC="01200000000"/>
						<SP ID="P114_SP00360" HPOS="961" VPOS="2084" WIDTH="41"/>
						<String ID="P114_ST00399" HPOS="1002" VPOS="2057" WIDTH="154" HEIGHT="37" CONTENT="Amongst" WC="0.74" CC="0000809"/>
						<SP ID="P114_SP00361" HPOS="1156" VPOS="2094" WIDTH="8"/>
						<String ID="P114_ST00400" HPOS="1164" VPOS="2060" WIDTH="51" HEIGHT="26" CONTENT="the" WC="0.82" CC="050"/>
						<SP ID="P114_SP00362" HPOS="1215" VPOS="2094" WIDTH="11"/>
						<String ID="P114_ST00401" HPOS="1226" VPOS="2068" WIDTH="105" HEIGHT="19" CONTENT="names" WC="1.00" CC="00000"/>
						<SP ID="P114_SP00363" HPOS="1331" VPOS="2094" WIDTH="13"/>
						<String ID="P114_ST00402" HPOS="1344" VPOS="2070" WIDTH="63" HEIGHT="18" CONTENT="was" WC="1.00" CC="000"/>
						<SP ID="P114_SP00364" HPOS="1407" VPOS="2094" WIDTH="14"/>
						<String ID="P114_ST00403" HPOS="1421" VPOS="2062" WIDTH="66" HEIGHT="27" CONTENT="that" WC="0.96" CC="0100"/>
					</TextLine>
					<TextLine ID="P114_TL00038" HPOS="331" VPOS="2103" WIDTH="1156" HEIGHT="39">
						<String ID="P114_ST00404" HPOS="331" VPOS="2103" WIDTH="32" HEIGHT="27" CONTENT="of" WC="0.93" CC="01"/>
						<SP ID="P114_SP00365" HPOS="363" VPOS="2130" WIDTH="10"/>
						<String ID="P114_ST00405" HPOS="373" VPOS="2103" WIDTH="146" HEIGHT="26" CONTENT="Publilius" WC="0.76" CC="540040600"/>
						<SP ID="P114_SP00366" HPOS="519" VPOS="2130" WIDTH="13"/>
						<String ID="P114_ST00406" HPOS="532" VPOS="2104" WIDTH="118" HEIGHT="33" CONTENT="Volero," WC="0.95" CC="0000300"/>
						<SP ID="P114_SP00367" HPOS="650" VPOS="2137" WIDTH="15"/>
						<String ID="P114_ST00407" HPOS="665" VPOS="2106" WIDTH="66" HEIGHT="25" CONTENT="who" WC="0.81" CC="050"/>
						<SP ID="P114_SP00368" HPOS="731" VPOS="2137" WIDTH="14"/>
						<String ID="P114_ST00408" HPOS="745" VPOS="2106" WIDTH="60" HEIGHT="26" CONTENT="had" WC="0.92" CC="200"/>
						<SP ID="P114_SP00369" HPOS="805" VPOS="2137" WIDTH="13"/>
						<String ID="P114_ST00409" HPOS="818" VPOS="2105" WIDTH="140" HEIGHT="37" CONTENT="formerly" WC="0.94" CC="00200200"/>
						<SP ID="P114_SP00370" HPOS="958" VPOS="2142" WIDTH="13"/>
						<String ID="P114_ST00410" HPOS="971" VPOS="2107" WIDTH="71" HEIGHT="27" CONTENT="held" WC="0.80" CC="6010"/>
						<SP ID="P114_SP00371" HPOS="1042" VPOS="2142" WIDTH="15"/>
						<String ID="P114_ST00411" HPOS="1057" VPOS="2117" WIDTH="18" HEIGHT="17" CONTENT="a" WC="0.85" CC="1"/>
						<SP ID="P114_SP00372" HPOS="1075" VPOS="2142" WIDTH="19"/>
						<String ID="P114_ST00412" HPOS="1094" VPOS="2109" WIDTH="193" HEIGHT="27" CONTENT="commission" WC="0.84" CC="0102000504"/>
						<SP ID="P114_SP00373" HPOS="1287" VPOS="2142" WIDTH="18"/>
						<String ID="P114_ST00413" HPOS="1305" VPOS="2119" WIDTH="33" HEIGHT="18" CONTENT="as" WC="1.00" CC="00"/>
						<SP ID="P114_SP00374" HPOS="1338" VPOS="2142" WIDTH="14"/>
						<String ID="P114_ST00414" HPOS="1352" VPOS="2119" WIDTH="18" HEIGHT="18" CONTENT="a" WC="1.00" CC="0"/>
						<SP ID="P114_SP00375" HPOS="1370" VPOS="2142" WIDTH="14"/>
						<String ID="P114_ST00415" HPOS="1384" VPOS="2116" WIDTH="103" HEIGHT="23" CONTENT="centu" SUBS_TYPE="HypPart1" SUBS_CONTENT="centurion," WC="0.84" CC="000072"/>
						<HYP CONTENT="-"/>
					</TextLine>
					<TextLine ID="P114_TL00039" HPOS="327" VPOS="2154" WIDTH="1157" HEIGHT="36">
						<String ID="P114_ST00416" HPOS="327" VPOS="2154" WIDTH="73" HEIGHT="31" CONTENT="rion," SUBS_TYPE="HypPart2" SUBS_CONTENT="centurion," WC="0.69" CC="47200"/>
						<SP ID="P114_SP00376" HPOS="400" VPOS="2185" WIDTH="22"/>
						<String ID="P114_ST00417" HPOS="422" VPOS="2162" WIDTH="33" HEIGHT="17" CONTENT="or" WC="0.89" CC="02"/>
						<SP ID="P114_SP00377" HPOS="455" VPOS="2185" WIDTH="22"/>
						<String ID="P114_ST00418" HPOS="477" VPOS="2154" WIDTH="138" HEIGHT="35" CONTENT="captain;" WC="0.62" CC="00808373"/>
						<SP ID="P114_SP00378" HPOS="615" VPOS="2189" WIDTH="23"/>
						<String ID="P114_ST00419" HPOS="638" VPOS="2155" WIDTH="68" HEIGHT="32" CONTENT="and," WC="0.81" CC="0600"/>
						<SP ID="P114_SP00379" HPOS="706" VPOS="2189" WIDTH="23"/>
						<String ID="P114_ST00420" HPOS="729" VPOS="2156" WIDTH="93" HEIGHT="34" CONTENT="being" WC="0.79" CC="00460"/>
						<SP ID="P114_SP00380" HPOS="822" VPOS="2190" WIDTH="25"/>
						<String ID="P114_ST00421" HPOS="847" VPOS="2166" WIDTH="66" HEIGHT="18" CONTENT="now" WC="0.91" CC="200"/>
						<SP ID="P114_SP00381" HPOS="913" VPOS="2190" WIDTH="24"/>
						<String ID="P114_ST00422" HPOS="937" VPOS="2158" WIDTH="129" HEIGHT="27" CONTENT="selected" WC="1.00" CC="00000000"/>
						<SP ID="P114_SP00382" HPOS="1066" VPOS="2190" WIDTH="23"/>
						<String ID="P114_ST00423" HPOS="1089" VPOS="2163" WIDTH="30" HEIGHT="23" CONTENT="to" WC="0.97" CC="00"/>
						<SP ID="P114_SP00383" HPOS="1119" VPOS="2190" WIDTH="22"/>
						<String ID="P114_ST00424" HPOS="1141" VPOS="2168" WIDTH="84" HEIGHT="18" CONTENT="serve" WC="0.82" CC="60200"/>
						<SP ID="P114_SP00384" HPOS="1225" VPOS="2190" WIDTH="26"/>
						<String ID="P114_ST00425" HPOS="1251" VPOS="2169" WIDTH="33" HEIGHT="18" CONTENT="as" WC="1.00" CC="00"/>
						<SP ID="P114_SP00385" HPOS="1284" VPOS="2190" WIDTH="21"/>
						<String ID="P114_ST00426" HPOS="1305" VPOS="2170" WIDTH="18" HEIGHT="18" CONTENT="a" WC="1.00" CC="0"/>
						<SP ID="P114_SP00386" HPOS="1323" VPOS="2190" WIDTH="22"/>
						<String ID="P114_ST00427" HPOS="1345" VPOS="2171" WIDTH="139" HEIGHT="19" CONTENT="common" WC="0.94" CC="000003"/>
					</TextLine>
				</TextBlock>
			</PrintSpace>
		</Page>
	</Layout>
</alto>
