<?xml version="1.0" encoding="UTF-8"?>
<alto xmlns:xsi="http://www.w3.org/2001/XMLSchema-instance" xsi:noNamespaceSchemaLocation="http://www.bl.uk/schemas/alto/alto-1-4.xsd" xmlns:xlink="http://www.w3.org/1999/xlink">
	<Description>
		<MeasurementUnit>mm10</MeasurementUnit>
		<sourceImageInformation>
			<fileName>//head1/IN/2008-39/A0012093469/008913.jp2</fileName>
		</sourceImageInformation>
		<OCRProcessing ID="OCRPROCESSING_1">
			<preProcessingStep>
				<processingSoftware>
					<softwareCreator>CCS Content Conversion Specialists GmbH, Germany</softwareCreator>
					<softwareName>CCS docWORKS</softwareName>
					<softwareVersion>6.1-0.67</softwareVersion>
				</processingSoftware>
			</preProcessingStep>
			<ocrProcessingStep>
				<processingSoftware>
					<softwareCreator>ABBYY (BIT Software), Russia</softwareCreator>
					<softwareName>Finereader</softwareName>
				</processingSoftware>
			</ocrProcessingStep>
		</OCRProcessing>
	</Description>
	<Styles>
		<TextStyle ID="TXT_0" FONTSIZE="11" FONTFAMILY="Courier New"/>
		<TextStyle ID="TXT_1" FONTSIZE="9" FONTFAMILY="Courier New"/>
		<TextStyle ID="TXT_2" FONTSIZE="10" FONTFAMILY="Courier New"/>
		<ParagraphStyle ID="PAR_LEFT" ALIGN="Left"/>
		<ParagraphStyle ID="PAR_RIGHT" ALIGN="Right"/>
	</Styles>
	<Layout>
		<Page ID="P67" PHYSICAL_IMG_NR="67" HEIGHT="2518" WIDTH="1698" PRINTED_IMG_NR="43" POSITION="Right" ACCURACY="88.29">
			<TopMargin ID="P67_TM00001" HPOS="0" VPOS="0" WIDTH="1698" HEIGHT="345">
				<TextBlock ID="P67_TB00001" HPOS="572" VPOS="282" WIDTH="331" HEIGHT="63" STYLEREFS="TXT_0 PAR_LEFT">
					<TextLine ID="P67_TL00001" HPOS="573" VPOS="283" WIDTH="330" HEIGHT="62">
						<String ID="P67_ST00001" HPOS="573" VPOS="283" WIDTH="87" HEIGHT="45" CONTENT="The" WC="0.80" CC="005"/>
						<SP ID="P67_SP00001" HPOS="660" VPOS="328" WIDTH="39"/>
						<String ID="P67_ST00002" HPOS="699" VPOS="285" WIDTH="204" HEIGHT="60" CONTENT="Coinage." WC="0.92" CC="00060000"/>
					</TextLine>
				</TextBlock>
				<TextBlock ID="P67_TB00002" HPOS="163" VPOS="304" WIDTH="129" HEIGHT="22" STYLEREFS="TXT_1 PAR_LEFT">
					<TextLine ID="P67_TL00002" HPOS="163" VPOS="305" WIDTH="129" HEIGHT="21">
						<String ID="P67_ST00003" HPOS="163" VPOS="305" WIDTH="66" HEIGHT="21" CONTENT="Chap." WC="0.25" CC="77992"/>
						<SP ID="P67_SP00002" HPOS="229" VPOS="326" WIDTH="15"/>
						<String ID="P67_ST00004" HPOS="244" VPOS="306" WIDTH="48" HEIGHT="20" CONTENT="Ill]" WC="0.63" CC="7700"/>
					</TextLine>
				</TextBlock>
				<TextBlock ID="P67_TB00003" HPOS="1275" VPOS="306" WIDTH="38" HEIGHT="29" STYLEREFS="TXT_2 PAR_RIGHT">
					<TextLine ID="P67_TL00003" HPOS="1275" VPOS="306" WIDTH="38" HEIGHT="29">
						<String ID="P67_ST00005" HPOS="1275" VPOS="306" WIDTH="38" HEIGHT="29" CONTENT="43" WC="0.98" CC="00"/>
					</TextLine>
				</TextBlock>
			</TopMargin>
			<LeftMargin ID="P67_LM00001" HPOS="0" VPOS="336" WIDTH="161" HEIGHT="1606"/>
			<RightMargin ID="P67_RM00001" HPOS="1322" VPOS="336" WIDTH="376" HEIGHT="1606"/>
			<BottomMargin ID="P67_BM00001" HPOS="0" VPOS="1942" WIDTH="1698" HEIGHT="575"/>
			<PrintSpace ID="P67_PS00001" HPOS="161" VPOS="336" WIDTH="1161" HEIGHT="1606">
				<TextBlock ID="P67_TB00004" HPOS="161" VPOS="392" WIDTH="1158" HEIGHT="626" STYLEREFS="TXT_1 PAR_LEFT">
					<TextLine ID="P67_TL00004" HPOS="218" VPOS="393" WIDTH="1101" HEIGHT="41">
						<String ID="P67_ST00006" HPOS="218" VPOS="393" WIDTH="122" HEIGHT="28" CONTENT="Servius" WC="0.84" CC="0004420"/>
						<SP ID="P67_SP00003" HPOS="340" VPOS="421" WIDTH="20"/>
						<String ID="P67_ST00007" HPOS="360" VPOS="394" WIDTH="175" HEIGHT="28" CONTENT="introduced" WC="0.91" CC="0400003000"/>
						<SP ID="P67_SP00004" HPOS="535" VPOS="422" WIDTH="23"/>
						<String ID="P67_ST00008" HPOS="558" VPOS="396" WIDTH="63" HEIGHT="26" CONTENT="into" WC="0.93" CC="2000"/>
						<SP ID="P67_SP00005" HPOS="621" VPOS="422" WIDTH="22"/>
						<String ID="P67_ST00009" HPOS="643" VPOS="398" WIDTH="98" HEIGHT="28" CONTENT="Rome" WC="0.95" CC="1000"/>
						<SP ID="P67_SP00006" HPOS="741" VPOS="426" WIDTH="22"/>
						<String ID="P67_ST00010" HPOS="763" VPOS="401" WIDTH="51" HEIGHT="26" CONTENT="the" WC="0.76" CC="070"/>
						<SP ID="P67_SP00007" HPOS="814" VPOS="427" WIDTH="20"/>
						<String ID="P67_ST00011" HPOS="834" VPOS="401" WIDTH="147" HEIGHT="27" CONTENT="Etruscan" WC="0.91" CC="00250000"/>
						<SP ID="P67_SP00008" HPOS="981" VPOS="428" WIDTH="21"/>
						<String ID="P67_ST00012" HPOS="1002" VPOS="402" WIDTH="53" HEIGHT="32" CONTENT="As," WC="0.92" CC="002"/>
						<SP ID="P67_SP00009" HPOS="1055" VPOS="434" WIDTH="16"/>
						<String ID="P67_ST00013" HPOS="1071" VPOS="401" WIDTH="32" HEIGHT="26" CONTENT="of" WC="0.61" CC="24"/>
						<SP ID="P67_SP00010" HPOS="1103" VPOS="434" WIDTH="17"/>
						<String ID="P67_ST00014" HPOS="1120" VPOS="403" WIDTH="49" HEIGHT="25" CONTENT="the" WC="0.84" CC="040"/>
						<SP ID="P67_SP00011" HPOS="1169" VPOS="434" WIDTH="15"/>
						<String ID="P67_ST00015" HPOS="1184" VPOS="402" WIDTH="86" HEIGHT="26" CONTENT="value" WC="0.88" CC="00040"/>
						<SP ID="P67_SP00012" HPOS="1270" VPOS="434" WIDTH="18"/>
						<String ID="P67_ST00016" HPOS="1288" VPOS="401" WIDTH="31" HEIGHT="26" CONTENT="of" WC="0.97" CC="00"/>
					</TextLine>
					<TextLine ID="P67_TL00005" HPOS="162" VPOS="444" WIDTH="1155" HEIGHT="43">
						<String ID="P67_ST00017" HPOS="162" VPOS="444" WIDTH="97" HEIGHT="26" CONTENT="which" WC="0.69" CC="07205"/>
						<SP ID="P67_SP00013" HPOS="259" VPOS="470" WIDTH="14"/>
						<String ID="P67_ST00018" HPOS="273" VPOS="453" WIDTH="44" HEIGHT="18" CONTENT="we" WC="1.00" CC="00"/>
						<SP ID="P67_SP00014" HPOS="317" VPOS="471" WIDTH="22"/>
						<String ID="P67_ST00019" HPOS="339" VPOS="453" WIDTH="55" HEIGHT="18" CONTENT="can" WC="0.84" CC="004"/>
						<SP ID="P67_SP00015" HPOS="394" VPOS="471" WIDTH="22"/>
						<String ID="P67_ST00020" HPOS="416" VPOS="445" WIDTH="67" HEIGHT="35" CONTENT="give" WC="0.72" CC="0370"/>
						<SP ID="P67_SP00016" HPOS="483" VPOS="480" WIDTH="22"/>
						<String ID="P67_ST00021" HPOS="505" VPOS="455" WIDTH="38" HEIGHT="17" CONTENT="no" WC="0.82" CC="30"/>
						<SP ID="P67_SP00017" HPOS="543" VPOS="480" WIDTH="22"/>
						<String ID="P67_ST00022" HPOS="565" VPOS="455" WIDTH="104" HEIGHT="19" CONTENT="nearer" WC="0.98" CC="000000"/>
						<SP ID="P67_SP00018" HPOS="669" VPOS="480" WIDTH="19"/>
						<String ID="P67_ST00023" HPOS="688" VPOS="449" WIDTH="104" HEIGHT="27" CONTENT="notion" WC="0.85" CC="300400"/>
						<SP ID="P67_SP00019" HPOS="792" VPOS="480" WIDTH="20"/>
						<String ID="P67_ST00024" HPOS="812" VPOS="451" WIDTH="73" HEIGHT="26" CONTENT="than" WC="0.82" CC="0700"/>
						<SP ID="P67_SP00020" HPOS="885" VPOS="480" WIDTH="18"/>
						<String ID="P67_ST00025" HPOS="903" VPOS="452" WIDTH="41" HEIGHT="35" CONTENT="by" WC="1.00" CC="00"/>
						<SP ID="P67_SP00021" HPOS="944" VPOS="487" WIDTH="14"/>
						<String ID="P67_ST00026" HPOS="958" VPOS="452" WIDTH="113" HEIGHT="35" CONTENT="stating" WC="0.95" CC="0000210"/>
						<SP ID="P67_SP00022" HPOS="1071" VPOS="487" WIDTH="13"/>
						<String ID="P67_ST00027" HPOS="1084" VPOS="452" WIDTH="50" HEIGHT="26" CONTENT="the" WC="0.80" CC="060"/>
						<SP ID="P67_SP00023" HPOS="1134" VPOS="487" WIDTH="13"/>
						<String ID="P67_ST00028" HPOS="1147" VPOS="451" WIDTH="59" HEIGHT="26" CONTENT="fact" WC="1.00" CC="0000"/>
						<SP ID="P67_SP00024" HPOS="1206" VPOS="487" WIDTH="14"/>
						<String ID="P67_ST00029" HPOS="1220" VPOS="452" WIDTH="64" HEIGHT="26" CONTENT="that" WC="0.85" CC="0500"/>
						<SP ID="P67_SP00025" HPOS="1284" VPOS="487" WIDTH="16"/>
						<String ID="P67_ST00030" HPOS="1300" VPOS="461" WIDTH="17" HEIGHT="16" CONTENT="a" WC="0.20" CC="7"/>
					</TextLine>
					<TextLine ID="P67_TL00006" HPOS="163" VPOS="494" WIDTH="1154" HEIGHT="42">
						<String ID="P67_ST00031" HPOS="163" VPOS="494" WIDTH="122" HEIGHT="26" CONTENT="Roman" WC="0.98" CC="00000"/>
						<SP ID="P67_SP00026" HPOS="285" VPOS="520" WIDTH="22"/>
						<String ID="P67_ST00032" HPOS="307" VPOS="494" WIDTH="91" HEIGHT="35" CONTENT="sheep" WC="0.85" CC="07000"/>
						<SP ID="P67_SP00027" HPOS="398" VPOS="529" WIDTH="13"/>
						<String ID="P67_ST00033" HPOS="411" VPOS="504" WIDTH="63" HEIGHT="17" CONTENT="was" WC="1.00" CC="000"/>
						<SP ID="P67_SP00028" HPOS="474" VPOS="529" WIDTH="14"/>
						<String ID="P67_ST00034" HPOS="488" VPOS="497" WIDTH="95" HEIGHT="25" CONTENT="worth" WC="0.84" CC="00106"/>
						<SP ID="P67_SP00029" HPOS="583" VPOS="529" WIDTH="22"/>
						<String ID="P67_ST00035" HPOS="605" VPOS="498" WIDTH="90" HEIGHT="26" CONTENT="about" WC="0.87" CC="01023"/>
						<SP ID="P67_SP00030" HPOS="695" VPOS="529" WIDTH="21"/>
						<String ID="P67_ST00036" HPOS="716" VPOS="503" WIDTH="49" HEIGHT="22" CONTENT="ten" WC="1.00" CC="000"/>
						<SP ID="P67_SP00031" HPOS="765" VPOS="529" WIDTH="22"/>
						<String ID="P67_ST00037" HPOS="787" VPOS="500" WIDTH="146" HEIGHT="27" CONTENT="Etruscan" WC="0.96" CC="00300000"/>
						<SP ID="P67_SP00032" HPOS="933" VPOS="529" WIDTH="21"/>
						<String ID="P67_ST00038" HPOS="954" VPOS="510" WIDTH="91" HEIGHT="17" CONTENT="asses." WC="1.00" CC="000000"/>
						<SP ID="P67_SP00033" HPOS="1045" VPOS="529" WIDTH="39"/>
						<String ID="P67_ST00039" HPOS="1084" VPOS="502" WIDTH="44" HEIGHT="25" CONTENT="To" WC="1.00" CC="00"/>
						<SP ID="P67_SP00034" HPOS="1128" VPOS="529" WIDTH="14"/>
						<String ID="P67_ST00040" HPOS="1142" VPOS="502" WIDTH="50" HEIGHT="26" CONTENT="the" WC="0.87" CC="030"/>
						<SP ID="P67_SP00035" HPOS="1192" VPOS="529" WIDTH="20"/>
						<String ID="P67_ST00041" HPOS="1212" VPOS="510" WIDTH="105" HEIGHT="26" CONTENT="poorer" WC="0.93" CC="000201"/>
					</TextLine>
					<TextLine ID="P67_TL00007" HPOS="163" VPOS="543" WIDTH="1156" HEIGHT="43">
						<String ID="P67_ST00042" HPOS="163" VPOS="543" WIDTH="111" HEIGHT="28" CONTENT="classes" WC="0.97" CC="0020000"/>
						<SP ID="P67_SP00036" HPOS="274" VPOS="571" WIDTH="15"/>
						<String ID="P67_ST00043" HPOS="289" VPOS="544" WIDTH="84" HEIGHT="27" CONTENT="these" WC="0.92" CC="03000"/>
						<SP ID="P67_SP00037" HPOS="373" VPOS="571" WIDTH="19"/>
						<String ID="P67_ST00044" HPOS="392" VPOS="545" WIDTH="83" HEIGHT="26" CONTENT="coins" WC="0.86" CC="00510"/>
						<SP ID="P67_SP00038" HPOS="475" VPOS="571" WIDTH="20"/>
						<String ID="P67_ST00045" HPOS="495" VPOS="546" WIDTH="87" HEIGHT="26" CONTENT="could" WC="1.00" CC="00000"/>
						<SP ID="P67_SP00039" HPOS="582" VPOS="572" WIDTH="20"/>
						<String ID="P67_ST00046" HPOS="602" VPOS="547" WIDTH="77" HEIGHT="26" CONTENT="have" WC="0.83" CC="6000"/>
						<SP ID="P67_SP00040" HPOS="679" VPOS="573" WIDTH="20"/>
						<String ID="P67_ST00047" HPOS="699" VPOS="549" WIDTH="76" HEIGHT="26" CONTENT="been" WC="0.93" CC="0002"/>
						<SP ID="P67_SP00041" HPOS="775" VPOS="575" WIDTH="20"/>
						<String ID="P67_ST00048" HPOS="795" VPOS="549" WIDTH="33" HEIGHT="27" CONTENT="of" WC="1.00" CC="00"/>
						<SP ID="P67_SP00042" HPOS="828" VPOS="576" WIDTH="15"/>
						<String ID="P67_ST00049" HPOS="843" VPOS="550" WIDTH="76" HEIGHT="26" CONTENT="little" WC="0.93" CC="000030"/>
						<SP ID="P67_SP00043" HPOS="919" VPOS="576" WIDTH="22"/>
						<String ID="P67_ST00050" HPOS="941" VPOS="551" WIDTH="119" HEIGHT="32" CONTENT="service," WC="0.89" CC="00104200"/>
						<SP ID="P67_SP00044" HPOS="1060" VPOS="583" WIDTH="17"/>
						<String ID="P67_ST00051" HPOS="1077" VPOS="552" WIDTH="58" HEIGHT="25" CONTENT="and" WC="1.00" CC="000"/>
						<SP ID="P67_SP00045" HPOS="1135" VPOS="583" WIDTH="20"/>
						<String ID="P67_ST00052" HPOS="1155" VPOS="552" WIDTH="40" HEIGHT="34" CONTENT="by" WC="1.00" CC="00"/>
						<SP ID="P67_SP00046" HPOS="1195" VPOS="586" WIDTH="13"/>
						<String ID="P67_ST00053" HPOS="1208" VPOS="560" WIDTH="66" HEIGHT="26" CONTENT="way" WC="1.00" CC="000"/>
						<SP ID="P67_SP00047" HPOS="1274" VPOS="586" WIDTH="15"/>
						<String ID="P67_ST00054" HPOS="1289" VPOS="551" WIDTH="30" HEIGHT="26" CONTENT="of" WC="1.00" CC="00"/>
					</TextLine>
					<TextLine ID="P67_TL00008" HPOS="163" VPOS="594" WIDTH="1154" HEIGHT="38">
						<String ID="P67_ST00055" HPOS="163" VPOS="594" WIDTH="89" HEIGHT="26" CONTENT="small" WC="0.91" CC="00040"/>
						<SP ID="P67_SP00048" HPOS="252" VPOS="620" WIDTH="21"/>
						<String ID="P67_ST00056" HPOS="273" VPOS="594" WIDTH="117" HEIGHT="35" CONTENT="change" WC="0.91" CC="050000"/>
						<SP ID="P67_SP00049" HPOS="390" VPOS="629" WIDTH="24"/>
						<String ID="P67_ST00057" HPOS="414" VPOS="595" WIDTH="70" HEIGHT="35" CONTENT="they" WC="0.93" CC="0200"/>
						<SP ID="P67_SP00050" HPOS="484" VPOS="630" WIDTH="14"/>
						<String ID="P67_ST00058" HPOS="498" VPOS="604" WIDTH="77" HEIGHT="17" CONTENT="were" WC="0.93" CC="0020"/>
						<SP ID="P67_SP00051" HPOS="575" VPOS="630" WIDTH="24"/>
						<String ID="P67_ST00059" HPOS="599" VPOS="597" WIDTH="158" HEIGHT="34" CONTENT="permitted" WC="0.96" CC="000030000"/>
						<SP ID="P67_SP00052" HPOS="757" VPOS="631" WIDTH="23"/>
						<String ID="P67_ST00060" HPOS="780" VPOS="603" WIDTH="29" HEIGHT="22" CONTENT="to" WC="1.00" CC="00"/>
						<SP ID="P67_SP00053" HPOS="809" VPOS="631" WIDTH="21"/>
						<String ID="P67_ST00061" HPOS="830" VPOS="609" WIDTH="51" HEIGHT="17" CONTENT="use" WC="1.00" CC="000"/>
						<SP ID="P67_SP00054" HPOS="881" VPOS="631" WIDTH="22"/>
						<String ID="P67_ST00062" HPOS="903" VPOS="601" WIDTH="99" HEIGHT="31" CONTENT="shells," WC="0.87" CC="0602000"/>
						<SP ID="P67_SP00055" HPOS="1002" VPOS="632" WIDTH="15"/>
						<String ID="P67_ST00063" HPOS="1017" VPOS="601" WIDTH="73" HEIGHT="25" CONTENT="from" WC="1.00" CC="0000"/>
						<SP ID="P67_SP00056" HPOS="1090" VPOS="632" WIDTH="15"/>
						<String ID="P67_ST00064" HPOS="1105" VPOS="601" WIDTH="96" HEIGHT="26" CONTENT="which" WC="0.51" CC="95601"/>
						<SP ID="P67_SP00057" HPOS="1201" VPOS="632" WIDTH="14"/>
						<String ID="P67_ST00065" HPOS="1215" VPOS="610" WIDTH="43" HEIGHT="17" CONTENT="we" WC="1.00" CC="00"/>
						<SP ID="P67_SP00058" HPOS="1258" VPOS="632" WIDTH="20"/>
						<String ID="P67_ST00066" HPOS="1278" VPOS="610" WIDTH="39" HEIGHT="17" CONTENT="no" WC="0.68" CC="60"/>
					</TextLine>
					<TextLine ID="P67_TL00009" HPOS="163" VPOS="643" WIDTH="1154" HEIGHT="42">
						<String ID="P67_ST00067" HPOS="163" VPOS="643" WIDTH="94" HEIGHT="27" CONTENT="doubt" WC="0.96" CC="00100"/>
						<SP ID="P67_SP00059" HPOS="257" VPOS="670" WIDTH="14"/>
						<String ID="P67_ST00068" HPOS="271" VPOS="648" WIDTH="51" HEIGHT="31" CONTENT="get" WC="1.00" CC="000"/>
						<SP ID="P67_SP00060" HPOS="322" VPOS="679" WIDTH="14"/>
						<String ID="P67_ST00069" HPOS="336" VPOS="644" WIDTH="51" HEIGHT="26" CONTENT="the" WC="0.86" CC="040"/>
						<SP ID="P67_SP00061" HPOS="387" VPOS="679" WIDTH="19"/>
						<String ID="P67_ST00070" HPOS="406" VPOS="644" WIDTH="108" HEIGHT="34" CONTENT="phrase" WC="0.90" CC="050000"/>
						<SP ID="P67_SP00062" HPOS="514" VPOS="679" WIDTH="21"/>
						<String ID="P67_ST00071" HPOS="535" VPOS="644" WIDTH="33" HEIGHT="26" CONTENT="of" WC="1.00" CC="00"/>
						<SP ID="P67_SP00063" HPOS="568" VPOS="679" WIDTH="17"/>
						<String ID="P67_ST00072" HPOS="585" VPOS="648" WIDTH="16" HEIGHT="11" CONTENT='"' WC="0.59" CC="4"/>
						<SP ID="P67_SP00064" HPOS="601" VPOS="679" WIDTH="13"/>
						<String ID="P67_ST00073" HPOS="614" VPOS="646" WIDTH="131" HEIGHT="35" CONTENT="shelling" WC="0.70" CC="06000079"/>
						<SP ID="P67_SP00065" HPOS="745" VPOS="681" WIDTH="20"/>
						<String ID="P67_ST00074" HPOS="765" VPOS="649" WIDTH="78" HEIGHT="31" CONTENT='out,"' WC="0.81" CC="03005"/>
						<SP ID="P67_SP00066" HPOS="843" VPOS="681" WIDTH="23"/>
						<String ID="P67_ST00075" HPOS="866" VPOS="658" WIDTH="17" HEIGHT="17" CONTENT="a" WC="1.00" CC="0"/>
						<SP ID="P67_SP00067" HPOS="883" VPOS="681" WIDTH="21"/>
						<String ID="P67_ST00076" HPOS="904" VPOS="650" WIDTH="103" HEIGHT="33" CONTENT="quaint" WC="1.00" CC="000000"/>
						<SP ID="P67_SP00068" HPOS="1007" VPOS="683" WIDTH="23"/>
						<String ID="P67_ST00077" HPOS="1030" VPOS="650" WIDTH="171" HEIGHT="35" CONTENT="expression" WC="0.88" CC="0902000000"/>
						<SP ID="P67_SP00069" HPOS="1201" VPOS="685" WIDTH="22"/>
						<String ID="P67_ST00078" HPOS="1223" VPOS="659" WIDTH="94" HEIGHT="17" CONTENT="some" SUBS_TYPE="HypPart1" SUBS_CONTENT="sometimes" WC="0.98" CC="00010"/>
						<HYP CONTENT="-"/>
					</TextLine>
					<TextLine ID="P67_TL00010" HPOS="165" VPOS="692" WIDTH="1152" HEIGHT="41">
						<String ID="P67_ST00079" HPOS="165" VPOS="692" WIDTH="87" HEIGHT="26" CONTENT="times" SUBS_TYPE="HypPart2" SUBS_CONTENT="sometimes" WC="0.89" CC="02200"/>
						<SP ID="P67_SP00070" HPOS="252" VPOS="718" WIDTH="15"/>
						<String ID="P67_ST00080" HPOS="267" VPOS="693" WIDTH="73" HEIGHT="26" CONTENT="used" WC="1.00" CC="0000"/>
						<SP ID="P67_SP00071" HPOS="340" VPOS="719" WIDTH="15"/>
						<String ID="P67_ST00081" HPOS="355" VPOS="697" WIDTH="30" HEIGHT="23" CONTENT="to" WC="1.00" CC="00"/>
						<SP ID="P67_SP00072" HPOS="385" VPOS="720" WIDTH="15"/>
						<String ID="P67_ST00082" HPOS="400" VPOS="693" WIDTH="136" HEIGHT="27" CONTENT="describe" WC="1.00" CC="00000000"/>
						<SP ID="P67_SP00073" HPOS="536" VPOS="720" WIDTH="13"/>
						<String ID="P67_ST00083" HPOS="549" VPOS="694" WIDTH="51" HEIGHT="26" CONTENT="the" WC="0.80" CC="060"/>
						<SP ID="P67_SP00074" HPOS="600" VPOS="720" WIDTH="21"/>
						<String ID="P67_ST00084" HPOS="621" VPOS="703" WIDTH="119" HEIGHT="25" CONTENT="process" WC="0.94" CC="0003000"/>
						<SP ID="P67_SP00075" HPOS="740" VPOS="728" WIDTH="15"/>
						<String ID="P67_ST00085" HPOS="755" VPOS="697" WIDTH="32" HEIGHT="25" CONTENT="of" WC="1.00" CC="00"/>
						<SP ID="P67_SP00076" HPOS="787" VPOS="728" WIDTH="16"/>
						<String ID="P67_ST00086" HPOS="803" VPOS="698" WIDTH="122" HEIGHT="34" CONTENT="paying." WC="0.87" CC="0002600"/>
						<SP ID="P67_SP00077" HPOS="925" VPOS="732" WIDTH="41"/>
						<String ID="P67_ST00087" HPOS="966" VPOS="699" WIDTH="35" HEIGHT="26" CONTENT="In" WC="0.76" CC="04"/>
						<SP ID="P67_SP00078" HPOS="1001" VPOS="732" WIDTH="22"/>
						<String ID="P67_ST00088" HPOS="1023" VPOS="708" WIDTH="80" HEIGHT="17" CONTENT="some" WC="0.92" CC="0030"/>
						<SP ID="P67_SP00079" HPOS="1103" VPOS="732" WIDTH="21"/>
						<String ID="P67_ST00089" HPOS="1124" VPOS="703" WIDTH="81" HEIGHT="30" CONTENT="parts" WC="1.00" CC="00000"/>
						<SP ID="P67_SP00080" HPOS="1205" VPOS="733" WIDTH="15"/>
						<String ID="P67_ST00090" HPOS="1220" VPOS="699" WIDTH="32" HEIGHT="26" CONTENT="of" WC="0.95" CC="01"/>
						<SP ID="P67_SP00081" HPOS="1252" VPOS="733" WIDTH="16"/>
						<String ID="P67_ST00091" HPOS="1268" VPOS="700" WIDTH="49" HEIGHT="26" CONTENT="the" WC="0.82" CC="050"/>
					</TextLine>
					<TextLine ID="P67_TL00011" HPOS="165" VPOS="742" WIDTH="1152" HEIGHT="40">
						<String ID="P67_ST00092" HPOS="165" VPOS="742" WIDTH="93" HEIGHT="26" CONTENT="world" WC="0.93" CC="00030"/>
						<SP ID="P67_SP00082" HPOS="258" VPOS="768" WIDTH="15"/>
						<String ID="P67_ST00093" HPOS="273" VPOS="742" WIDTH="91" HEIGHT="27" CONTENT="shells" WC="0.91" CC="050000"/>
						<SP ID="P67_SP00083" HPOS="364" VPOS="769" WIDTH="15"/>
						<String ID="P67_ST00094" HPOS="379" VPOS="751" WIDTH="49" HEIGHT="18" CONTENT="are" WC="1.00" CC="000"/>
						<SP ID="P67_SP00084" HPOS="428" VPOS="769" WIDTH="16"/>
						<String ID="P67_ST00095" HPOS="444" VPOS="742" WIDTH="61" HEIGHT="27" CONTENT="still" WC="0.92" CC="00300"/>
						<SP ID="P67_SP00085" HPOS="505" VPOS="769" WIDTH="15"/>
						<String ID="P67_ST00096" HPOS="520" VPOS="748" WIDTH="117" HEIGHT="22" CONTENT="current" WC="1.00" CC="0000000"/>
						<SP ID="P67_SP00086" HPOS="637" VPOS="770" WIDTH="15"/>
						<String ID="P67_ST00097" HPOS="652" VPOS="753" WIDTH="32" HEIGHT="17" CONTENT="as" WC="0.68" CC="06"/>
						<SP ID="P67_SP00087" HPOS="684" VPOS="770" WIDTH="15"/>
						<String ID="P67_ST00098" HPOS="699" VPOS="746" WIDTH="80" HEIGHT="32" CONTENT="cash," WC="0.96" CC="00002"/>
						<SP ID="P67_SP00088" HPOS="779" VPOS="778" WIDTH="16"/>
						<String ID="P67_ST00099" HPOS="795" VPOS="748" WIDTH="58" HEIGHT="24" CONTENT="and" WC="1.00" CC="000"/>
						<SP ID="P67_SP00089" HPOS="853" VPOS="778" WIDTH="16"/>
						<String ID="P67_ST00100" HPOS="869" VPOS="756" WIDTH="72" HEIGHT="17" CONTENT="even" WC="0.96" CC="0001"/>
						<SP ID="P67_SP00090" HPOS="941" VPOS="778" WIDTH="22"/>
						<String ID="P67_ST00101" HPOS="963" VPOS="757" WIDTH="111" HEIGHT="25" CONTENT="among" WC="1.00" CC="00000"/>
						<SP ID="P67_SP00091" HPOS="1074" VPOS="782" WIDTH="20"/>
						<String ID="P67_ST00102" HPOS="1094" VPOS="748" WIDTH="148" HEIGHT="27" CONTENT="ourselves" WC="0.86" CC="045002000"/>
						<SP ID="P67_SP00092" HPOS="1242" VPOS="782" WIDTH="20"/>
						<String ID="P67_ST00103" HPOS="1262" VPOS="748" WIDTH="55" HEIGHT="26" CONTENT="fish" WC="0.85" CC="1102"/>
					</TextLine>
					<TextLine ID="P67_TL00012" HPOS="166" VPOS="792" WIDTH="1151" HEIGHT="40">
						<String ID="P67_ST00104" HPOS="166" VPOS="800" WIDTH="50" HEIGHT="17" CONTENT="are" WC="1.00" CC="000"/>
						<SP ID="P67_SP00093" HPOS="216" VPOS="817" WIDTH="14"/>
						<String ID="P67_ST00105" HPOS="230" VPOS="792" WIDTH="158" HEIGHT="34" CONTENT="employed" WC="1.00" CC="00000000"/>
						<SP ID="P67_SP00094" HPOS="388" VPOS="826" WIDTH="15"/>
						<String ID="P67_ST00106" HPOS="403" VPOS="797" WIDTH="30" HEIGHT="21" CONTENT="at" WC="1.00" CC="00"/>
						<SP ID="P67_SP00095" HPOS="433" VPOS="826" WIDTH="14"/>
						<String ID="P67_ST00107" HPOS="447" VPOS="792" WIDTH="86" HEIGHT="26" CONTENT="cards" WC="0.88" CC="00204"/>
						<SP ID="P67_SP00096" HPOS="533" VPOS="826" WIDTH="21"/>
						<String ID="P67_ST00108" HPOS="554" VPOS="801" WIDTH="33" HEIGHT="17" CONTENT="as" WC="1.00" CC="00"/>
						<SP ID="P67_SP00097" HPOS="587" VPOS="826" WIDTH="21"/>
						<String ID="P67_ST00109" HPOS="608" VPOS="793" WIDTH="50" HEIGHT="26" CONTENT="the" WC="0.82" CC="050"/>
						<SP ID="P67_SP00098" HPOS="658" VPOS="826" WIDTH="20"/>
						<String ID="P67_ST00110" HPOS="678" VPOS="796" WIDTH="248" HEIGHT="33" CONTENT="representatives" WC="0.86" CC="209000000503000"/>
						<SP ID="P67_SP00099" HPOS="926" VPOS="829" WIDTH="15"/>
						<String ID="P67_ST00111" HPOS="941" VPOS="797" WIDTH="34" HEIGHT="26" CONTENT="of" WC="0.81" CC="03"/>
						<SP ID="P67_SP00100" HPOS="975" VPOS="829" WIDTH="15"/>
						<String ID="P67_ST00112" HPOS="990" VPOS="806" WIDTH="115" HEIGHT="26" CONTENT="money." WC="0.82" CC="300600"/>
						<SP ID="P67_SP00101" HPOS="1105" VPOS="832" WIDTH="40"/>
						<String ID="P67_ST00113" HPOS="1145" VPOS="798" WIDTH="128" HEIGHT="34" CONTENT="Though" WC="0.65" CC="760007"/>
						<SP ID="P67_SP00102" HPOS="1273" VPOS="832" WIDTH="15"/>
						<String ID="P67_ST00114" HPOS="1288" VPOS="797" WIDTH="29" HEIGHT="26" CONTENT="in" WC="0.52" CC="36"/>
					</TextLine>
					<TextLine ID="P67_TL00013" HPOS="165" VPOS="842" WIDTH="1152" HEIGHT="37">
						<String ID="P67_ST00115" HPOS="165" VPOS="842" WIDTH="141" HEIGHT="34" CONTENT="ordinary" WC="0.92" CC="00060000"/>
						<SP ID="P67_SP00103" HPOS="306" VPOS="876" WIDTH="14"/>
						<String ID="P67_ST00116" HPOS="320" VPOS="851" WIDTH="52" HEIGHT="17" CONTENT="use" WC="0.78" CC="600"/>
						<SP ID="P67_SP00104" HPOS="372" VPOS="876" WIDTH="18"/>
						<String ID="P67_ST00117" HPOS="390" VPOS="842" WIDTH="44" HEIGHT="26" CONTENT="for" WC="0.92" CC="101"/>
						<SP ID="P67_SP00105" HPOS="434" VPOS="876" WIDTH="21"/>
						<String ID="P67_ST00118" HPOS="455" VPOS="842" WIDTH="50" HEIGHT="26" CONTENT="the" WC="0.78" CC="060"/>
						<SP ID="P67_SP00106" HPOS="505" VPOS="876" WIDTH="21"/>
						<String ID="P67_ST00119" HPOS="526" VPOS="843" WIDTH="121" HEIGHT="26" CONTENT="smaller" WC="0.94" CC="0000400"/>
						<SP ID="P67_SP00107" HPOS="647" VPOS="876" WIDTH="19"/>
						<String ID="P67_ST00120" HPOS="666" VPOS="853" WIDTH="143" HEIGHT="25" CONTENT="purposes" WC="1.00" CC="00000000"/>
						<SP ID="P67_SP00108" HPOS="809" VPOS="878" WIDTH="22"/>
						<String ID="P67_ST00121" HPOS="831" VPOS="845" WIDTH="32" HEIGHT="26" CONTENT="of" WC="1.00" CC="00"/>
						<SP ID="P67_SP00109" HPOS="863" VPOS="878" WIDTH="16"/>
						<String ID="P67_ST00122" HPOS="879" VPOS="854" WIDTH="172" HEIGHT="25" CONTENT="commerce," WC="1.00" CC="000000000"/>
						<SP ID="P67_SP00110" HPOS="1051" VPOS="879" WIDTH="16"/>
						<String ID="P67_ST00123" HPOS="1067" VPOS="847" WIDTH="90" HEIGHT="26" CONTENT="shells" WC="0.90" CC="050000"/>
						<SP ID="P67_SP00111" HPOS="1157" VPOS="879" WIDTH="13"/>
						<String ID="P67_ST00124" HPOS="1170" VPOS="856" WIDTH="76" HEIGHT="17" CONTENT="were" WC="1.00" CC="0000"/>
						<SP ID="P67_SP00112" HPOS="1246" VPOS="879" WIDTH="21"/>
						<String ID="P67_ST00125" HPOS="1267" VPOS="851" WIDTH="50" HEIGHT="22" CONTENT="not" WC="0.76" CC="510"/>
					</TextLine>
					<TextLine ID="P67_TL00014" HPOS="166" VPOS="891" WIDTH="1152" HEIGHT="40">
						<String ID="P67_ST00126" HPOS="166" VPOS="892" WIDTH="166" HEIGHT="26" CONTENT="receivable" WC="0.98" CC="2000000000"/>
						<SP ID="P67_SP00113" HPOS="332" VPOS="918" WIDTH="23"/>
						<String ID="P67_ST00127" HPOS="355" VPOS="901" WIDTH="33" HEIGHT="17" CONTENT="as" WC="1.00" CC="00"/>
						<SP ID="P67_SP00114" HPOS="388" VPOS="918" WIDTH="20"/>
						<String ID="P67_ST00128" HPOS="408" VPOS="896" WIDTH="95" HEIGHT="28" CONTENT="taxes," WC="0.83" CC="009000"/>
						<SP ID="P67_SP00115" HPOS="503" VPOS="924" WIDTH="16"/>
						<String ID="P67_ST00129" HPOS="519" VPOS="891" WIDTH="44" HEIGHT="27" CONTENT="for" WC="0.76" CC="402"/>
						<SP ID="P67_SP00116" HPOS="563" VPOS="924" WIDTH="13"/>
						<String ID="P67_ST00130" HPOS="576" VPOS="893" WIDTH="86" HEIGHT="26" CONTENT="when" WC="0.83" CC="0600"/>
						<SP ID="P67_SP00117" HPOS="662" VPOS="924" WIDTH="24"/>
						<String ID="P67_ST00131" HPOS="686" VPOS="894" WIDTH="50" HEIGHT="26" CONTENT="the" WC="0.81" CC="050"/>
						<SP ID="P67_SP00118" HPOS="736" VPOS="924" WIDTH="24"/>
						<String ID="P67_ST00132" HPOS="760" VPOS="894" WIDTH="203" HEIGHT="29" CONTENT="Government" WC="0.88" CC="6010300000"/>
						<SP ID="P67_SP00119" HPOS="963" VPOS="924" WIDTH="23"/>
						<String ID="P67_ST00133" HPOS="986" VPOS="897" WIDTH="135" HEIGHT="34" CONTENT="required" WC="0.88" CC="30020300"/>
						<SP ID="P67_SP00120" HPOS="1121" VPOS="931" WIDTH="24"/>
						<String ID="P67_ST00134" HPOS="1145" VPOS="897" WIDTH="49" HEIGHT="26" CONTENT="the" WC="0.84" CC="040"/>
						<SP ID="P67_SP00121" HPOS="1194" VPOS="931" WIDTH="18"/>
						<String ID="P67_ST00135" HPOS="1212" VPOS="897" WIDTH="106" HEIGHT="26" CONTENT="sinews" WC="0.89" CC="060000"/>
					</TextLine>
					<TextLine ID="P67_TL00015" HPOS="167" VPOS="941" WIDTH="1152" HEIGHT="40">
						<String ID="P67_ST00136" HPOS="167" VPOS="941" WIDTH="33" HEIGHT="28" CONTENT="of" WC="0.96" CC="00"/>
						<SP ID="P67_SP00122" HPOS="200" VPOS="969" WIDTH="8"/>
						<String ID="P67_ST00137" HPOS="208" VPOS="951" WIDTH="62" HEIGHT="18" CONTENT="war" WC="1.00" CC="000"/>
						<SP ID="P67_SP00123" HPOS="270" VPOS="969" WIDTH="20"/>
						<String ID="P67_ST00138" HPOS="290" VPOS="942" WIDTH="22" HEIGHT="26" CONTENT="it" WC="0.84" CC="30"/>
						<SP ID="P67_SP00124" HPOS="312" VPOS="969" WIDTH="16"/>
						<String ID="P67_ST00139" HPOS="328" VPOS="942" WIDTH="97" HEIGHT="27" CONTENT="would" WC="0.97" CC="00100"/>
						<SP ID="P67_SP00125" HPOS="425" VPOS="969" WIDTH="25"/>
						<String ID="P67_ST00140" HPOS="450" VPOS="946" WIDTH="50" HEIGHT="22" CONTENT="not" WC="1.00" CC="000"/>
						<SP ID="P67_SP00126" HPOS="500" VPOS="969" WIDTH="22"/>
						<String ID="P67_ST00141" HPOS="522" VPOS="942" WIDTH="76" HEIGHT="27" CONTENT="have" WC="0.69" CC="6500"/>
						<SP ID="P67_SP00127" HPOS="598" VPOS="969" WIDTH="23"/>
						<String ID="P67_ST00142" HPOS="621" VPOS="943" WIDTH="76" HEIGHT="26" CONTENT="been" WC="0.83" CC="0006"/>
						<SP ID="P67_SP00128" HPOS="697" VPOS="969" WIDTH="21"/>
						<String ID="P67_ST00143" HPOS="718" VPOS="944" WIDTH="131" HEIGHT="27" CONTENT="satisfied" WC="0.92" CC="001600000"/>
						<SP ID="P67_SP00129" HPOS="849" VPOS="971" WIDTH="15"/>
						<String ID="P67_ST00144" HPOS="864" VPOS="946" WIDTH="72" HEIGHT="26" CONTENT="with" WC="0.49" CC="9415"/>
						<SP ID="P67_SP00130" HPOS="936" VPOS="972" WIDTH="22"/>
						<String ID="P67_ST00145" HPOS="958" VPOS="946" WIDTH="125" HEIGHT="27" CONTENT="mussels" WC="0.65" CC="0490054"/>
						<SP ID="P67_SP00131" HPOS="1083" VPOS="973" WIDTH="22"/>
						<String ID="P67_ST00146" HPOS="1105" VPOS="955" WIDTH="32" HEIGHT="17" CONTENT="or" WC="0.70" CC="06"/>
						<SP ID="P67_SP00132" HPOS="1137" VPOS="973" WIDTH="22"/>
						<String ID="P67_ST00147" HPOS="1159" VPOS="955" WIDTH="58" HEIGHT="26" CONTENT="any" WC="0.94" CC="010"/>
						<SP ID="P67_SP00133" HPOS="1217" VPOS="981" WIDTH="18"/>
						<String ID="P67_ST00148" HPOS="1235" VPOS="946" WIDTH="84" HEIGHT="27" CONTENT="other" WC="0.86" CC="00700"/>
					</TextLine>
					<TextLine ID="P67_TL00016" HPOS="168" VPOS="992" WIDTH="294" HEIGHT="26">
						<String ID="P67_ST00149" HPOS="168" VPOS="993" WIDTH="112" HEIGHT="25" CONTENT="similar" WC="0.86" CC="0600003"/>
						<SP ID="P67_SP00134" HPOS="280" VPOS="1018" WIDTH="15"/>
						<String ID="P67_ST00150" HPOS="295" VPOS="992" WIDTH="167" HEIGHT="26" CONTENT="substitute." WC="0.89" CC="00006410000"/>
					</TextLine>
				</TextBlock>
				<TextBlock ID="P67_TB00005" HPOS="167" VPOS="1067" WIDTH="1155" HEIGHT="281" STYLEREFS="TXT_1 PAR_LEFT">
					<TextLine ID="P67_TL00017" HPOS="222" VPOS="1068" WIDTH="1095" HEIGHT="35">
						<String ID="P67_ST00151" HPOS="222" VPOS="1068" WIDTH="63" HEIGHT="26" CONTENT="The" WC="1.00" CC="000"/>
						<SP ID="P67_SP00135" HPOS="285" VPOS="1094" WIDTH="18"/>
						<String ID="P67_ST00152" HPOS="303" VPOS="1068" WIDTH="122" HEIGHT="26" CONTENT="Roman" WC="0.91" CC="00004"/>
						<SP ID="P67_SP00136" HPOS="425" VPOS="1094" WIDTH="14"/>
						<String ID="P67_ST00153" HPOS="439" VPOS="1068" WIDTH="44" HEIGHT="26" CONTENT="As" WC="1.00" CC="00"/>
						<SP ID="P67_SP00137" HPOS="483" VPOS="1094" WIDTH="17"/>
						<String ID="P67_ST00154" HPOS="500" VPOS="1076" WIDTH="60" HEIGHT="18" CONTENT="was" WC="0.74" CC="070"/>
						<SP ID="P67_SP00138" HPOS="560" VPOS="1094" WIDTH="22"/>
						<String ID="P67_ST00155" HPOS="582" VPOS="1068" WIDTH="32" HEIGHT="25" CONTENT="of" WC="1.00" CC="00"/>
						<SP ID="P67_SP00139" HPOS="614" VPOS="1094" WIDTH="15"/>
						<String ID="P67_ST00156" HPOS="629" VPOS="1068" WIDTH="108" HEIGHT="26" CONTENT="bronze" WC="0.84" CC="420020"/>
						<SP ID="P67_SP00140" HPOS="737" VPOS="1094" WIDTH="22"/>
						<String ID="P67_ST00157" HPOS="759" VPOS="1069" WIDTH="58" HEIGHT="26" CONTENT="and" WC="0.84" CC="400"/>
						<SP ID="P67_SP00141" HPOS="817" VPOS="1095" WIDTH="21"/>
						<String ID="P67_ST00158" HPOS="838" VPOS="1070" WIDTH="136" HEIGHT="33" CONTENT="stamped" WC="1.00" CC="0000000"/>
						<SP ID="P67_SP00142" HPOS="974" VPOS="1103" WIDTH="21"/>
						<String ID="P67_ST00159" HPOS="995" VPOS="1078" WIDTH="37" HEIGHT="18" CONTENT="on" WC="1.00" CC="00"/>
						<SP ID="P67_SP00143" HPOS="1032" VPOS="1103" WIDTH="24"/>
						<String ID="P67_ST00160" HPOS="1056" VPOS="1078" WIDTH="56" HEIGHT="18" CONTENT="one" WC="0.95" CC="000"/>
						<SP ID="P67_SP00144" HPOS="1112" VPOS="1103" WIDTH="22"/>
						<String ID="P67_ST00161" HPOS="1134" VPOS="1069" WIDTH="61" HEIGHT="27" CONTENT="side" WC="0.90" CC="0400"/>
						<SP ID="P67_SP00145" HPOS="1195" VPOS="1103" WIDTH="14"/>
						<String ID="P67_ST00162" HPOS="1209" VPOS="1069" WIDTH="71" HEIGHT="27" CONTENT="with" WC="0.81" CC="0007"/>
						<SP ID="P67_SP00146" HPOS="1280" VPOS="1103" WIDTH="20"/>
						<String ID="P67_ST00163" HPOS="1300" VPOS="1078" WIDTH="17" HEIGHT="17" CONTENT="a" WC="0.53" CC="4"/>
					</TextLine>
					<TextLine ID="P67_TL00018" HPOS="168" VPOS="1117" WIDTH="1151" HEIGHT="35">
						<String ID="P67_ST00164" HPOS="168" VPOS="1117" WIDTH="125" HEIGHT="34" CONTENT="portrait" WC="0.86" CC="00600040"/>
						<SP ID="P67_SP00147" HPOS="293" VPOS="1151" WIDTH="20"/>
						<String ID="P67_ST00165" HPOS="313" VPOS="1117" WIDTH="33" HEIGHT="26" CONTENT="of" WC="1.00" CC="00"/>
						<SP ID="P67_SP00148" HPOS="346" VPOS="1151" WIDTH="16"/>
						<String ID="P67_ST00166" HPOS="362" VPOS="1118" WIDTH="103" HEIGHT="33" CONTENT="Janus," WC="0.94" CC="000300"/>
						<SP ID="P67_SP00149" HPOS="465" VPOS="1151" WIDTH="15"/>
						<String ID="P67_ST00167" HPOS="480" VPOS="1118" WIDTH="100" HEIGHT="26" CONTENT="whose" WC="0.85" CC="07000"/>
						<SP ID="P67_SP00150" HPOS="580" VPOS="1151" WIDTH="24"/>
						<String ID="P67_ST00168" HPOS="604" VPOS="1122" WIDTH="59" HEIGHT="22" CONTENT="two" WC="0.67" CC="090"/>
						<SP ID="P67_SP00151" HPOS="663" VPOS="1151" WIDTH="21"/>
						<String ID="P67_ST00169" HPOS="684" VPOS="1118" WIDTH="92" HEIGHT="25" CONTENT="heads" WC="0.77" CC="46000"/>
						<SP ID="P67_SP00152" HPOS="776" VPOS="1151" WIDTH="14"/>
						<String ID="P67_ST00170" HPOS="790" VPOS="1126" WIDTH="44" HEIGHT="18" CONTENT="we" WC="1.00" CC="00"/>
						<SP ID="P67_SP00153" HPOS="834" VPOS="1151" WIDTH="21"/>
						<String ID="P67_ST00171" HPOS="855" VPOS="1126" WIDTH="89" HEIGHT="18" CONTENT="never" WC="1.00" CC="00000"/>
						<SP ID="P67_SP00154" HPOS="944" VPOS="1151" WIDTH="22"/>
						<String ID="P67_ST00172" HPOS="966" VPOS="1118" WIDTH="127" HEIGHT="34" CONTENT="thought" WC="0.76" CC="0406050"/>
						<SP ID="P67_SP00155" HPOS="1093" VPOS="1152" WIDTH="23"/>
						<String ID="P67_ST00173" HPOS="1116" VPOS="1118" WIDTH="86" HEIGHT="26" CONTENT="much" WC="0.83" CC="0006"/>
						<SP ID="P67_SP00156" HPOS="1202" VPOS="1152" WIDTH="21"/>
						<String ID="P67_ST00174" HPOS="1223" VPOS="1118" WIDTH="96" HEIGHT="26" CONTENT="better" WC="0.99" CC="000000"/>
					</TextLine>
					<TextLine ID="P67_TL00019" HPOS="168" VPOS="1167" WIDTH="1149" HEIGHT="34">
						<String ID="P67_ST00175" HPOS="168" VPOS="1167" WIDTH="72" HEIGHT="25" CONTENT="than" WC="0.70" CC="0704"/>
						<SP ID="P67_SP00157" HPOS="240" VPOS="1192" WIDTH="22"/>
						<String ID="P67_ST00176" HPOS="262" VPOS="1175" WIDTH="66" HEIGHT="24" CONTENT="one," WC="0.91" CC="0300"/>
						<SP ID="P67_SP00158" HPOS="328" VPOS="1199" WIDTH="16"/>
						<String ID="P67_ST00177" HPOS="344" VPOS="1167" WIDTH="116" HEIGHT="33" CONTENT="though" WC="0.72" CC="050505"/>
						<SP ID="P67_SP00159" HPOS="460" VPOS="1200" WIDTH="20"/>
						<String ID="P67_ST00178" HPOS="480" VPOS="1167" WIDTH="72" HEIGHT="34" CONTENT="they" WC="0.66" CC="7500"/>
						<SP ID="P67_SP00160" HPOS="552" VPOS="1201" WIDTH="15"/>
						<String ID="P67_ST00179" HPOS="567" VPOS="1167" WIDTH="149" HEIGHT="33" CONTENT="appeared" WC="0.93" CC="00000500"/>
						<SP ID="P67_SP00161" HPOS="716" VPOS="1201" WIDTH="22"/>
						<String ID="P67_ST00180" HPOS="738" VPOS="1167" WIDTH="223" HEIGHT="34" CONTENT="appropriately" WC="0.99" CC="0000000100000"/>
						<SP ID="P67_SP00162" HPOS="961" VPOS="1201" WIDTH="14"/>
						<String ID="P67_ST00181" HPOS="975" VPOS="1176" WIDTH="38" HEIGHT="17" CONTENT="on" WC="0.79" CC="04"/>
						<SP ID="P67_SP00163" HPOS="1013" VPOS="1201" WIDTH="21"/>
						<String ID="P67_ST00182" HPOS="1034" VPOS="1176" WIDTH="17" HEIGHT="17" CONTENT="a" WC="1.00" CC="0"/>
						<SP ID="P67_SP00164" HPOS="1051" VPOS="1201" WIDTH="20"/>
						<String ID="P67_ST00183" HPOS="1071" VPOS="1167" WIDTH="66" HEIGHT="26" CONTENT="coin" WC="0.74" CC="0063"/>
						<SP ID="P67_SP00165" HPOS="1137" VPOS="1201" WIDTH="21"/>
						<String ID="P67_ST00184" HPOS="1158" VPOS="1176" WIDTH="32" HEIGHT="17" CONTENT="as" WC="0.60" CC="70"/>
						<SP ID="P67_SP00166" HPOS="1190" VPOS="1201" WIDTH="20"/>
						<String ID="P67_ST00185" HPOS="1210" VPOS="1176" WIDTH="17" HEIGHT="17" CONTENT="a" WC="1.00" CC="0"/>
						<SP ID="P67_SP00167" HPOS="1227" VPOS="1201" WIDTH="14"/>
						<String ID="P67_ST00186" HPOS="1241" VPOS="1167" WIDTH="76" HEIGHT="34" CONTENT="sign," WC="0.94" CC="03000"/>
					</TextLine>
					<TextLine ID="P67_TL00020" HPOS="168" VPOS="1215" WIDTH="1150" HEIGHT="36">
						<String ID="P67_ST00187" HPOS="168" VPOS="1216" WIDTH="139" HEIGHT="34" CONTENT="perhaps," WC="0.89" CC="00060002"/>
						<SP ID="P67_SP00168" HPOS="307" VPOS="1250" WIDTH="16"/>
						<String ID="P67_ST00188" HPOS="323" VPOS="1216" WIDTH="66" HEIGHT="26" CONTENT="that" WC="0.81" CC="0700"/>
						<SP ID="P67_SP00169" HPOS="389" VPOS="1250" WIDTH="13"/>
						<String ID="P67_ST00189" HPOS="402" VPOS="1216" WIDTH="108" HEIGHT="34" CONTENT="people" WC="0.92" CC="003010"/>
						<SP ID="P67_SP00170" HPOS="510" VPOS="1250" WIDTH="15"/>
						<String ID="P67_ST00190" HPOS="525" VPOS="1224" WIDTH="49" HEIGHT="17" CONTENT="are" WC="1.00" CC="000"/>
						<SP ID="P67_SP00171" HPOS="574" VPOS="1250" WIDTH="15"/>
						<String ID="P67_ST00191" HPOS="589" VPOS="1215" WIDTH="80" HEIGHT="26" CONTENT="often" WC="1.00" CC="00000"/>
						<SP ID="P67_SP00172" HPOS="669" VPOS="1250" WIDTH="15"/>
						<String ID="P67_ST00192" HPOS="684" VPOS="1216" WIDTH="86" HEIGHT="25" CONTENT="made" WC="1.00" CC="0000"/>
						<SP ID="P67_SP00173" HPOS="770" VPOS="1250" WIDTH="16"/>
						<String ID="P67_ST00193" HPOS="786" VPOS="1216" WIDTH="205" HEIGHT="26" CONTENT="double-faced" WC="0.96" CC="001100000000"/>
						<SP ID="P67_SP00174" HPOS="991" VPOS="1250" WIDTH="15"/>
						<String ID="P67_ST00194" HPOS="1006" VPOS="1217" WIDTH="40" HEIGHT="33" CONTENT="by" WC="1.00" CC="00"/>
						<SP ID="P67_SP00175" HPOS="1046" VPOS="1250" WIDTH="11"/>
						<String ID="P67_ST00195" HPOS="1057" VPOS="1224" WIDTH="116" HEIGHT="27" CONTENT="money." WC="1.00" CC="000000"/>
						<SP ID="P67_SP00176" HPOS="1173" VPOS="1251" WIDTH="33"/>
						<String ID="P67_ST00196" HPOS="1206" VPOS="1216" WIDTH="48" HEIGHT="27" CONTENT="On" WC="0.83" CC="30"/>
						<SP ID="P67_SP00177" HPOS="1254" VPOS="1251" WIDTH="14"/>
						<String ID="P67_ST00197" HPOS="1268" VPOS="1217" WIDTH="50" HEIGHT="25" CONTENT="the" WC="0.76" CC="070"/>
					</TextLine>
					<TextLine ID="P67_TL00021" HPOS="168" VPOS="1265" WIDTH="1154" HEIGHT="35">
						<String ID="P67_ST00198" HPOS="168" VPOS="1266" WIDTH="86" HEIGHT="25" CONTENT="other" WC="0.87" CC="00600"/>
						<SP ID="P67_SP00178" HPOS="254" VPOS="1291" WIDTH="14"/>
						<String ID="P67_ST00199" HPOS="268" VPOS="1265" WIDTH="64" HEIGHT="26" CONTENT="side" WC="0.89" CC="0400"/>
						<SP ID="P67_SP00179" HPOS="332" VPOS="1291" WIDTH="13"/>
						<String ID="P67_ST00200" HPOS="345" VPOS="1274" WIDTH="61" HEIGHT="17" CONTENT="was" WC="1.00" CC="000"/>
						<SP ID="P67_SP00180" HPOS="406" VPOS="1291" WIDTH="16"/>
						<String ID="P67_ST00201" HPOS="422" VPOS="1266" WIDTH="50" HEIGHT="25" CONTENT="the" WC="0.81" CC="050"/>
						<SP ID="P67_SP00181" HPOS="472" VPOS="1291" WIDTH="20"/>
						<String ID="P67_ST00202" HPOS="492" VPOS="1274" WIDTH="82" HEIGHT="25" CONTENT="prow" WC="0.96" CC="0100"/>
						<SP ID="P67_SP00182" HPOS="574" VPOS="1299" WIDTH="19"/>
						<String ID="P67_ST00203" HPOS="593" VPOS="1265" WIDTH="33" HEIGHT="25" CONTENT="of" WC="0.83" CC="03"/>
						<SP ID="P67_SP00183" HPOS="626" VPOS="1299" WIDTH="15"/>
						<String ID="P67_ST00204" HPOS="641" VPOS="1273" WIDTH="17" HEIGHT="17" CONTENT="a" WC="1.00" CC="0"/>
						<SP ID="P67_SP00184" HPOS="658" VPOS="1299" WIDTH="15"/>
						<String ID="P67_ST00205" HPOS="673" VPOS="1265" WIDTH="75" HEIGHT="34" CONTENT="ship," WC="0.67" CC="06251"/>
						<SP ID="P67_SP00185" HPOS="748" VPOS="1299" WIDTH="15"/>
						<String ID="P67_ST00206" HPOS="763" VPOS="1265" WIDTH="96" HEIGHT="25" CONTENT="which" WC="0.64" CC="96100"/>
						<SP ID="P67_SP00186" HPOS="859" VPOS="1299" WIDTH="22"/>
						<String ID="P67_ST00207" HPOS="881" VPOS="1265" WIDTH="94" HEIGHT="35" CONTENT="might" WC="0.87" CC="00060"/>
						<SP ID="P67_SP00187" HPOS="975" VPOS="1300" WIDTH="21"/>
						<String ID="P67_ST00208" HPOS="996" VPOS="1266" WIDTH="36" HEIGHT="24" CONTENT="be" WC="1.00" CC="00"/>
						<SP ID="P67_SP00188" HPOS="1032" VPOS="1300" WIDTH="21"/>
						<String ID="P67_ST00209" HPOS="1053" VPOS="1266" WIDTH="217" HEIGHT="25" CONTENT="emblematical" WC="0.98" CC="000000010000"/>
						<SP ID="P67_SP00189" HPOS="1270" VPOS="1300" WIDTH="20"/>
						<String ID="P67_ST00210" HPOS="1290" VPOS="1265" WIDTH="32" HEIGHT="26" CONTENT="of" WC="1.00" CC="00"/>
					</TextLine>
					<TextLine ID="P67_TL00022" HPOS="168" VPOS="1314" WIDTH="966" HEIGHT="34">
						<String ID="P67_ST00211" HPOS="168" VPOS="1315" WIDTH="51" HEIGHT="26" CONTENT="the" WC="0.77" CC="060"/>
						<SP ID="P67_SP00190" HPOS="219" VPOS="1341" WIDTH="14"/>
						<String ID="P67_ST00212" HPOS="233" VPOS="1314" WIDTH="60" HEIGHT="27" CONTENT="fact" WC="0.79" CC="0800"/>
						<SP ID="P67_SP00191" HPOS="293" VPOS="1341" WIDTH="14"/>
						<String ID="P67_ST00213" HPOS="307" VPOS="1315" WIDTH="66" HEIGHT="26" CONTENT="that" WC="0.82" CC="0700"/>
						<SP ID="P67_SP00192" HPOS="373" VPOS="1341" WIDTH="16"/>
						<String ID="P67_ST00214" HPOS="389" VPOS="1323" WIDTH="109" HEIGHT="25" CONTENT="money" WC="0.98" CC="00100"/>
						<SP ID="P67_SP00193" HPOS="498" VPOS="1348" WIDTH="13"/>
						<String ID="P67_ST00215" HPOS="511" VPOS="1314" WIDTH="25" HEIGHT="26" CONTENT="is" WC="0.69" CC="60"/>
						<SP ID="P67_SP00194" HPOS="536" VPOS="1348" WIDTH="14"/>
						<String ID="P67_ST00216" HPOS="550" VPOS="1322" WIDTH="159" HEIGHT="26" CONTENT="necessary" WC="0.88" CC="200000800"/>
						<SP ID="P67_SP00195" HPOS="709" VPOS="1348" WIDTH="14"/>
						<String ID="P67_ST00217" HPOS="723" VPOS="1317" WIDTH="31" HEIGHT="23" CONTENT="to" WC="0.82" CC="11"/>
						<SP ID="P67_SP00196" HPOS="754" VPOS="1348" WIDTH="13"/>
						<String ID="P67_ST00218" HPOS="767" VPOS="1314" WIDTH="76" HEIGHT="34" CONTENT="keep" WC="1.00" CC="0000"/>
						<SP ID="P67_SP00197" HPOS="843" VPOS="1348" WIDTH="15"/>
						<String ID="P67_ST00219" HPOS="858" VPOS="1322" WIDTH="56" HEIGHT="18" CONTENT="one" WC="1.00" CC="000"/>
						<SP ID="P67_SP00198" HPOS="914" VPOS="1348" WIDTH="14"/>
						<String ID="P67_ST00220" HPOS="928" VPOS="1315" WIDTH="93" HEIGHT="25" CONTENT="above" WC="0.89" CC="40100"/>
						<SP ID="P67_SP00199" HPOS="1021" VPOS="1348" WIDTH="14"/>
						<String ID="P67_ST00221" HPOS="1035" VPOS="1318" WIDTH="99" HEIGHT="22" CONTENT="water." WC="1.00" CC="000000"/>
					</TextLine>
				</TextBlock>
				<TextBlock ID="P67_TB00006" HPOS="167" VPOS="1388" WIDTH="1152" HEIGHT="224" STYLEREFS="TXT_1 PAR_LEFT">
					<TextLine ID="P67_TL00023" HPOS="225" VPOS="1388" WIDTH="1093" HEIGHT="33">
						<String ID="P67_ST00222" HPOS="225" VPOS="1390" WIDTH="36" HEIGHT="26" CONTENT="In" WC="0.68" CC="06"/>
						<SP ID="P67_SP00200" HPOS="261" VPOS="1416" WIDTH="27"/>
						<String ID="P67_ST00223" HPOS="288" VPOS="1389" WIDTH="50" HEIGHT="27" CONTENT="the" WC="0.79" CC="060"/>
						<SP ID="P67_SP00201" HPOS="338" VPOS="1416" WIDTH="26"/>
						<String ID="P67_ST00224" HPOS="364" VPOS="1389" WIDTH="73" HEIGHT="27" CONTENT="time" WC="0.86" CC="0400"/>
						<SP ID="P67_SP00202" HPOS="437" VPOS="1416" WIDTH="23"/>
						<String ID="P67_ST00225" HPOS="460" VPOS="1388" WIDTH="34" HEIGHT="28" CONTENT="of" WC="1.00" CC="00"/>
						<SP ID="P67_SP00203" HPOS="494" VPOS="1416" WIDTH="22"/>
						<String ID="P67_ST00226" HPOS="516" VPOS="1388" WIDTH="121" HEIGHT="28" CONTENT="Servius" WC="0.88" CC="0000340"/>
						<SP ID="P67_SP00204" HPOS="637" VPOS="1416" WIDTH="27"/>
						<String ID="P67_ST00227" HPOS="664" VPOS="1388" WIDTH="40" HEIGHT="26" CONTENT="all" WC="0.84" CC="004"/>
						<SP ID="P67_SP00205" HPOS="704" VPOS="1416" WIDTH="22"/>
						<String ID="P67_ST00228" HPOS="726" VPOS="1397" WIDTH="76" HEIGHT="17" CONTENT="were" WC="0.96" CC="0010"/>
						<SP ID="P67_SP00206" HPOS="802" VPOS="1416" WIDTH="27"/>
						<String ID="P67_ST00229" HPOS="829" VPOS="1388" WIDTH="143" HEIGHT="33" CONTENT="expected" WC="0.95" CC="00000400"/>
						<SP ID="P67_SP00207" HPOS="972" VPOS="1421" WIDTH="23"/>
						<String ID="P67_ST00230" HPOS="995" VPOS="1392" WIDTH="30" HEIGHT="22" CONTENT="to" WC="1.00" CC="00"/>
						<SP ID="P67_SP00208" HPOS="1025" VPOS="1421" WIDTH="27"/>
						<String ID="P67_ST00231" HPOS="1052" VPOS="1397" WIDTH="61" HEIGHT="17" CONTENT="arm" WC="0.86" CC="040"/>
						<SP ID="P67_SP00209" HPOS="1113" VPOS="1421" WIDTH="27"/>
						<String ID="P67_ST00232" HPOS="1140" VPOS="1388" WIDTH="178" HEIGHT="26" CONTENT="themselves" WC="0.98" CC="1000000000"/>
					</TextLine>
					<TextLine ID="P67_TL00024" HPOS="169" VPOS="1436" WIDTH="1150" HEIGHT="37">
						<String ID="P67_ST00233" HPOS="169" VPOS="1438" WIDTH="163" HEIGHT="35" CONTENT="according" WC="0.97" CC="000000200"/>
						<SP ID="P67_SP00210" HPOS="332" VPOS="1473" WIDTH="22"/>
						<String ID="P67_ST00234" HPOS="354" VPOS="1443" WIDTH="30" HEIGHT="22" CONTENT="to" WC="1.00" CC="00"/>
						<SP ID="P67_SP00211" HPOS="384" VPOS="1473" WIDTH="26"/>
						<String ID="P67_ST00235" HPOS="410" VPOS="1438" WIDTH="77" HEIGHT="26" CONTENT="their" WC="0.74" CC="06005"/>
						<SP ID="P67_SP00212" HPOS="487" VPOS="1473" WIDTH="19"/>
						<String ID="P67_ST00236" HPOS="506" VPOS="1446" WIDTH="114" HEIGHT="24" CONTENT="means," WC="0.93" CC="000004"/>
						<SP ID="P67_SP00213" HPOS="620" VPOS="1473" WIDTH="16"/>
						<String ID="P67_ST00237" HPOS="636" VPOS="1438" WIDTH="59" HEIGHT="25" CONTENT="and" WC="0.87" CC="030"/>
						<SP ID="P67_SP00214" HPOS="695" VPOS="1473" WIDTH="20"/>
						<String ID="P67_ST00238" HPOS="715" VPOS="1437" WIDTH="50" HEIGHT="26" CONTENT="the" WC="0.79" CC="060"/>
						<SP ID="P67_SP00215" HPOS="765" VPOS="1473" WIDTH="21"/>
						<String ID="P67_ST00239" HPOS="786" VPOS="1437" WIDTH="108" HEIGHT="25" CONTENT="richest" WC="0.91" CC="0004001"/>
						<SP ID="P67_SP00216" HPOS="894" VPOS="1473" WIDTH="14"/>
						<String ID="P67_ST00240" HPOS="908" VPOS="1444" WIDTH="75" HEIGHT="17" CONTENT="were" WC="1.00" CC="0000"/>
						<SP ID="P67_SP00217" HPOS="983" VPOS="1473" WIDTH="20"/>
						<String ID="P67_ST00241" HPOS="1003" VPOS="1436" WIDTH="181" HEIGHT="35" CONTENT="thoroughly" WC="0.78" CC="1401000770"/>
						<SP ID="P67_SP00218" HPOS="1184" VPOS="1473" WIDTH="19"/>
						<String ID="P67_ST00242" HPOS="1203" VPOS="1437" WIDTH="65" HEIGHT="25" CONTENT="clad" WC="1.00" CC="0000"/>
						<SP ID="P67_SP00219" HPOS="1268" VPOS="1473" WIDTH="21"/>
						<String ID="P67_ST00243" HPOS="1289" VPOS="1436" WIDTH="30" HEIGHT="25" CONTENT="in" WC="0.77" CC="04"/>
					</TextLine>
					<TextLine ID="P67_TL00025" HPOS="168" VPOS="1485" WIDTH="1151" HEIGHT="37">
						<String ID="P67_ST00244" HPOS="168" VPOS="1490" WIDTH="110" HEIGHT="25" CONTENT="bronze" WC="0.89" CC="200210"/>
						<SP ID="P67_SP00220" HPOS="278" VPOS="1515" WIDTH="21"/>
						<String ID="P67_ST00245" HPOS="299" VPOS="1488" WIDTH="45" HEIGHT="26" CONTENT="for" WC="0.95" CC="001"/>
						<SP ID="P67_SP00221" HPOS="344" VPOS="1515" WIDTH="22"/>
						<String ID="P67_ST00246" HPOS="366" VPOS="1488" WIDTH="50" HEIGHT="27" CONTENT="the" WC="0.76" CC="060"/>
						<SP ID="P67_SP00222" HPOS="416" VPOS="1515" WIDTH="22"/>
						<String ID="P67_ST00247" HPOS="438" VPOS="1488" WIDTH="167" HEIGHT="34" CONTENT="protection" WC="0.90" CC="0300000005"/>
						<SP ID="P67_SP00223" HPOS="605" VPOS="1522" WIDTH="23"/>
						<String ID="P67_ST00248" HPOS="628" VPOS="1487" WIDTH="33" HEIGHT="26" CONTENT="of" WC="1.00" CC="00"/>
						<SP ID="P67_SP00224" HPOS="661" VPOS="1522" WIDTH="18"/>
						<String ID="P67_ST00249" HPOS="679" VPOS="1487" WIDTH="77" HEIGHT="26" CONTENT="their" WC="0.69" CC="05053"/>
						<SP ID="P67_SP00225" HPOS="756" VPOS="1522" WIDTH="23"/>
						<String ID="P67_ST00250" HPOS="779" VPOS="1494" WIDTH="133" HEIGHT="27" CONTENT="persons," WC="1.00" CC="00000000"/>
						<SP ID="P67_SP00226" HPOS="912" VPOS="1522" WIDTH="22"/>
						<String ID="P67_ST00251" HPOS="934" VPOS="1485" WIDTH="88" HEIGHT="26" CONTENT="while" WC="0.70" CC="07340"/>
						<SP ID="P67_SP00227" HPOS="1022" VPOS="1522" WIDTH="23"/>
						<String ID="P67_ST00252" HPOS="1045" VPOS="1485" WIDTH="50" HEIGHT="25" CONTENT="the" WC="0.75" CC="150"/>
						<SP ID="P67_SP00228" HPOS="1095" VPOS="1522" WIDTH="23"/>
						<String ID="P67_ST00253" HPOS="1118" VPOS="1494" WIDTH="112" HEIGHT="25" CONTENT="poorer," WC="0.92" CC="0010012"/>
						<SP ID="P67_SP00229" HPOS="1230" VPOS="1522" WIDTH="22"/>
						<String ID="P67_ST00254" HPOS="1252" VPOS="1486" WIDTH="67" HEIGHT="25" CONTENT="who" WC="0.80" CC="050"/>
					</TextLine>
					<TextLine ID="P67_TL00026" HPOS="169" VPOS="1533" WIDTH="1150" HEIGHT="38">
						<String ID="P67_ST00255" HPOS="169" VPOS="1538" WIDTH="87" HEIGHT="27" CONTENT="could" WC="0.82" CC="00350"/>
						<SP ID="P67_SP00230" HPOS="256" VPOS="1565" WIDTH="15"/>
						<String ID="P67_ST00256" HPOS="271" VPOS="1542" WIDTH="52" HEIGHT="22" CONTENT="not" WC="1.00" CC="000"/>
						<SP ID="P67_SP00231" HPOS="323" VPOS="1565" WIDTH="15"/>
						<String ID="P67_ST00257" HPOS="338" VPOS="1537" WIDTH="93" HEIGHT="27" CONTENT="afford" WC="0.91" CC="000050"/>
						<SP ID="P67_SP00232" HPOS="431" VPOS="1565" WIDTH="21"/>
						<String ID="P67_ST00258" HPOS="452" VPOS="1537" WIDTH="148" HEIGHT="34" CONTENT="anything" WC="0.85" CC="02006300"/>
						<SP ID="P67_SP00233" HPOS="600" VPOS="1571" WIDTH="14"/>
						<String ID="P67_ST00259" HPOS="614" VPOS="1536" WIDTH="33" HEIGHT="26" CONTENT="of" WC="1.00" CC="00"/>
						<SP ID="P67_SP00234" HPOS="647" VPOS="1571" WIDTH="15"/>
						<String ID="P67_ST00260" HPOS="662" VPOS="1536" WIDTH="50" HEIGHT="26" CONTENT="the" WC="0.86" CC="040"/>
						<SP ID="P67_SP00235" HPOS="712" VPOS="1571" WIDTH="14"/>
						<String ID="P67_ST00261" HPOS="726" VPOS="1536" WIDTH="81" HEIGHT="31" CONTENT="kind," WC="0.86" CC="00501"/>
						<SP ID="P67_SP00236" HPOS="807" VPOS="1571" WIDTH="15"/>
						<String ID="P67_ST00262" HPOS="822" VPOS="1543" WIDTH="76" HEIGHT="18" CONTENT="were" WC="0.85" CC="0050"/>
						<SP ID="P67_SP00237" HPOS="898" VPOS="1571" WIDTH="21"/>
						<String ID="P67_ST00263" HPOS="919" VPOS="1534" WIDTH="122" HEIGHT="34" CONTENT="obliged" WC="0.91" CC="0024000"/>
						<SP ID="P67_SP00238" HPOS="1041" VPOS="1571" WIDTH="13"/>
						<String ID="P67_ST00264" HPOS="1054" VPOS="1537" WIDTH="31" HEIGHT="22" CONTENT="to" WC="0.80" CC="30"/>
						<SP ID="P67_SP00239" HPOS="1085" VPOS="1571" WIDTH="14"/>
						<String ID="P67_ST00265" HPOS="1099" VPOS="1537" WIDTH="74" HEIGHT="23" CONTENT="trust" WC="0.87" CC="05100"/>
						<SP ID="P67_SP00240" HPOS="1173" VPOS="1571" WIDTH="13"/>
						<String ID="P67_ST00266" HPOS="1186" VPOS="1533" WIDTH="44" HEIGHT="26" CONTENT="for" WC="1.00" CC="000"/>
						<SP ID="P67_SP00241" HPOS="1230" VPOS="1571" WIDTH="13"/>
						<String ID="P67_ST00267" HPOS="1243" VPOS="1535" WIDTH="76" HEIGHT="25" CONTENT="their" WC="0.74" CC="15050"/>
					</TextLine>
					<TextLine ID="P67_TL00027" HPOS="175" VPOS="1585" WIDTH="653" HEIGHT="27">
						<String ID="P67_ST00268" HPOS="175" VPOS="1587" WIDTH="192" HEIGHT="25" CONTENT="self-defence" WC="0.95" CC="000400000000"/>
						<SP ID="P67_SP00242" HPOS="367" VPOS="1612" WIDTH="14"/>
						<String ID="P67_ST00269" HPOS="381" VPOS="1590" WIDTH="30" HEIGHT="22" CONTENT="to" WC="0.68" CC="60"/>
						<SP ID="P67_SP00243" HPOS="411" VPOS="1612" WIDTH="16"/>
						<String ID="P67_ST00270" HPOS="427" VPOS="1587" WIDTH="76" HEIGHT="25" CONTENT="their" WC="0.70" CC="05053"/>
						<SP ID="P67_SP00244" HPOS="503" VPOS="1612" WIDTH="14"/>
						<String ID="P67_ST00271" HPOS="517" VPOS="1594" WIDTH="65" HEIGHT="18" CONTENT="own" WC="0.62" CC="091"/>
						<SP ID="P67_SP00245" HPOS="582" VPOS="1612" WIDTH="16"/>
						<String ID="P67_ST00272" HPOS="598" VPOS="1585" WIDTH="117" HEIGHT="26" CONTENT="natural" WC="0.84" CC="1004005"/>
						<SP ID="P67_SP00246" HPOS="715" VPOS="1612" WIDTH="15"/>
						<String ID="P67_ST00273" HPOS="730" VPOS="1585" WIDTH="98" HEIGHT="25" CONTENT="metal." WC="1.00" CC="000000"/>
					</TextLine>
				</TextBlock>
				<TextBlock ID="P67_TB00007" HPOS="168" VPOS="1656" WIDTH="1152" HEIGHT="286" STYLEREFS="TXT_1 PAR_LEFT">
					<TextLine ID="P67_TL00028" HPOS="232" VPOS="1657" WIDTH="1088" HEIGHT="40">
						<String ID="P67_ST00274" HPOS="232" VPOS="1664" WIDTH="64" HEIGHT="25" CONTENT="The" WC="0.84" CC="040"/>
						<SP ID="P67_SP00247" HPOS="296" VPOS="1689" WIDTH="24"/>
						<String ID="P67_ST00275" HPOS="320" VPOS="1662" WIDTH="163" HEIGHT="35" CONTENT="patricians" WC="0.86" CC="0004302030"/>
						<SP ID="P67_SP00248" HPOS="483" VPOS="1697" WIDTH="25"/>
						<String ID="P67_ST00276" HPOS="508" VPOS="1660" WIDTH="113" HEIGHT="26" CONTENT="carried" WC="0.98" CC="0000100"/>
						<SP ID="P67_SP00249" HPOS="621" VPOS="1697" WIDTH="22"/>
						<String ID="P67_ST00277" HPOS="643" VPOS="1669" WIDTH="17" HEIGHT="17" CONTENT="a" WC="1.00" CC="0"/>
						<SP ID="P67_SP00250" HPOS="660" VPOS="1697" WIDTH="16"/>
						<String ID="P67_ST00278" HPOS="676" VPOS="1660" WIDTH="130" HEIGHT="34" CONTENT="clypeus," WC="0.82" CC="04800000"/>
						<SP ID="P67_SP00251" HPOS="806" VPOS="1697" WIDTH="16"/>
						<String ID="P67_ST00279" HPOS="822" VPOS="1667" WIDTH="32" HEIGHT="17" CONTENT="or" WC="1.00" CC="00"/>
						<SP ID="P67_SP00252" HPOS="854" VPOS="1697" WIDTH="23"/>
						<String ID="P67_ST00280" HPOS="877" VPOS="1658" WIDTH="104" HEIGHT="32" CONTENT="shield," WC="0.80" CC="0700203"/>
						<SP ID="P67_SP00253" HPOS="981" VPOS="1697" WIDTH="16"/>
						<String ID="P67_ST00281" HPOS="997" VPOS="1657" WIDTH="33" HEIGHT="26" CONTENT="of" WC="1.00" CC="00"/>
						<SP ID="P67_SP00254" HPOS="1030" VPOS="1697" WIDTH="19"/>
						<String ID="P67_ST00282" HPOS="1049" VPOS="1658" WIDTH="71" HEIGHT="25" CONTENT="such" WC="0.63" CC="6304"/>
						<SP ID="P67_SP00255" HPOS="1120" VPOS="1697" WIDTH="18"/>
						<String ID="P67_ST00283" HPOS="1138" VPOS="1658" WIDTH="182" HEIGHT="26" CONTENT="dimensions" WC="0.88" CC="0500001030"/>
					</TextLine>
					<TextLine ID="P67_TL00029" HPOS="169" VPOS="1706" WIDTH="1151" HEIGHT="40">
						<String ID="P67_ST00284" HPOS="169" VPOS="1722" WIDTH="33" HEIGHT="18" CONTENT="as" WC="1.00" CC="00"/>
						<SP ID="P67_SP00256" HPOS="202" VPOS="1740" WIDTH="14"/>
						<String ID="P67_ST00285" HPOS="216" VPOS="1717" WIDTH="31" HEIGHT="22" CONTENT="to" WC="1.00" CC="00"/>
						<SP ID="P67_SP00257" HPOS="247" VPOS="1740" WIDTH="15"/>
						<String ID="P67_ST00286" HPOS="262" VPOS="1720" WIDTH="88" HEIGHT="18" CONTENT="cover" WC="0.82" CC="00701"/>
						<SP ID="P67_SP00258" HPOS="350" VPOS="1740" WIDTH="13"/>
						<String ID="P67_ST00287" HPOS="363" VPOS="1710" WIDTH="168" HEIGHT="36" CONTENT="frequently" WC="0.94" CC="0000001040"/>
						<SP ID="P67_SP00259" HPOS="531" VPOS="1746" WIDTH="13"/>
						<String ID="P67_ST00288" HPOS="544" VPOS="1710" WIDTH="50" HEIGHT="26" CONTENT="the" WC="0.88" CC="030"/>
						<SP ID="P67_SP00260" HPOS="594" VPOS="1746" WIDTH="15"/>
						<String ID="P67_ST00289" HPOS="609" VPOS="1708" WIDTH="95" HEIGHT="28" CONTENT="whole" WC="0.80" CC="07200"/>
						<SP ID="P67_SP00261" HPOS="704" VPOS="1746" WIDTH="17"/>
						<String ID="P67_ST00290" HPOS="721" VPOS="1708" WIDTH="89" HEIGHT="34" CONTENT="body," WC="1.00" CC="00000"/>
						<SP ID="P67_SP00262" HPOS="810" VPOS="1746" WIDTH="16"/>
						<String ID="P67_ST00291" HPOS="826" VPOS="1707" WIDTH="59" HEIGHT="26" CONTENT="and" WC="0.92" CC="020"/>
						<SP ID="P67_SP00263" HPOS="885" VPOS="1746" WIDTH="14"/>
						<String ID="P67_ST00292" HPOS="899" VPOS="1707" WIDTH="40" HEIGHT="35" CONTENT="by" WC="1.00" CC="00"/>
						<SP ID="P67_SP00264" HPOS="939" VPOS="1746" WIDTH="13"/>
						<String ID="P67_ST00293" HPOS="952" VPOS="1706" WIDTH="106" HEIGHT="35" CONTENT="hiding" WC="0.85" CC="700000"/>
						<SP ID="P67_SP00265" HPOS="1058" VPOS="1746" WIDTH="15"/>
						<String ID="P67_ST00294" HPOS="1073" VPOS="1706" WIDTH="122" HEIGHT="26" CONTENT="himself" WC="0.87" CC="5000003"/>
						<SP ID="P67_SP00266" HPOS="1195" VPOS="1746" WIDTH="15"/>
						<String ID="P67_ST00295" HPOS="1210" VPOS="1707" WIDTH="110" HEIGHT="25" CONTENT="behind" WC="0.75" CC="006520"/>
					</TextLine>
					<TextLine ID="P67_TL00030" HPOS="168" VPOS="1756" WIDTH="1152" HEIGHT="37">
						<String ID="P67_ST00296" HPOS="168" VPOS="1763" WIDTH="23" HEIGHT="26" CONTENT="it" WC="0.76" CC="40"/>
						<SP ID="P67_SP00267" HPOS="191" VPOS="1789" WIDTH="15"/>
						<String ID="P67_ST00297" HPOS="206" VPOS="1763" WIDTH="50" HEIGHT="25" CONTENT="the" WC="0.81" CC="050"/>
						<SP ID="P67_SP00268" HPOS="256" VPOS="1789" WIDTH="13"/>
						<String ID="P67_ST00298" HPOS="269" VPOS="1769" WIDTH="113" HEIGHT="19" CONTENT="wearer" WC="0.93" CC="000102"/>
						<SP ID="P67_SP00269" HPOS="382" VPOS="1789" WIDTH="14"/>
						<String ID="P67_ST00299" HPOS="396" VPOS="1760" WIDTH="80" HEIGHT="26" CONTENT="often" WC="1.00" CC="00000"/>
						<SP ID="P67_SP00270" HPOS="476" VPOS="1789" WIDTH="15"/>
						<String ID="P67_ST00300" HPOS="491" VPOS="1759" WIDTH="127" HEIGHT="34" CONTENT="escaped" WC="1.00" CC="0000000"/>
						<SP ID="P67_SP00271" HPOS="618" VPOS="1793" WIDTH="20"/>
						<String ID="P67_ST00301" HPOS="638" VPOS="1767" WIDTH="17" HEIGHT="18" CONTENT="a" WC="1.00" CC="0"/>
						<SP ID="P67_SP00272" HPOS="655" VPOS="1793" WIDTH="17"/>
						<String ID="P67_ST00302" HPOS="672" VPOS="1757" WIDTH="107" HEIGHT="34" CONTENT="hiding" WC="0.84" CC="530100"/>
						<SP ID="P67_SP00273" HPOS="779" VPOS="1793" WIDTH="13"/>
						<String ID="P67_ST00303" HPOS="792" VPOS="1756" WIDTH="73" HEIGHT="27" CONTENT="from" WC="0.96" CC="0100"/>
						<SP ID="P67_SP00274" HPOS="865" VPOS="1793" WIDTH="22"/>
						<String ID="P67_ST00304" HPOS="887" VPOS="1756" WIDTH="50" HEIGHT="26" CONTENT="the" WC="0.77" CC="060"/>
						<SP ID="P67_SP00275" HPOS="937" VPOS="1793" WIDTH="16"/>
						<String ID="P67_ST00305" HPOS="953" VPOS="1764" WIDTH="115" HEIGHT="27" CONTENT="enemy." WC="1.00" CC="000000"/>
						<SP ID="P67_SP00276" HPOS="1068" VPOS="1793" WIDTH="39"/>
						<String ID="P67_ST00306" HPOS="1107" VPOS="1756" WIDTH="64" HEIGHT="26" CONTENT="The" WC="0.77" CC="060"/>
						<SP ID="P67_SP00277" HPOS="1171" VPOS="1793" WIDTH="14"/>
						<String ID="P67_ST00307" HPOS="1185" VPOS="1756" WIDTH="135" HEIGHT="26" CONTENT="material" WC="0.97" CC="00000001"/>
					</TextLine>
					<TextLine ID="P67_TL00031" HPOS="169" VPOS="1804" WIDTH="1151" HEIGHT="40">
						<String ID="P67_ST00308" HPOS="169" VPOS="1812" WIDTH="34" HEIGHT="26" CONTENT="of" WC="1.00" CC="00"/>
						<SP ID="P67_SP00278" HPOS="203" VPOS="1838" WIDTH="15"/>
						<String ID="P67_ST00309" HPOS="218" VPOS="1811" WIDTH="98" HEIGHT="27" CONTENT="which" WC="0.66" CC="04407"/>
						<SP ID="P67_SP00279" HPOS="316" VPOS="1838" WIDTH="18"/>
						<String ID="P67_ST00310" HPOS="334" VPOS="1811" WIDTH="50" HEIGHT="25" CONTENT="the" WC="0.83" CC="050"/>
						<SP ID="P67_SP00280" HPOS="384" VPOS="1838" WIDTH="19"/>
						<String ID="P67_ST00311" HPOS="403" VPOS="1810" WIDTH="122" HEIGHT="34" CONTENT="clypeus" WC="1.00" CC="0000000"/>
						<SP ID="P67_SP00281" HPOS="525" VPOS="1844" WIDTH="13"/>
						<String ID="P67_ST00312" HPOS="538" VPOS="1817" WIDTH="62" HEIGHT="18" CONTENT="was" WC="1.00" CC="000"/>
						<SP ID="P67_SP00282" HPOS="600" VPOS="1844" WIDTH="19"/>
						<String ID="P67_ST00313" HPOS="619" VPOS="1807" WIDTH="159" HEIGHT="34" CONTENT="composed" WC="0.88" CC="00000900"/>
						<SP ID="P67_SP00283" HPOS="778" VPOS="1844" WIDTH="14"/>
						<String ID="P67_ST00314" HPOS="792" VPOS="1814" WIDTH="61" HEIGHT="18" CONTENT="was" WC="1.00" CC="000"/>
						<SP ID="P67_SP00284" HPOS="853" VPOS="1844" WIDTH="15"/>
						<String ID="P67_ST00315" HPOS="868" VPOS="1805" WIDTH="84" HEIGHT="26" CONTENT="wood" WC="1.00" CC="0000"/>
						<SP ID="P67_SP00285" HPOS="952" VPOS="1844" WIDTH="17"/>
						<String ID="P67_ST00316" HPOS="969" VPOS="1805" WIDTH="124" HEIGHT="26" CONTENT="covered" WC="0.95" CC="0000300"/>
						<SP ID="P67_SP00286" HPOS="1093" VPOS="1844" WIDTH="14"/>
						<String ID="P67_ST00317" HPOS="1107" VPOS="1804" WIDTH="71" HEIGHT="26" CONTENT="with" WC="0.68" CC="0605"/>
						<SP ID="P67_SP00287" HPOS="1178" VPOS="1844" WIDTH="21"/>
						<String ID="P67_ST00318" HPOS="1199" VPOS="1813" WIDTH="17" HEIGHT="17" CONTENT="a" WC="1.00" CC="0"/>
						<SP ID="P67_SP00288" HPOS="1216" VPOS="1844" WIDTH="17"/>
						<String ID="P67_ST00319" HPOS="1233" VPOS="1805" WIDTH="87" HEIGHT="26" CONTENT="bull's" WC="0.93" CC="003000"/>
					</TextLine>
					<TextLine ID="P67_TL00032" HPOS="170" VPOS="1854" WIDTH="1150" HEIGHT="38">
						<String ID="P67_ST00320" HPOS="170" VPOS="1862" WIDTH="67" HEIGHT="26" CONTENT="skin" WC="0.89" CC="2100"/>
						<SP ID="P67_SP00289" HPOS="237" VPOS="1888" WIDTH="15"/>
						<String ID="P67_ST00321" HPOS="252" VPOS="1862" WIDTH="65" HEIGHT="25" CONTENT="that" WC="0.77" CC="0440"/>
						<SP ID="P67_SP00290" HPOS="317" VPOS="1888" WIDTH="14"/>
						<String ID="P67_ST00322" HPOS="331" VPOS="1860" WIDTH="60" HEIGHT="26" CONTENT="had" WC="0.83" CC="500"/>
						<SP ID="P67_SP00291" HPOS="391" VPOS="1888" WIDTH="14"/>
						<String ID="P67_ST00323" HPOS="405" VPOS="1861" WIDTH="75" HEIGHT="24" CONTENT="been" WC="1.00" CC="0000"/>
						<SP ID="P67_SP00292" HPOS="480" VPOS="1888" WIDTH="20"/>
						<String ID="P67_ST00324" HPOS="500" VPOS="1868" WIDTH="33" HEIGHT="17" CONTENT="so" WC="1.00" CC="00"/>
						<SP ID="P67_SP00293" HPOS="533" VPOS="1888" WIDTH="21"/>
						<String ID="P67_ST00325" HPOS="554" VPOS="1858" WIDTH="181" HEIGHT="34" CONTENT="thoroughly" WC="0.78" CC="0600100660"/>
						<SP ID="P67_SP00294" HPOS="735" VPOS="1892" WIDTH="13"/>
						<String ID="P67_ST00326" HPOS="748" VPOS="1857" WIDTH="112" HEIGHT="26" CONTENT="tanned" WC="0.81" CC="007400"/>
						<SP ID="P67_SP00295" HPOS="860" VPOS="1892" WIDTH="22"/>
						<String ID="P67_ST00327" HPOS="882" VPOS="1864" WIDTH="32" HEIGHT="18" CONTENT="as" WC="1.00" CC="00"/>
						<SP ID="P67_SP00296" HPOS="914" VPOS="1892" WIDTH="22"/>
						<String ID="P67_ST00328" HPOS="936" VPOS="1860" WIDTH="29" HEIGHT="22" CONTENT="to" WC="1.00" CC="00"/>
						<SP ID="P67_SP00297" HPOS="965" VPOS="1892" WIDTH="18"/>
						<String ID="P67_ST00329" HPOS="983" VPOS="1855" WIDTH="93" HEIGHT="26" CONTENT="afford" WC="0.97" CC="000010"/>
						<SP ID="P67_SP00298" HPOS="1076" VPOS="1892" WIDTH="18"/>
						<String ID="P67_ST00330" HPOS="1094" VPOS="1854" WIDTH="95" HEIGHT="37" CONTENT="safety" WC="0.99" CC="000000"/>
						<SP ID="P67_SP00299" HPOS="1189" VPOS="1892" WIDTH="14"/>
						<String ID="P67_ST00331" HPOS="1203" VPOS="1855" WIDTH="117" HEIGHT="36" CONTENT="against" WC="0.95" CC="0020000"/>
					</TextLine>
					<TextLine ID="P67_TL00033" HPOS="169" VPOS="1908" WIDTH="388" HEIGHT="34">
						<String ID="P67_ST00332" HPOS="169" VPOS="1913" WIDTH="51" HEIGHT="26" CONTENT="the" WC="0.85" CC="040"/>
						<SP ID="P67_SP00300" HPOS="220" VPOS="1939" WIDTH="15"/>
						<String ID="P67_ST00333" HPOS="235" VPOS="1914" WIDTH="130" HEIGHT="24" CONTENT="severest" WC="1.00" CC="00000000"/>
						<SP ID="P67_SP00301" HPOS="365" VPOS="1939" WIDTH="13"/>
						<String ID="P67_ST00334" HPOS="378" VPOS="1908" WIDTH="179" HEIGHT="34" CONTENT="leathering." WC="0.90" CC="40004001000"/>
					</TextLine>
				</TextBlock>
			</PrintSpace>
		</Page>
	</Layout>
</alto>
