<?xml version="1.0" encoding="UTF-8"?>
<alto xmlns:xsi="http://www.w3.org/2001/XMLSchema-instance" xsi:noNamespaceSchemaLocation="http://www.bl.uk/schemas/alto/alto-1-4.xsd" xmlns:xlink="http://www.w3.org/1999/xlink">
	<Description>
		<MeasurementUnit>mm10</MeasurementUnit>
		<sourceImageInformation>
			<fileName>//head1/IN/2008-39/A0012093469/009080.jp2</fileName>
		</sourceImageInformation>
		<OCRProcessing ID="OCRPROCESSING_1">
			<preProcessingStep>
				<processingSoftware>
					<softwareCreator>CCS Content Conversion Specialists GmbH, Germany</softwareCreator>
					<softwareName>CCS docWORKS</softwareName>
					<softwareVersion>6.1-0.67</softwareVersion>
				</processingSoftware>
			</preProcessingStep>
			<ocrProcessingStep>
				<processingSoftware>
					<softwareCreator>ABBYY (BIT Software), Russia</softwareCreator>
					<softwareName>Finereader</softwareName>
				</processingSoftware>
			</ocrProcessingStep>
		</OCRProcessing>
	</Description>
	<Styles>
		<TextStyle ID="TXT_0" FONTSIZE="11" FONTFAMILY="Courier New"/>
		<TextStyle ID="TXT_1" FONTSIZE="9" FONTFAMILY="Fraktur"/>
		<TextStyle ID="TXT_2" FONTSIZE="9" FONTFAMILY="Courier New"/>
		<ParagraphStyle ID="PAR_RIGHT" ALIGN="Right"/>
		<ParagraphStyle ID="PAR_LEFT" ALIGN="Left"/>
	</Styles>
	<Layout>
		<Page ID="P224" PHYSICAL_IMG_NR="224" HEIGHT="2518" WIDTH="1698" PRINTED_IMG_NR="192" POSITION="Left" ACCURACY="89.32">
			<TopMargin ID="P224_TM00001" HPOS="0" VPOS="0" WIDTH="1698" HEIGHT="329">
				<TextBlock ID="P224_TB00001" HPOS="634" VPOS="271" WIDTH="630" HEIGHT="58" STYLEREFS="TXT_0 PAR_RIGHT">
					<TextLine ID="P224_TL00001" HPOS="634" VPOS="272" WIDTH="630" HEIGHT="57">
						<String ID="P224_ST00001" HPOS="634" VPOS="272" WIDTH="151" HEIGHT="44" CONTENT="Comic" WC="0.95" CC="00020"/>
						<SP ID="P224_SP00001" HPOS="785" VPOS="316" WIDTH="31"/>
						<String ID="P224_ST00002" HPOS="816" VPOS="272" WIDTH="191" HEIGHT="57" CONTENT="History" WC="0.91" CC="0006000"/>
						<SP ID="P224_SP00002" HPOS="1007" VPOS="329" WIDTH="34"/>
						<String ID="P224_ST00003" HPOS="1041" VPOS="274" WIDTH="54" HEIGHT="55" CONTENT="of" WC="1.00" CC="00"/>
						<SP ID="P224_SP00003" HPOS="1095" VPOS="329" WIDTH="19"/>
						<String ID="P224_ST00004" HPOS="1114" VPOS="273" WIDTH="150" HEIGHT="43" CONTENT="Rome." WC="1.00" CC="00000"/>
					</TextLine>
				</TextBlock>
				<TextBlock ID="P224_TB00002" HPOS="381" VPOS="291" WIDTH="56" HEIGHT="29" STYLEREFS="TXT_1 PAR_LEFT">
					<TextLine ID="P224_TL00002" HPOS="435" VPOS="318" WIDTH="2" HEIGHT="2">
						<String ID="P224_ST00005" HPOS="435" VPOS="318" WIDTH="2" HEIGHT="2" CONTENT="192" WC="1.00" CC="000"/>
					</TextLine>
				</TextBlock>
				<TextBlock ID="P224_TB00003" HPOS="1393" VPOS="293" WIDTH="144" HEIGHT="22" STYLEREFS="TXT_2 PAR_RIGHT">
					<TextLine ID="P224_TL00003" HPOS="1393" VPOS="294" WIDTH="144" HEIGHT="21">
						<String ID="P224_ST00006" HPOS="1393" VPOS="295" WIDTH="75" HEIGHT="20" CONTENT="[Chap." WC="0.64" CC="360092"/>
						<SP ID="P224_SP00004" HPOS="1468" VPOS="315" WIDTH="15"/>
						<String ID="P224_ST00007" HPOS="1483" VPOS="294" WIDTH="54" HEIGHT="17" CONTENT="XIV" WC="0.20" CC="939"/>
					</TextLine>
				</TextBlock>
			</TopMargin>
			<LeftMargin ID="P224_LM00001" HPOS="0" VPOS="320" WIDTH="370" HEIGHT="1893"/>
			<RightMargin ID="P224_RM00001" HPOS="1543" VPOS="320" WIDTH="155" HEIGHT="1893"/>
			<BottomMargin ID="P224_BM00001" HPOS="0" VPOS="2213" WIDTH="1698" HEIGHT="304"/>
			<PrintSpace ID="P224_PS00001" HPOS="370" VPOS="320" WIDTH="1173" HEIGHT="1893">
				<TextBlock ID="P224_TB00004" HPOS="376" VPOS="381" WIDTH="1167" HEIGHT="331" STYLEREFS="TXT_2 PAR_LEFT">
					<TextLine ID="P224_TL00004" HPOS="377" VPOS="383" WIDTH="1166" HEIGHT="40">
						<String ID="P224_ST00008" HPOS="377" VPOS="387" WIDTH="33" HEIGHT="26" CONTENT="of" WC="1.00" CC="00"/>
						<SP ID="P224_SP00005" HPOS="410" VPOS="413" WIDTH="17"/>
						<String ID="P224_ST00009" HPOS="427" VPOS="396" WIDTH="17" HEIGHT="17" CONTENT="a" WC="1.00" CC="0"/>
						<SP ID="P224_SP00006" HPOS="444" VPOS="413" WIDTH="20"/>
						<String ID="P224_ST00010" HPOS="464" VPOS="388" WIDTH="84" HEIGHT="35" CONTENT="large" WC="0.94" CC="20000"/>
						<SP ID="P224_SP00007" HPOS="548" VPOS="423" WIDTH="20"/>
						<String ID="P224_ST00011" HPOS="568" VPOS="387" WIDTH="67" HEIGHT="26" CONTENT="dish" WC="0.67" CC="7005"/>
						<SP ID="P224_SP00008" HPOS="635" VPOS="423" WIDTH="21"/>
						<String ID="P224_ST00012" HPOS="656" VPOS="386" WIDTH="33" HEIGHT="27" CONTENT="of" WC="1.00" CC="00"/>
						<SP ID="P224_SP00009" HPOS="689" VPOS="423" WIDTH="15"/>
						<String ID="P224_ST00013" HPOS="704" VPOS="387" WIDTH="126" HEIGHT="35" CONTENT="turnips." WC="0.83" CC="06025000"/>
						<SP ID="P224_SP00010" HPOS="830" VPOS="423" WIDTH="42"/>
						<String ID="P224_ST00014" HPOS="872" VPOS="387" WIDTH="48" HEIGHT="26" CONTENT="He" WC="0.82" CC="30"/>
						<SP ID="P224_SP00011" HPOS="920" VPOS="423" WIDTH="21"/>
						<String ID="P224_ST00015" HPOS="941" VPOS="388" WIDTH="135" HEIGHT="26" CONTENT="received" WC="0.96" CC="10001000"/>
						<SP ID="P224_SP00012" HPOS="1076" VPOS="423" WIDTH="23"/>
						<String ID="P224_ST00016" HPOS="1099" VPOS="389" WIDTH="51" HEIGHT="26" CONTENT="the" WC="0.63" CC="550"/>
						<SP ID="P224_SP00013" HPOS="1150" VPOS="423" WIDTH="21"/>
						<String ID="P224_ST00017" HPOS="1171" VPOS="395" WIDTH="112" HEIGHT="27" CONTENT="envoys" WC="1.00" CC="000000"/>
						<SP ID="P224_SP00014" HPOS="1283" VPOS="423" WIDTH="21"/>
						<String ID="P224_ST00018" HPOS="1304" VPOS="385" WIDTH="73" HEIGHT="27" CONTENT="with" WC="0.84" CC="0006"/>
						<SP ID="P224_SP00015" HPOS="1377" VPOS="423" WIDTH="20"/>
						<String ID="P224_ST00019" HPOS="1397" VPOS="393" WIDTH="39" HEIGHT="18" CONTENT="no" WC="1.00" CC="00"/>
						<SP ID="P224_SP00016" HPOS="1436" VPOS="423" WIDTH="22"/>
						<String ID="P224_ST00020" HPOS="1458" VPOS="383" WIDTH="85" HEIGHT="26" CONTENT="other" WC="0.85" CC="00600"/>
					</TextLine>
					<TextLine ID="P224_TL00005" HPOS="377" VPOS="434" WIDTH="1165" HEIGHT="37">
						<String ID="P224_ST00021" HPOS="377" VPOS="437" WIDTH="73" HEIGHT="26" CONTENT="form" WC="1.00" CC="0000"/>
						<SP ID="P224_SP00017" HPOS="450" VPOS="463" WIDTH="21"/>
						<String ID="P224_ST00022" HPOS="471" VPOS="438" WIDTH="73" HEIGHT="25" CONTENT="than" WC="0.77" CC="0702"/>
						<SP ID="P224_SP00018" HPOS="544" VPOS="463" WIDTH="23"/>
						<String ID="P224_ST00023" HPOS="567" VPOS="446" WIDTH="16" HEIGHT="17" CONTENT="a" WC="1.00" CC="0"/>
						<SP ID="P224_SP00019" HPOS="583" VPOS="463" WIDTH="21"/>
						<String ID="P224_ST00024" HPOS="604" VPOS="437" WIDTH="123" HEIGHT="26" CONTENT="wooden" WC="0.90" CC="000005"/>
						<SP ID="P224_SP00020" HPOS="727" VPOS="463" WIDTH="22"/>
						<String ID="P224_ST00025" HPOS="749" VPOS="445" WIDTH="65" HEIGHT="23" CONTENT="one," WC="1.00" CC="0000"/>
						<SP ID="P224_SP00021" HPOS="814" VPOS="468" WIDTH="22"/>
						<String ID="P224_ST00026" HPOS="836" VPOS="445" WIDTH="80" HEIGHT="26" CONTENT="upon" WC="0.93" CC="1001"/>
						<SP ID="P224_SP00022" HPOS="916" VPOS="471" WIDTH="20"/>
						<String ID="P224_ST00027" HPOS="936" VPOS="437" WIDTH="98" HEIGHT="26" CONTENT="which" WC="0.75" CC="06006"/>
						<SP ID="P224_SP00023" HPOS="1034" VPOS="471" WIDTH="20"/>
						<String ID="P224_ST00028" HPOS="1054" VPOS="438" WIDTH="37" HEIGHT="26" CONTENT="he" WC="0.73" CC="50"/>
						<SP ID="P224_SP00024" HPOS="1091" VPOS="471" WIDTH="20"/>
						<String ID="P224_ST00029" HPOS="1111" VPOS="446" WIDTH="62" HEIGHT="18" CONTENT="was" WC="1.00" CC="000"/>
						<SP ID="P224_SP00025" HPOS="1173" VPOS="471" WIDTH="22"/>
						<String ID="P224_ST00030" HPOS="1195" VPOS="437" WIDTH="112" HEIGHT="31" CONTENT="seated," WC="0.98" CC="0000001"/>
						<SP ID="P224_SP00026" HPOS="1307" VPOS="471" WIDTH="23"/>
						<String ID="P224_ST00031" HPOS="1330" VPOS="435" WIDTH="60" HEIGHT="26" CONTENT="and" WC="1.00" CC="000"/>
						<SP ID="P224_SP00027" HPOS="1390" VPOS="471" WIDTH="23"/>
						<String ID="P224_ST00032" HPOS="1413" VPOS="434" WIDTH="37" HEIGHT="26" CONTENT="he" WC="0.86" CC="20"/>
						<SP ID="P224_SP00028" HPOS="1450" VPOS="471" WIDTH="21"/>
						<String ID="P224_ST00033" HPOS="1471" VPOS="441" WIDTH="71" HEIGHT="18" CONTENT="con" SUBS_TYPE="HypPart1" SUBS_CONTENT="continued" WC="0.92" CC="0030"/>
						<HYP CONTENT="-"/>
					</TextLine>
					<TextLine ID="P224_TL00006" HPOS="377" VPOS="483" WIDTH="1166" HEIGHT="38">
						<String ID="P224_ST00034" HPOS="377" VPOS="487" WIDTH="102" HEIGHT="26" CONTENT="tinued" SUBS_TYPE="HypPart2" SUBS_CONTENT="continued" WC="0.92" CC="040000"/>
						<SP ID="P224_SP00029" HPOS="479" VPOS="513" WIDTH="19"/>
						<String ID="P224_ST00035" HPOS="498" VPOS="488" WIDTH="46" HEIGHT="25" CONTENT="his" WC="0.86" CC="400"/>
						<SP ID="P224_SP00030" HPOS="544" VPOS="513" WIDTH="14"/>
						<String ID="P224_ST00036" HPOS="558" VPOS="486" WIDTH="174" HEIGHT="35" CONTENT="vegetarian" WC="0.89" CC="0000001504"/>
						<SP ID="P224_SP00031" HPOS="732" VPOS="521" WIDTH="20"/>
						<String ID="P224_ST00037" HPOS="752" VPOS="486" WIDTH="87" HEIGHT="32" CONTENT="meal," WC="0.91" CC="00004"/>
						<SP ID="P224_SP00032" HPOS="839" VPOS="521" WIDTH="16"/>
						<String ID="P224_ST00038" HPOS="855" VPOS="494" WIDTH="33" HEIGHT="18" CONTENT="as" WC="1.00" CC="00"/>
						<SP ID="P224_SP00033" HPOS="888" VPOS="521" WIDTH="19"/>
						<String ID="P224_ST00039" HPOS="907" VPOS="487" WIDTH="38" HEIGHT="25" CONTENT="he" WC="0.69" CC="60"/>
						<SP ID="P224_SP00034" HPOS="945" VPOS="521" WIDTH="18"/>
						<String ID="P224_ST00040" HPOS="963" VPOS="486" WIDTH="127" HEIGHT="27" CONTENT="listened" WC="0.95" CC="03000000"/>
						<SP ID="P224_SP00035" HPOS="1090" VPOS="521" WIDTH="19"/>
						<String ID="P224_ST00041" HPOS="1109" VPOS="491" WIDTH="30" HEIGHT="22" CONTENT="to" WC="1.00" CC="00"/>
						<SP ID="P224_SP00036" HPOS="1139" VPOS="521" WIDTH="20"/>
						<String ID="P224_ST00042" HPOS="1159" VPOS="487" WIDTH="78" HEIGHT="26" CONTENT="their" WC="0.83" CC="06000"/>
						<SP ID="P224_SP00037" HPOS="1237" VPOS="521" WIDTH="18"/>
						<String ID="P224_ST00043" HPOS="1255" VPOS="490" WIDTH="161" HEIGHT="22" CONTENT="overtures." WC="0.93" CC="0000041000"/>
						<SP ID="P224_SP00038" HPOS="1416" VPOS="521" WIDTH="41"/>
						<String ID="P224_ST00044" HPOS="1457" VPOS="483" WIDTH="86" HEIGHT="34" CONTENT="They" WC="0.61" CC="6008"/>
					</TextLine>
					<TextLine ID="P224_TL00007" HPOS="377" VPOS="532" WIDTH="1165" HEIGHT="40">
						<String ID="P224_ST00045" HPOS="377" VPOS="538" WIDTH="110" HEIGHT="26" CONTENT="offered" WC="0.95" CC="1000100"/>
						<SP ID="P224_SP00039" HPOS="487" VPOS="564" WIDTH="23"/>
						<String ID="P224_ST00046" HPOS="510" VPOS="542" WIDTH="30" HEIGHT="22" CONTENT="to" WC="1.00" CC="00"/>
						<SP ID="P224_SP00040" HPOS="540" VPOS="564" WIDTH="24"/>
						<String ID="P224_ST00047" HPOS="564" VPOS="537" WIDTH="84" HEIGHT="26" CONTENT="bribe" WC="0.73" CC="02460"/>
						<SP ID="P224_SP00041" HPOS="648" VPOS="564" WIDTH="22"/>
						<String ID="P224_ST00048" HPOS="670" VPOS="537" WIDTH="61" HEIGHT="25" CONTENT="him" WC="0.89" CC="300"/>
						<SP ID="P224_SP00042" HPOS="731" VPOS="564" WIDTH="22"/>
						<String ID="P224_ST00049" HPOS="753" VPOS="536" WIDTH="72" HEIGHT="27" CONTENT="with" WC="0.78" CC="0503"/>
						<SP ID="P224_SP00043" HPOS="825" VPOS="564" WIDTH="24"/>
						<String ID="P224_ST00050" HPOS="849" VPOS="537" WIDTH="72" HEIGHT="34" CONTENT="gold" WC="0.88" CC="0040"/>
						<SP ID="P224_SP00044" HPOS="921" VPOS="571" WIDTH="10"/>
						<String ID="P224_ST00051" HPOS="931" VPOS="537" WIDTH="11" HEIGHT="30" CONTENT="f" WC="0.31" CC="6"/>
						<SP ID="P224_SP00045" HPOS="942" VPOS="571" WIDTH="16"/>
						<String ID="P224_ST00052" HPOS="958" VPOS="538" WIDTH="63" HEIGHT="31" CONTENT="but," WC="0.87" CC="3020"/>
						<SP ID="P224_SP00046" HPOS="1021" VPOS="571" WIDTH="23"/>
						<String ID="P224_ST00053" HPOS="1044" VPOS="538" WIDTH="107" HEIGHT="34" CONTENT="taking" WC="0.97" CC="000100"/>
						<SP ID="P224_SP00047" HPOS="1151" VPOS="572" WIDTH="21"/>
						<String ID="P224_ST00054" HPOS="1172" VPOS="546" WIDTH="40" HEIGHT="25" CONTENT="up" WC="0.79" CC="40"/>
						<SP ID="P224_SP00048" HPOS="1212" VPOS="572" WIDTH="24"/>
						<String ID="P224_ST00055" HPOS="1236" VPOS="545" WIDTH="17" HEIGHT="17" CONTENT="a" WC="1.00" CC="0"/>
						<SP ID="P224_SP00049" HPOS="1253" VPOS="572" WIDTH="23"/>
						<String ID="P224_ST00056" HPOS="1276" VPOS="534" WIDTH="139" HEIGHT="37" CONTENT="spoonful" WC="0.94" CC="00000040"/>
						<SP ID="P224_SP00050" HPOS="1415" VPOS="572" WIDTH="23"/>
						<String ID="P224_ST00057" HPOS="1438" VPOS="532" WIDTH="34" HEIGHT="28" CONTENT="of" WC="1.00" CC="00"/>
						<SP ID="P224_SP00051" HPOS="1472" VPOS="572" WIDTH="19"/>
						<String ID="P224_ST00058" HPOS="1491" VPOS="533" WIDTH="51" HEIGHT="26" CONTENT="the" WC="0.88" CC="030"/>
					</TextLine>
					<TextLine ID="P224_TL00008" HPOS="377" VPOS="582" WIDTH="1165" HEIGHT="40">
						<String ID="P224_ST00059" HPOS="377" VPOS="588" WIDTH="125" HEIGHT="26" CONTENT="mashed" WC="0.76" CC="000409"/>
						<SP ID="P224_SP00052" HPOS="502" VPOS="614" WIDTH="31"/>
						<String ID="P224_ST00060" HPOS="533" VPOS="588" WIDTH="126" HEIGHT="34" CONTENT="turnips," WC="0.91" CC="00005001"/>
						<SP ID="P224_SP00053" HPOS="659" VPOS="622" WIDTH="32"/>
						<String ID="P224_ST00061" HPOS="691" VPOS="588" WIDTH="37" HEIGHT="25" CONTENT="he" WC="0.72" CC="50"/>
						<SP ID="P224_SP00054" HPOS="728" VPOS="622" WIDTH="31"/>
						<String ID="P224_ST00062" HPOS="759" VPOS="587" WIDTH="138" HEIGHT="26" CONTENT="declared" WC="1.00" CC="00000000"/>
						<SP ID="P224_SP00055" HPOS="897" VPOS="622" WIDTH="32"/>
						<String ID="P224_ST00063" HPOS="929" VPOS="588" WIDTH="73" HEIGHT="31" CONTENT="that," WC="0.81" CC="05030"/>
						<SP ID="P224_SP00056" HPOS="1002" VPOS="622" WIDTH="28"/>
						<String ID="P224_ST00064" HPOS="1030" VPOS="596" WIDTH="32" HEIGHT="17" CONTENT="as" WC="1.00" CC="00"/>
						<SP ID="P224_SP00057" HPOS="1062" VPOS="622" WIDTH="33"/>
						<String ID="P224_ST00065" HPOS="1095" VPOS="588" WIDTH="73" HEIGHT="33" CONTENT="long" WC="1.00" CC="0000"/>
						<SP ID="P224_SP00058" HPOS="1168" VPOS="622" WIDTH="32"/>
						<String ID="P224_ST00066" HPOS="1200" VPOS="596" WIDTH="33" HEIGHT="17" CONTENT="as" WC="1.00" CC="00"/>
						<SP ID="P224_SP00059" HPOS="1233" VPOS="622" WIDTH="31"/>
						<String ID="P224_ST00067" HPOS="1264" VPOS="587" WIDTH="38" HEIGHT="25" CONTENT="he" WC="0.89" CC="20"/>
						<SP ID="P224_SP00060" HPOS="1302" VPOS="622" WIDTH="32"/>
						<String ID="P224_ST00068" HPOS="1334" VPOS="585" WIDTH="87" HEIGHT="26" CONTENT="could" WC="0.91" CC="00040"/>
						<SP ID="P224_SP00061" HPOS="1421" VPOS="622" WIDTH="32"/>
						<String ID="P224_ST00069" HPOS="1453" VPOS="582" WIDTH="89" HEIGHT="27" CONTENT="make" WC="1.00" CC="0000"/>
					</TextLine>
					<TextLine ID="P224_TL00009" HPOS="378" VPOS="634" WIDTH="1163" HEIGHT="38">
						<String ID="P224_ST00070" HPOS="378" VPOS="646" WIDTH="66" HEIGHT="18" CONTENT="sure" WC="0.70" CC="6500"/>
						<SP ID="P224_SP00062" HPOS="444" VPOS="664" WIDTH="27"/>
						<String ID="P224_ST00071" HPOS="471" VPOS="637" WIDTH="33" HEIGHT="27" CONTENT="of" WC="1.00" CC="00"/>
						<SP ID="P224_SP00063" HPOS="504" VPOS="664" WIDTH="22"/>
						<String ID="P224_ST00072" HPOS="526" VPOS="637" WIDTH="45" HEIGHT="27" CONTENT="his" WC="0.91" CC="020"/>
						<SP ID="P224_SP00064" HPOS="571" VPOS="664" WIDTH="27"/>
						<String ID="P224_ST00073" HPOS="598" VPOS="637" WIDTH="83" HEIGHT="35" CONTENT="daily" WC="0.89" CC="00130"/>
						<SP ID="P224_SP00065" HPOS="681" VPOS="672" WIDTH="25"/>
						<String ID="P224_ST00074" HPOS="706" VPOS="637" WIDTH="99" HEIGHT="26" CONTENT="bunch" WC="0.68" CC="66003"/>
						<SP ID="P224_SP00066" HPOS="805" VPOS="672" WIDTH="28"/>
						<String ID="P224_ST00075" HPOS="833" VPOS="636" WIDTH="33" HEIGHT="26" CONTENT="of" WC="1.00" CC="00"/>
						<SP ID="P224_SP00067" HPOS="866" VPOS="672" WIDTH="22"/>
						<String ID="P224_ST00076" HPOS="888" VPOS="636" WIDTH="46" HEIGHT="26" CONTENT="his" WC="0.72" CC="133"/>
						<SP ID="P224_SP00068" HPOS="934" VPOS="672" WIDTH="27"/>
						<String ID="P224_ST00077" HPOS="961" VPOS="636" WIDTH="145" HEIGHT="27" CONTENT="favourite" WC="0.91" CC="200010300"/>
						<SP ID="P224_SP00069" HPOS="1106" VPOS="672" WIDTH="26"/>
						<String ID="P224_ST00078" HPOS="1132" VPOS="637" WIDTH="117" HEIGHT="34" CONTENT="luxury," WC="0.76" CC="6305100"/>
						<SP ID="P224_SP00070" HPOS="1249" VPOS="672" WIDTH="28"/>
						<String ID="P224_ST00079" HPOS="1277" VPOS="635" WIDTH="111" HEIGHT="27" CONTENT="wealth" WC="0.89" CC="000104"/>
						<SP ID="P224_SP00071" HPOS="1388" VPOS="672" WIDTH="26"/>
						<String ID="P224_ST00080" HPOS="1414" VPOS="634" WIDTH="62" HEIGHT="25" CONTENT="had" WC="0.76" CC="700"/>
						<SP ID="P224_SP00072" HPOS="1476" VPOS="672" WIDTH="27"/>
						<String ID="P224_ST00081" HPOS="1503" VPOS="642" WIDTH="38" HEIGHT="17" CONTENT="no" WC="1.00" CC="00"/>
					</TextLine>
					<TextLine ID="P224_TL00010" HPOS="378" VPOS="687" WIDTH="259" HEIGHT="25">
						<String ID="P224_ST00082" HPOS="378" VPOS="687" WIDTH="117" HEIGHT="25" CONTENT="charms" WC="0.88" CC="060000"/>
						<SP ID="P224_SP00073" HPOS="495" VPOS="712" WIDTH="14"/>
						<String ID="P224_ST00083" HPOS="509" VPOS="687" WIDTH="44" HEIGHT="25" CONTENT="for" WC="0.91" CC="002"/>
						<SP ID="P224_SP00074" HPOS="553" VPOS="712" WIDTH="13"/>
						<String ID="P224_ST00084" HPOS="566" VPOS="687" WIDTH="71" HEIGHT="25" CONTENT="him." WC="0.75" CC="0360"/>
					</TextLine>
				</TextBlock>
				<TextBlock ID="P224_TB00005" HPOS="381" VPOS="757" WIDTH="1159" HEIGHT="427" STYLEREFS="TXT_2 PAR_LEFT">
					<TextLine ID="P224_TL00011" HPOS="434" VPOS="758" WIDTH="1106" HEIGHT="39">
						<String ID="P224_ST00085" HPOS="434" VPOS="762" WIDTH="63" HEIGHT="26" CONTENT="The" WC="0.82" CC="050"/>
						<SP ID="P224_SP00075" HPOS="497" VPOS="788" WIDTH="15"/>
						<String ID="P224_ST00086" HPOS="512" VPOS="762" WIDTH="151" HEIGHT="27" CONTENT="Samnites" WC="0.96" CC="00003000"/>
						<SP ID="P224_SP00076" HPOS="663" VPOS="789" WIDTH="15"/>
						<String ID="P224_ST00087" HPOS="678" VPOS="764" WIDTH="86" HEIGHT="25" CONTENT="made" WC="1.00" CC="0000"/>
						<SP ID="P224_SP00077" HPOS="764" VPOS="789" WIDTH="16"/>
						<String ID="P224_ST00088" HPOS="780" VPOS="771" WIDTH="56" HEIGHT="18" CONTENT="one" WC="1.00" CC="000"/>
						<SP ID="P224_SP00078" HPOS="836" VPOS="789" WIDTH="14"/>
						<String ID="P224_ST00089" HPOS="850" VPOS="770" WIDTH="82" HEIGHT="18" CONTENT="more" WC="0.94" CC="0020"/>
						<SP ID="P224_SP00079" HPOS="932" VPOS="789" WIDTH="14"/>
						<String ID="P224_ST00090" HPOS="946" VPOS="762" WIDTH="156" HEIGHT="35" CONTENT="desperate" WC="1.00" CC="000000000"/>
						<SP ID="P224_SP00080" HPOS="1102" VPOS="797" WIDTH="15"/>
						<String ID="P224_ST00091" HPOS="1117" VPOS="761" WIDTH="85" HEIGHT="27" CONTENT="effort" WC="0.97" CC="000010"/>
						<SP ID="P224_SP00081" HPOS="1202" VPOS="797" WIDTH="15"/>
						<String ID="P224_ST00092" HPOS="1217" VPOS="760" WIDTH="121" HEIGHT="36" CONTENT="against" WC="0.94" CC="0003000"/>
						<SP ID="P224_SP00082" HPOS="1338" VPOS="797" WIDTH="17"/>
						<String ID="P224_ST00093" HPOS="1355" VPOS="759" WIDTH="109" HEIGHT="32" CONTENT="Rome," WC="0.84" CC="40003"/>
						<SP ID="P224_SP00083" HPOS="1464" VPOS="797" WIDTH="17"/>
						<String ID="P224_ST00094" HPOS="1481" VPOS="758" WIDTH="59" HEIGHT="26" CONTENT="and" WC="0.92" CC="020"/>
					</TextLine>
					<TextLine ID="P224_TL00012" HPOS="381" VPOS="808" WIDTH="1159" HEIGHT="40">
						<String ID="P224_ST00095" HPOS="381" VPOS="812" WIDTH="122" HEIGHT="33" CONTENT="Lollius," WC="0.88" CC="20003003"/>
						<SP ID="P224_SP00084" HPOS="503" VPOS="845" WIDTH="20"/>
						<String ID="P224_ST00096" HPOS="523" VPOS="822" WIDTH="17" HEIGHT="17" CONTENT="a" WC="1.00" CC="0"/>
						<SP ID="P224_SP00085" HPOS="540" VPOS="845" WIDTH="20"/>
						<String ID="P224_ST00097" HPOS="560" VPOS="822" WIDTH="141" HEIGHT="26" CONTENT="runaway" WC="0.93" CC="3000000"/>
						<SP ID="P224_SP00086" HPOS="701" VPOS="848" WIDTH="20"/>
						<String ID="P224_ST00098" HPOS="721" VPOS="814" WIDTH="137" HEIGHT="33" CONTENT="hostage," WC="0.80" CC="60005003"/>
						<SP ID="P224_SP00087" HPOS="858" VPOS="848" WIDTH="21"/>
						<String ID="P224_ST00099" HPOS="879" VPOS="813" WIDTH="67" HEIGHT="25" CONTENT="who" WC="0.99" CC="000"/>
						<SP ID="P224_SP00088" HPOS="946" VPOS="848" WIDTH="20"/>
						<String ID="P224_ST00100" HPOS="966" VPOS="812" WIDTH="59" HEIGHT="26" CONTENT="had" WC="0.84" CC="400"/>
						<SP ID="P224_SP00089" HPOS="1025" VPOS="848" WIDTH="21"/>
						<String ID="P224_ST00101" HPOS="1046" VPOS="811" WIDTH="128" HEIGHT="35" CONTENT="escaped" WC="0.77" CC="0006900"/>
						<SP ID="P224_SP00090" HPOS="1174" VPOS="848" WIDTH="21"/>
						<String ID="P224_ST00102" HPOS="1195" VPOS="814" WIDTH="30" HEIGHT="23" CONTENT="to" WC="1.00" CC="00"/>
						<SP ID="P224_SP00091" HPOS="1225" VPOS="848" WIDTH="19"/>
						<String ID="P224_ST00103" HPOS="1244" VPOS="809" WIDTH="48" HEIGHT="27" CONTENT="his" WC="0.77" CC="600"/>
						<SP ID="P224_SP00092" HPOS="1292" VPOS="848" WIDTH="21"/>
						<String ID="P224_ST00104" HPOS="1313" VPOS="808" WIDTH="102" HEIGHT="28" CONTENT="native" WC="0.94" CC="002100"/>
						<SP ID="P224_SP00093" HPOS="1415" VPOS="848" WIDTH="20"/>
						<String ID="P224_ST00105" HPOS="1435" VPOS="816" WIDTH="105" HEIGHT="18" CONTENT="moun" SUBS_TYPE="HypPart1" SUBS_CONTENT="mountains," WC="0.82" CC="00440"/>
						<HYP CONTENT="-"/>
					</TextLine>
					<TextLine ID="P224_TL00013" HPOS="381" VPOS="858" WIDTH="1159" HEIGHT="39">
						<String ID="P224_ST00106" HPOS="381" VPOS="863" WIDTH="87" HEIGHT="32" CONTENT="tains," SUBS_TYPE="HypPart2" SUBS_CONTENT="mountains," WC="0.89" CC="130000"/>
						<SP ID="P224_SP00094" HPOS="468" VPOS="895" WIDTH="21"/>
						<String ID="P224_ST00107" HPOS="489" VPOS="862" WIDTH="91" HEIGHT="27" CONTENT="found" WC="0.84" CC="10500"/>
						<SP ID="P224_SP00095" HPOS="580" VPOS="895" WIDTH="21"/>
						<String ID="P224_ST00108" HPOS="601" VPOS="863" WIDTH="49" HEIGHT="27" CONTENT="life" WC="0.97" CC="1000"/>
						<SP ID="P224_SP00096" HPOS="650" VPOS="895" WIDTH="23"/>
						<String ID="P224_ST00109" HPOS="673" VPOS="864" WIDTH="71" HEIGHT="26" CONTENT="such" WC="0.86" CC="0401"/>
						<SP ID="P224_SP00097" HPOS="744" VPOS="895" WIDTH="22"/>
						<String ID="P224_ST00110" HPOS="766" VPOS="863" WIDTH="181" HEIGHT="34" CONTENT="thoroughly" WC="0.70" CC="0600058620"/>
						<SP ID="P224_SP00098" HPOS="947" VPOS="897" WIDTH="20"/>
						<String ID="P224_ST00111" HPOS="967" VPOS="862" WIDTH="109" HEIGHT="34" CONTENT="up-hill" WC="0.74" CC="4045400"/>
						<SP ID="P224_SP00099" HPOS="1076" VPOS="897" WIDTH="20"/>
						<String ID="P224_ST00112" HPOS="1096" VPOS="861" WIDTH="91" HEIGHT="32" CONTENT="work," WC="0.93" CC="00003"/>
						<SP ID="P224_SP00100" HPOS="1187" VPOS="897" WIDTH="19"/>
						<String ID="P224_ST00113" HPOS="1206" VPOS="860" WIDTH="66" HEIGHT="27" CONTENT="that" WC="0.86" CC="0500"/>
						<SP ID="P224_SP00101" HPOS="1272" VPOS="897" WIDTH="22"/>
						<String ID="P224_ST00114" HPOS="1294" VPOS="860" WIDTH="38" HEIGHT="26" CONTENT="he" WC="0.67" CC="60"/>
						<SP ID="P224_SP00102" HPOS="1332" VPOS="897" WIDTH="20"/>
						<String ID="P224_ST00115" HPOS="1352" VPOS="858" WIDTH="136" HEIGHT="28" CONTENT="resolved" WC="0.87" CC="30501000"/>
						<SP ID="P224_SP00103" HPOS="1488" VPOS="897" WIDTH="21"/>
						<String ID="P224_ST00116" HPOS="1509" VPOS="862" WIDTH="31" HEIGHT="23" CONTENT="to" WC="1.00" CC="00"/>
					</TextLine>
					<TextLine ID="P224_TL00014" HPOS="382" VPOS="908" WIDTH="1156" HEIGHT="39">
						<String ID="P224_ST00117" HPOS="382" VPOS="912" WIDTH="115" HEIGHT="35" CONTENT="change" WC="0.88" CC="060000"/>
						<SP ID="P224_SP00104" HPOS="497" VPOS="947" WIDTH="14"/>
						<String ID="P224_ST00118" HPOS="511" VPOS="912" WIDTH="32" HEIGHT="32" CONTENT="it," WC="0.70" CC="503"/>
						<SP ID="P224_SP00105" HPOS="543" VPOS="947" WIDTH="17"/>
						<String ID="P224_ST00119" HPOS="560" VPOS="921" WIDTH="32" HEIGHT="17" CONTENT="or" WC="1.00" CC="00"/>
						<SP ID="P224_SP00106" HPOS="592" VPOS="947" WIDTH="12"/>
						<String ID="P224_ST00120" HPOS="604" VPOS="917" WIDTH="67" HEIGHT="29" CONTENT="part" WC="1.00" CC="0000"/>
						<SP ID="P224_SP00107" HPOS="671" VPOS="947" WIDTH="13"/>
						<String ID="P224_ST00121" HPOS="684" VPOS="913" WIDTH="71" HEIGHT="26" CONTENT="with" WC="0.71" CC="0523"/>
						<SP ID="P224_SP00108" HPOS="755" VPOS="947" WIDTH="15"/>
						<String ID="P224_ST00122" HPOS="770" VPOS="913" WIDTH="31" HEIGHT="26" CONTENT="it." WC="0.99" CC="000"/>
						<SP ID="P224_SP00109" HPOS="801" VPOS="947" WIDTH="41"/>
						<String ID="P224_ST00123" HPOS="842" VPOS="912" WIDTH="126" HEIGHT="34" CONTENT="Having" WC="0.83" CC="300510"/>
						<SP ID="P224_SP00110" HPOS="968" VPOS="947" WIDTH="14"/>
						<String ID="P224_ST00124" HPOS="982" VPOS="915" WIDTH="52" HEIGHT="31" CONTENT="got" WC="1.00" CC="000"/>
						<SP ID="P224_SP00111" HPOS="1034" VPOS="947" WIDTH="14"/>
						<String ID="P224_ST00125" HPOS="1048" VPOS="911" WIDTH="95" HEIGHT="26" CONTENT="round" WC="0.97" CC="10000"/>
						<SP ID="P224_SP00112" HPOS="1143" VPOS="947" WIDTH="15"/>
						<String ID="P224_ST00126" HPOS="1158" VPOS="910" WIDTH="62" HEIGHT="25" CONTENT="him" WC="0.80" CC="050"/>
						<SP ID="P224_SP00113" HPOS="1220" VPOS="947" WIDTH="16"/>
						<String ID="P224_ST00127" HPOS="1236" VPOS="919" WIDTH="17" HEIGHT="16" CONTENT="a" WC="0.95" CC="0"/>
						<SP ID="P224_SP00114" HPOS="1253" VPOS="947" WIDTH="14"/>
						<String ID="P224_ST00128" HPOS="1267" VPOS="908" WIDTH="82" HEIGHT="27" CONTENT="band" WC="1.00" CC="0000"/>
						<SP ID="P224_SP00115" HPOS="1349" VPOS="947" WIDTH="15"/>
						<String ID="P224_ST00129" HPOS="1364" VPOS="908" WIDTH="33" HEIGHT="27" CONTENT="of" WC="1.00" CC="00"/>
						<SP ID="P224_SP00116" HPOS="1397" VPOS="947" WIDTH="8"/>
						<String ID="P224_ST00130" HPOS="1405" VPOS="908" WIDTH="133" HEIGHT="32" CONTENT="robbers," WC="0.96" CC="00000002"/>
					</TextLine>
					<TextLine ID="P224_TL00015" HPOS="381" VPOS="958" WIDTH="1159" HEIGHT="38">
						<String ID="P224_ST00131" HPOS="381" VPOS="961" WIDTH="65" HEIGHT="26" CONTENT="who" WC="0.76" CC="070"/>
						<SP ID="P224_SP00117" HPOS="446" VPOS="987" WIDTH="20"/>
						<String ID="P224_ST00132" HPOS="466" VPOS="970" WIDTH="76" HEIGHT="18" CONTENT="were" WC="0.96" CC="0010"/>
						<SP ID="P224_SP00118" HPOS="542" VPOS="988" WIDTH="18"/>
						<String ID="P224_ST00133" HPOS="560" VPOS="962" WIDTH="60" HEIGHT="34" CONTENT="just" WC="0.76" CC="0009"/>
						<SP ID="P224_SP00119" HPOS="620" VPOS="996" WIDTH="23"/>
						<String ID="P224_ST00134" HPOS="643" VPOS="963" WIDTH="50" HEIGHT="25" CONTENT="the" WC="0.83" CC="050"/>
						<SP ID="P224_SP00120" HPOS="693" VPOS="996" WIDTH="21"/>
						<String ID="P224_ST00135" HPOS="714" VPOS="967" WIDTH="60" HEIGHT="22" CONTENT="sort" WC="1.00" CC="0000"/>
						<SP ID="P224_SP00121" HPOS="774" VPOS="996" WIDTH="21"/>
						<String ID="P224_ST00136" HPOS="795" VPOS="961" WIDTH="32" HEIGHT="27" CONTENT="of" WC="1.00" CC="00"/>
						<SP ID="P224_SP00122" HPOS="827" VPOS="996" WIDTH="15"/>
						<String ID="P224_ST00137" HPOS="842" VPOS="969" WIDTH="124" HEIGHT="27" CONTENT="persons" WC="0.97" CC="0010000"/>
						<SP ID="P224_SP00123" HPOS="966" VPOS="996" WIDTH="20"/>
						<String ID="P224_ST00138" HPOS="986" VPOS="965" WIDTH="31" HEIGHT="21" CONTENT="to" WC="1.00" CC="00"/>
						<SP ID="P224_SP00124" HPOS="1017" VPOS="996" WIDTH="21"/>
						<String ID="P224_ST00139" HPOS="1038" VPOS="961" WIDTH="37" HEIGHT="25" CONTENT="do" WC="1.00" CC="00"/>
						<SP ID="P224_SP00125" HPOS="1075" VPOS="996" WIDTH="21"/>
						<String ID="P224_ST00140" HPOS="1096" VPOS="959" WIDTH="179" HEIGHT="36" CONTENT="everything" WC="0.92" CC="0000007000"/>
						<SP ID="P224_SP00126" HPOS="1275" VPOS="996" WIDTH="22"/>
						<String ID="P224_ST00141" HPOS="1297" VPOS="959" WIDTH="41" HEIGHT="35" CONTENT="by" WC="1.00" CC="00"/>
						<SP ID="P224_SP00127" HPOS="1338" VPOS="996" WIDTH="22"/>
						<String ID="P224_ST00142" HPOS="1360" VPOS="958" WIDTH="120" HEIGHT="33" CONTENT="stealth," WC="0.89" CC="00001042"/>
						<SP ID="P224_SP00128" HPOS="1480" VPOS="996" WIDTH="21"/>
						<String ID="P224_ST00143" HPOS="1501" VPOS="958" WIDTH="39" HEIGHT="26" CONTENT="he" WC="0.69" CC="60"/>
					</TextLine>
					<TextLine ID="P224_TL00016" HPOS="384" VPOS="1007" WIDTH="1155" HEIGHT="39">
						<String ID="P224_ST00144" HPOS="384" VPOS="1012" WIDTH="127" HEIGHT="34" CONTENT="secretly" WC="0.91" CC="00010060"/>
						<SP ID="P224_SP00129" HPOS="511" VPOS="1046" WIDTH="19"/>
						<String ID="P224_ST00145" HPOS="530" VPOS="1013" WIDTH="145" HEIGHT="33" CONTENT="prepared" WC="0.96" CC="00003000"/>
						<SP ID="P224_SP00130" HPOS="675" VPOS="1046" WIDTH="22"/>
						<String ID="P224_ST00146" HPOS="697" VPOS="1016" WIDTH="29" HEIGHT="22" CONTENT="to" WC="1.00" CC="00"/>
						<SP ID="P224_SP00131" HPOS="726" VPOS="1046" WIDTH="21"/>
						<String ID="P224_ST00147" HPOS="747" VPOS="1011" WIDTH="101" HEIGHT="27" CONTENT="attack" WC="1.00" CC="000000"/>
						<SP ID="P224_SP00132" HPOS="848" VPOS="1046" WIDTH="20"/>
						<String ID="P224_ST00148" HPOS="868" VPOS="1011" WIDTH="50" HEIGHT="26" CONTENT="the" WC="0.76" CC="070"/>
						<SP ID="P224_SP00133" HPOS="918" VPOS="1046" WIDTH="21"/>
						<String ID="P224_ST00149" HPOS="939" VPOS="1011" WIDTH="137" HEIGHT="25" CONTENT="Romans" WC="0.91" CC="000050"/>
						<String ID="P224_ST00150" HPOS="1087" VPOS="1020" WIDTH="5" HEIGHT="20" CONTENT=";" WC="0.96" CC="0"/>
						<SP ID="P224_SP00134" HPOS="1092" VPOS="1046" WIDTH="22"/>
						<String ID="P224_ST00151" HPOS="1114" VPOS="1011" WIDTH="53" HEIGHT="24" CONTENT="but" WC="0.81" CC="320"/>
						<SP ID="P224_SP00135" HPOS="1167" VPOS="1046" WIDTH="22"/>
						<String ID="P224_ST00152" HPOS="1189" VPOS="1010" WIDTH="80" HEIGHT="35" CONTENT="they," WC="0.72" CC="44004"/>
						<SP ID="P224_SP00136" HPOS="1269" VPOS="1046" WIDTH="22"/>
						<String ID="P224_ST00153" HPOS="1291" VPOS="1008" WIDTH="128" HEIGHT="35" CONTENT="hearing" WC="0.85" CC="4000050"/>
						<SP ID="P224_SP00137" HPOS="1419" VPOS="1046" WIDTH="19"/>
						<String ID="P224_ST00154" HPOS="1438" VPOS="1007" WIDTH="34" HEIGHT="27" CONTENT="of" WC="1.00" CC="00"/>
						<SP ID="P224_SP00138" HPOS="1472" VPOS="1046" WIDTH="16"/>
						<String ID="P224_ST00155" HPOS="1488" VPOS="1007" WIDTH="51" HEIGHT="27" CONTENT="the" WC="0.54" CC="750"/>
					</TextLine>
					<TextLine ID="P224_TL00017" HPOS="386" VPOS="1057" WIDTH="1153" HEIGHT="38">
						<String ID="P224_ST00156" HPOS="386" VPOS="1061" WIDTH="149" HEIGHT="34" CONTENT="approach" WC="0.94" CC="00000004"/>
						<SP ID="P224_SP00139" HPOS="535" VPOS="1095" WIDTH="14"/>
						<String ID="P224_ST00157" HPOS="549" VPOS="1061" WIDTH="33" HEIGHT="26" CONTENT="of" WC="1.00" CC="00"/>
						<SP ID="P224_SP00140" HPOS="582" VPOS="1095" WIDTH="9"/>
						<String ID="P224_ST00158" HPOS="591" VPOS="1062" WIDTH="49" HEIGHT="25" CONTENT="the" WC="0.82" CC="050"/>
						<SP ID="P224_SP00141" HPOS="640" VPOS="1095" WIDTH="14"/>
						<String ID="P224_ST00159" HPOS="654" VPOS="1062" WIDTH="181" HEIGHT="31" CONTENT="marauders," WC="0.96" CC="0000100200"/>
						<SP ID="P224_SP00142" HPOS="835" VPOS="1095" WIDTH="14"/>
						<String ID="P224_ST00160" HPOS="849" VPOS="1068" WIDTH="77" HEIGHT="18" CONTENT="were" WC="0.98" CC="0000"/>
						<SP ID="P224_SP00143" HPOS="926" VPOS="1095" WIDTH="15"/>
						<String ID="P224_ST00161" HPOS="941" VPOS="1060" WIDTH="82" HEIGHT="35" CONTENT="early" WC="1.00" CC="00000"/>
						<SP ID="P224_SP00144" HPOS="1023" VPOS="1095" WIDTH="14"/>
						<String ID="P224_ST00162" HPOS="1037" VPOS="1059" WIDTH="31" HEIGHT="26" CONTENT="in" WC="0.77" CC="13"/>
						<SP ID="P224_SP00145" HPOS="1068" VPOS="1095" WIDTH="17"/>
						<String ID="P224_ST00163" HPOS="1085" VPOS="1059" WIDTH="50" HEIGHT="26" CONTENT="the" WC="0.82" CC="050"/>
						<SP ID="P224_SP00146" HPOS="1135" VPOS="1095" WIDTH="16"/>
						<String ID="P224_ST00164" HPOS="1151" VPOS="1058" WIDTH="80" HEIGHT="32" CONTENT="field," WC="0.87" CC="000303"/>
						<SP ID="P224_SP00147" HPOS="1231" VPOS="1095" WIDTH="15"/>
						<String ID="P224_ST00165" HPOS="1246" VPOS="1058" WIDTH="69" HEIGHT="32" CONTENT="and," WC="1.00" CC="0000"/>
						<SP ID="P224_SP00148" HPOS="1315" VPOS="1095" WIDTH="17"/>
						<String ID="P224_ST00166" HPOS="1332" VPOS="1057" WIDTH="139" HEIGHT="35" CONTENT="securing" WC="0.94" CC="00031000"/>
						<SP ID="P224_SP00149" HPOS="1471" VPOS="1095" WIDTH="17"/>
						<String ID="P224_ST00167" HPOS="1488" VPOS="1057" WIDTH="51" HEIGHT="26" CONTENT="the" WC="0.81" CC="050"/>
					</TextLine>
					<TextLine ID="P224_TL00018" HPOS="383" VPOS="1107" WIDTH="1157" HEIGHT="35">
						<String ID="P224_ST00168" HPOS="383" VPOS="1109" WIDTH="116" HEIGHT="26" CONTENT="leaders" WC="0.97" CC="1000000"/>
						<SP ID="P224_SP00150" HPOS="499" VPOS="1135" WIDTH="15"/>
						<String ID="P224_ST00169" HPOS="514" VPOS="1110" WIDTH="32" HEIGHT="26" CONTENT="of" WC="0.84" CC="03"/>
						<SP ID="P224_SP00151" HPOS="546" VPOS="1136" WIDTH="15"/>
						<String ID="P224_ST00170" HPOS="561" VPOS="1110" WIDTH="50" HEIGHT="26" CONTENT="the" WC="0.77" CC="060"/>
						<SP ID="P224_SP00152" HPOS="611" VPOS="1136" WIDTH="17"/>
						<String ID="P224_ST00171" HPOS="628" VPOS="1110" WIDTH="204" HEIGHT="32" CONTENT="insurrection," WC="0.87" CC="0005020000034"/>
						<SP ID="P224_SP00153" HPOS="832" VPOS="1142" WIDTH="15"/>
						<String ID="P224_ST00172" HPOS="847" VPOS="1109" WIDTH="100" HEIGHT="26" CONTENT="struck" WC="0.92" CC="040000"/>
						<SP ID="P224_SP00154" HPOS="947" VPOS="1142" WIDTH="21"/>
						<String ID="P224_ST00173" HPOS="968" VPOS="1108" WIDTH="42" HEIGHT="26" CONTENT="off" WC="1.00" CC="000"/>
						<SP ID="P224_SP00155" HPOS="1010" VPOS="1142" WIDTH="16"/>
						<String ID="P224_ST00174" HPOS="1026" VPOS="1108" WIDTH="77" HEIGHT="26" CONTENT="their" WC="0.87" CC="06000"/>
						<SP ID="P224_SP00156" HPOS="1103" VPOS="1142" WIDTH="20"/>
						<String ID="P224_ST00175" HPOS="1123" VPOS="1108" WIDTH="93" HEIGHT="26" CONTENT="heads" WC="0.89" CC="50000"/>
						<SP ID="P224_SP00157" HPOS="1216" VPOS="1142" WIDTH="20"/>
						<String ID="P224_ST00176" HPOS="1236" VPOS="1107" WIDTH="30" HEIGHT="27" CONTENT="in" WC="0.79" CC="40"/>
						<SP ID="P224_SP00158" HPOS="1266" VPOS="1142" WIDTH="22"/>
						<String ID="P224_ST00177" HPOS="1288" VPOS="1107" WIDTH="87" HEIGHT="27" CONTENT="order" WC="0.85" CC="03003"/>
						<SP ID="P224_SP00159" HPOS="1375" VPOS="1142" WIDTH="18"/>
						<String ID="P224_ST00178" HPOS="1393" VPOS="1111" WIDTH="32" HEIGHT="23" CONTENT="to" WC="1.00" CC="00"/>
						<SP ID="P224_SP00160" HPOS="1425" VPOS="1142" WIDTH="20"/>
						<String ID="P224_ST00179" HPOS="1445" VPOS="1107" WIDTH="95" HEIGHT="26" CONTENT="break" WC="0.91" CC="04000"/>
					</TextLine>
					<TextLine ID="P224_TL00019" HPOS="382" VPOS="1159" WIDTH="227" HEIGHT="25">
						<String ID="P224_ST00180" HPOS="382" VPOS="1159" WIDTH="50" HEIGHT="25" CONTENT="the" WC="0.84" CC="040"/>
						<SP ID="P224_SP00161" HPOS="432" VPOS="1184" WIDTH="13"/>
						<String ID="P224_ST00181" HPOS="445" VPOS="1160" WIDTH="76" HEIGHT="24" CONTENT="neck" WC="1.00" CC="0000"/>
						<SP ID="P224_SP00162" HPOS="521" VPOS="1184" WIDTH="13"/>
						<String ID="P224_ST00182" HPOS="534" VPOS="1159" WIDTH="32" HEIGHT="25" CONTENT="of" WC="1.00" CC="00"/>
						<SP ID="P224_SP00163" HPOS="566" VPOS="1184" WIDTH="13"/>
						<String ID="P224_ST00183" HPOS="579" VPOS="1160" WIDTH="30" HEIGHT="24" CONTENT="it." WC="0.93" CC="010"/>
					</TextLine>
				</TextBlock>
				<TextBlock ID="P224_TB00006" HPOS="382" VPOS="1231" WIDTH="1157" HEIGHT="381" STYLEREFS="TXT_2 PAR_LEFT">
					<TextLine ID="P224_TL00020" HPOS="441" VPOS="1231" WIDTH="1097" HEIGHT="37">
						<String ID="P224_ST00184" HPOS="441" VPOS="1233" WIDTH="97" HEIGHT="26" CONTENT="Rome" WC="0.89" CC="3100"/>
						<SP ID="P224_SP00164" HPOS="538" VPOS="1259" WIDTH="14"/>
						<String ID="P224_ST00185" HPOS="552" VPOS="1241" WIDTH="61" HEIGHT="19" CONTENT="was" WC="1.00" CC="000"/>
						<SP ID="P224_SP00165" HPOS="613" VPOS="1260" WIDTH="13"/>
						<String ID="P224_ST00186" HPOS="626" VPOS="1242" WIDTH="67" HEIGHT="18" CONTENT="now" WC="1.00" CC="000"/>
						<SP ID="P224_SP00166" HPOS="693" VPOS="1260" WIDTH="15"/>
						<String ID="P224_ST00187" HPOS="708" VPOS="1234" WIDTH="132" HEIGHT="26" CONTENT="mistress" WC="0.90" CC="03040000"/>
						<SP ID="P224_SP00167" HPOS="840" VPOS="1260" WIDTH="14"/>
						<String ID="P224_ST00188" HPOS="854" VPOS="1233" WIDTH="33" HEIGHT="27" CONTENT="of" WC="0.94" CC="01"/>
						<SP ID="P224_SP00168" HPOS="887" VPOS="1260" WIDTH="9"/>
						<String ID="P224_ST00189" HPOS="896" VPOS="1234" WIDTH="89" HEIGHT="34" CONTENT="Italy," WC="0.94" CC="000003"/>
						<SP ID="P224_SP00169" HPOS="985" VPOS="1268" WIDTH="14"/>
						<String ID="P224_ST00190" HPOS="999" VPOS="1234" WIDTH="52" HEIGHT="25" CONTENT="but" WC="0.81" CC="050"/>
						<SP ID="P224_SP00170" HPOS="1051" VPOS="1268" WIDTH="15"/>
						<String ID="P224_ST00191" HPOS="1066" VPOS="1233" WIDTH="52" HEIGHT="25" CONTENT="her" WC="0.73" CC="430"/>
						<SP ID="P224_SP00171" HPOS="1118" VPOS="1268" WIDTH="15"/>
						<String ID="P224_ST00192" HPOS="1133" VPOS="1232" WIDTH="155" HEIGHT="32" CONTENT="ambition," WC="0.89" CC="000200033"/>
						<SP ID="P224_SP00172" HPOS="1288" VPOS="1268" WIDTH="11"/>
						<String ID="P224_ST00193" HPOS="1299" VPOS="1231" WIDTH="107" HEIGHT="32" CONTENT="which," WC="0.82" CC="031040"/>
						<SP ID="P224_SP00173" HPOS="1406" VPOS="1268" WIDTH="16"/>
						<String ID="P224_ST00194" HPOS="1422" VPOS="1231" WIDTH="116" HEIGHT="36" CONTENT="though" WC="0.80" CC="060005"/>
					</TextLine>
					<TextLine ID="P224_TL00021" HPOS="387" VPOS="1281" WIDTH="1152" HEIGHT="36">
						<String ID="P224_ST00195" HPOS="387" VPOS="1283" WIDTH="110" HEIGHT="34" CONTENT="always" WC="0.84" CC="000900"/>
						<SP ID="P224_SP00174" HPOS="497" VPOS="1317" WIDTH="18"/>
						<String ID="P224_ST00196" HPOS="515" VPOS="1283" WIDTH="144" HEIGHT="34" CONTENT="vaulting," WC="0.58" CC="704234590"/>
						<SP ID="P224_SP00175" HPOS="659" VPOS="1317" WIDTH="20"/>
						<String ID="P224_ST00197" HPOS="679" VPOS="1283" WIDTH="86" HEIGHT="26" CONTENT="knew" WC="0.99" CC="0000"/>
						<SP ID="P224_SP00176" HPOS="765" VPOS="1317" WIDTH="18"/>
						<String ID="P224_ST00198" HPOS="783" VPOS="1292" WIDTH="39" HEIGHT="17" CONTENT="no" WC="1.00" CC="00"/>
						<SP ID="P224_SP00177" HPOS="822" VPOS="1317" WIDTH="17"/>
						<String ID="P224_ST00199" HPOS="839" VPOS="1283" WIDTH="125" HEIGHT="32" CONTENT="bounds," WC="0.83" CC="2050102"/>
						<SP ID="P224_SP00178" HPOS="964" VPOS="1317" WIDTH="17"/>
						<String ID="P224_ST00200" HPOS="981" VPOS="1283" WIDTH="98" HEIGHT="26" CONTENT="would" WC="0.91" CC="00210"/>
						<SP ID="P224_SP00179" HPOS="1079" VPOS="1317" WIDTH="19"/>
						<String ID="P224_ST00201" HPOS="1098" VPOS="1286" WIDTH="52" HEIGHT="22" CONTENT="not" WC="0.76" CC="600"/>
						<SP ID="P224_SP00180" HPOS="1150" VPOS="1317" WIDTH="19"/>
						<String ID="P224_ST00202" HPOS="1169" VPOS="1282" WIDTH="88" HEIGHT="26" CONTENT="allow" WC="0.97" CC="00100"/>
						<SP ID="P224_SP00181" HPOS="1257" VPOS="1317" WIDTH="14"/>
						<String ID="P224_ST00203" HPOS="1271" VPOS="1282" WIDTH="53" HEIGHT="26" CONTENT="her" WC="0.82" CC="500"/>
						<SP ID="P224_SP00182" HPOS="1324" VPOS="1317" WIDTH="18"/>
						<String ID="P224_ST00204" HPOS="1342" VPOS="1285" WIDTH="30" HEIGHT="22" CONTENT="to" WC="1.00" CC="00"/>
						<SP ID="P224_SP00183" HPOS="1372" VPOS="1317" WIDTH="19"/>
						<String ID="P224_ST00205" HPOS="1391" VPOS="1281" WIDTH="76" HEIGHT="34" CONTENT="keep" WC="1.00" CC="0000"/>
						<SP ID="P224_SP00184" HPOS="1467" VPOS="1317" WIDTH="19"/>
						<String ID="P224_ST00206" HPOS="1486" VPOS="1282" WIDTH="53" HEIGHT="25" CONTENT="her" WC="0.78" CC="303"/>
					</TextLine>
					<TextLine ID="P224_TL00022" HPOS="386" VPOS="1331" WIDTH="1151" HEIGHT="35">
						<String ID="P224_ST00207" HPOS="386" VPOS="1332" WIDTH="110" HEIGHT="33" CONTENT="empire" WC="0.83" CC="090000"/>
						<SP ID="P224_SP00185" HPOS="496" VPOS="1365" WIDTH="19"/>
						<String ID="P224_ST00208" HPOS="515" VPOS="1332" WIDTH="103" HEIGHT="26" CONTENT="within" WC="0.88" CC="000502"/>
						<SP ID="P224_SP00186" HPOS="618" VPOS="1365" WIDTH="22"/>
						<String ID="P224_ST00209" HPOS="640" VPOS="1332" WIDTH="37" HEIGHT="26" CONTENT="its" WC="0.94" CC="100"/>
						<SP ID="P224_SP00187" HPOS="677" VPOS="1365" WIDTH="22"/>
						<String ID="P224_ST00210" HPOS="699" VPOS="1333" WIDTH="117" HEIGHT="25" CONTENT="natural" WC="0.85" CC="2004003"/>
						<SP ID="P224_SP00188" HPOS="816" VPOS="1365" WIDTH="21"/>
						<String ID="P224_ST00211" HPOS="837" VPOS="1333" WIDTH="101" HEIGHT="26" CONTENT="limits." WC="0.94" CC="4000000"/>
						<SP ID="P224_SP00189" HPOS="938" VPOS="1365" WIDTH="41"/>
						<String ID="P224_ST00212" HPOS="979" VPOS="1333" WIDTH="35" HEIGHT="25" CONTENT="In" WC="1.00" CC="00"/>
						<SP ID="P224_SP00190" HPOS="1014" VPOS="1365" WIDTH="22"/>
						<String ID="P224_ST00213" HPOS="1036" VPOS="1333" WIDTH="50" HEIGHT="25" CONTENT="the" WC="0.68" CC="260"/>
						<SP ID="P224_SP00191" HPOS="1086" VPOS="1365" WIDTH="23"/>
						<String ID="P224_ST00214" HPOS="1109" VPOS="1336" WIDTH="214" HEIGHT="30" CONTENT="management" WC="0.88" CC="0050004002"/>
						<SP ID="P224_SP00192" HPOS="1323" VPOS="1366" WIDTH="21"/>
						<String ID="P224_ST00215" HPOS="1344" VPOS="1331" WIDTH="33" HEIGHT="26" CONTENT="of" WC="1.00" CC="00"/>
						<SP ID="P224_SP00193" HPOS="1377" VPOS="1366" WIDTH="16"/>
						<String ID="P224_ST00216" HPOS="1393" VPOS="1332" WIDTH="54" HEIGHT="25" CONTENT="her" WC="0.75" CC="502"/>
						<SP ID="P224_SP00194" HPOS="1447" VPOS="1366" WIDTH="21"/>
						<String ID="P224_ST00217" HPOS="1468" VPOS="1339" WIDTH="69" HEIGHT="18" CONTENT="con" SUBS_TYPE="HypPart1" SUBS_CONTENT="conquered" WC="0.96" CC="0010"/>
						<HYP CONTENT="-"/>
					</TextLine>
					<TextLine ID="P224_TL00023" HPOS="385" VPOS="1381" WIDTH="1153" HEIGHT="35">
						<String ID="P224_ST00218" HPOS="385" VPOS="1383" WIDTH="109" HEIGHT="32" CONTENT="quered" SUBS_TYPE="HypPart2" SUBS_CONTENT="conquered" WC="0.94" CC="030000"/>
						<SP ID="P224_SP00195" HPOS="494" VPOS="1415" WIDTH="24"/>
						<String ID="P224_ST00219" HPOS="518" VPOS="1382" WIDTH="185" HEIGHT="34" CONTENT="possessions" WC="0.91" CC="00000000360"/>
						<SP ID="P224_SP00196" HPOS="703" VPOS="1416" WIDTH="25"/>
						<String ID="P224_ST00220" HPOS="728" VPOS="1383" WIDTH="52" HEIGHT="25" CONTENT="she" WC="0.82" CC="050"/>
						<SP ID="P224_SP00197" HPOS="780" VPOS="1416" WIDTH="23"/>
						<String ID="P224_ST00221" HPOS="803" VPOS="1382" WIDTH="123" HEIGHT="26" CONTENT="affected" WC="1.00" CC="00000000"/>
						<SP ID="P224_SP00198" HPOS="926" VPOS="1416" WIDTH="26"/>
						<String ID="P224_ST00222" HPOS="952" VPOS="1382" WIDTH="87" HEIGHT="25" CONTENT="much" WC="0.81" CC="0303"/>
						<SP ID="P224_SP00199" HPOS="1039" VPOS="1416" WIDTH="23"/>
						<String ID="P224_ST00223" HPOS="1062" VPOS="1382" WIDTH="181" HEIGHT="34" CONTENT="generosity," WC="0.97" CC="00000000002"/>
						<SP ID="P224_SP00200" HPOS="1243" VPOS="1416" WIDTH="22"/>
						<String ID="P224_ST00224" HPOS="1265" VPOS="1382" WIDTH="29" HEIGHT="25" CONTENT="in" WC="0.66" CC="24"/>
						<SP ID="P224_SP00201" HPOS="1294" VPOS="1416" WIDTH="21"/>
						<String ID="P224_ST00225" HPOS="1315" VPOS="1381" WIDTH="171" HEIGHT="35" CONTENT="professing" WC="0.89" CC="0005000400"/>
						<SP ID="P224_SP00202" HPOS="1486" VPOS="1416" WIDTH="22"/>
						<String ID="P224_ST00226" HPOS="1508" VPOS="1385" WIDTH="30" HEIGHT="22" CONTENT="to" WC="1.00" CC="00"/>
					</TextLine>
					<TextLine ID="P224_TL00024" HPOS="388" VPOS="1431" WIDTH="1150" HEIGHT="35">
						<String ID="P224_ST00227" HPOS="388" VPOS="1431" WIDTH="92" HEIGHT="25" CONTENT="admit" WC="0.84" CC="40030"/>
						<SP ID="P224_SP00203" HPOS="480" VPOS="1456" WIDTH="13"/>
						<String ID="P224_ST00228" HPOS="493" VPOS="1431" WIDTH="50" HEIGHT="25" CONTENT="the" WC="0.76" CC="330"/>
						<SP ID="P224_SP00204" HPOS="543" VPOS="1456" WIDTH="14"/>
						<String ID="P224_ST00229" HPOS="557" VPOS="1431" WIDTH="184" HEIGHT="35" CONTENT="vanquished" WC="0.87" CC="0000230600"/>
						<SP ID="P224_SP00205" HPOS="741" VPOS="1466" WIDTH="21"/>
						<String ID="P224_ST00230" HPOS="762" VPOS="1436" WIDTH="29" HEIGHT="21" CONTENT="to" WC="1.00" CC="00"/>
						<SP ID="P224_SP00206" HPOS="791" VPOS="1466" WIDTH="19"/>
						<String ID="P224_ST00231" HPOS="810" VPOS="1440" WIDTH="17" HEIGHT="17" CONTENT="a" WC="1.00" CC="0"/>
						<SP ID="P224_SP00207" HPOS="827" VPOS="1466" WIDTH="19"/>
						<String ID="P224_ST00232" HPOS="846" VPOS="1432" WIDTH="85" HEIGHT="25" CONTENT="share" WC="0.87" CC="06000"/>
						<SP ID="P224_SP00208" HPOS="931" VPOS="1466" WIDTH="15"/>
						<String ID="P224_ST00233" HPOS="946" VPOS="1431" WIDTH="33" HEIGHT="26" CONTENT="of" WC="1.00" CC="00"/>
						<SP ID="P224_SP00209" HPOS="979" VPOS="1466" WIDTH="15"/>
						<String ID="P224_ST00234" HPOS="994" VPOS="1432" WIDTH="53" HEIGHT="25" CONTENT="her" WC="0.81" CC="500"/>
						<SP ID="P224_SP00210" HPOS="1047" VPOS="1466" WIDTH="14"/>
						<String ID="P224_ST00235" HPOS="1061" VPOS="1440" WIDTH="65" HEIGHT="17" CONTENT="own" WC="1.00" CC="000"/>
						<SP ID="P224_SP00211" HPOS="1126" VPOS="1466" WIDTH="16"/>
						<String ID="P224_ST00236" HPOS="1142" VPOS="1432" WIDTH="195" HEIGHT="34" CONTENT="advantages," WC="0.96" CC="00003000001"/>
						<String ID="P224_ST00237" HPOS="1339" VPOS="1448" WIDTH="35" HEIGHT="2" CONTENT="—" WC="0.20" CC="8"/>
						<String ID="P224_ST00238" HPOS="1378" VPOS="1440" WIDTH="38" HEIGHT="17" CONTENT="an" WC="1.00" CC="00"/>
						<SP ID="P224_SP00212" HPOS="1416" VPOS="1466" WIDTH="18"/>
						<String ID="P224_ST00239" HPOS="1434" VPOS="1440" WIDTH="104" HEIGHT="26" CONTENT="opera" SUBS_TYPE="HypPart1" SUBS_CONTENT="operation" WC="0.98" CC="000000"/>
						<HYP CONTENT="-"/>
					</TextLine>
					<TextLine ID="P224_TL00025" HPOS="385" VPOS="1480" WIDTH="1154" HEIGHT="35">
						<String ID="P224_ST00240" HPOS="385" VPOS="1480" WIDTH="62" HEIGHT="25" CONTENT="tion" SUBS_TYPE="HypPart2" SUBS_CONTENT="operation" WC="0.89" CC="1200"/>
						<SP ID="P224_SP00213" HPOS="447" VPOS="1505" WIDTH="14"/>
						<String ID="P224_ST00241" HPOS="461" VPOS="1480" WIDTH="53" HEIGHT="25" CONTENT="she" WC="0.91" CC="020"/>
						<SP ID="P224_SP00214" HPOS="514" VPOS="1505" WIDTH="15"/>
						<String ID="P224_ST00242" HPOS="529" VPOS="1480" WIDTH="121" HEIGHT="26" CONTENT="effected" WC="1.00" CC="00000000"/>
						<SP ID="P224_SP00215" HPOS="650" VPOS="1506" WIDTH="17"/>
						<String ID="P224_ST00243" HPOS="667" VPOS="1481" WIDTH="40" HEIGHT="34" CONTENT="by" WC="1.00" CC="00"/>
						<SP ID="P224_SP00216" HPOS="707" VPOS="1515" WIDTH="13"/>
						<String ID="P224_ST00244" HPOS="720" VPOS="1481" WIDTH="107" HEIGHT="34" CONTENT="taking" WC="0.78" CC="060060"/>
						<SP ID="P224_SP00217" HPOS="827" VPOS="1515" WIDTH="18"/>
						<String ID="P224_ST00245" HPOS="845" VPOS="1481" WIDTH="39" HEIGHT="25" CONTENT="all" WC="0.90" CC="011"/>
						<SP ID="P224_SP00218" HPOS="884" VPOS="1515" WIDTH="18"/>
						<String ID="P224_ST00246" HPOS="902" VPOS="1481" WIDTH="50" HEIGHT="25" CONTENT="the" WC="0.81" CC="050"/>
						<SP ID="P224_SP00219" HPOS="952" VPOS="1515" WIDTH="20"/>
						<String ID="P224_ST00247" HPOS="972" VPOS="1482" WIDTH="185" HEIGHT="33" CONTENT="advantages" WC="0.92" CC="0000520000"/>
						<SP ID="P224_SP00220" HPOS="1157" VPOS="1515" WIDTH="18"/>
						<String ID="P224_ST00248" HPOS="1175" VPOS="1485" WIDTH="31" HEIGHT="22" CONTENT="to" WC="1.00" CC="00"/>
						<SP ID="P224_SP00221" HPOS="1206" VPOS="1515" WIDTH="19"/>
						<String ID="P224_ST00249" HPOS="1225" VPOS="1481" WIDTH="114" HEIGHT="26" CONTENT="herself" WC="0.80" CC="6020050"/>
						<SP ID="P224_SP00222" HPOS="1339" VPOS="1515" WIDTH="16"/>
						<String ID="P224_ST00250" HPOS="1355" VPOS="1482" WIDTH="29" HEIGHT="25" CONTENT="in" WC="0.67" CC="05"/>
						<SP ID="P224_SP00223" HPOS="1384" VPOS="1515" WIDTH="21"/>
						<String ID="P224_ST00251" HPOS="1405" VPOS="1482" WIDTH="50" HEIGHT="25" CONTENT="the" WC="0.79" CC="060"/>
						<SP ID="P224_SP00224" HPOS="1455" VPOS="1515" WIDTH="21"/>
						<String ID="P224_ST00252" HPOS="1476" VPOS="1480" WIDTH="63" HEIGHT="26" CONTENT="first" WC="0.89" CC="22000"/>
					</TextLine>
					<TextLine ID="P224_TL00026" HPOS="385" VPOS="1528" WIDTH="1153" HEIGHT="37">
						<String ID="P224_ST00253" HPOS="385" VPOS="1528" WIDTH="142" HEIGHT="32" CONTENT="instance," WC="0.88" CC="050004000"/>
						<SP ID="P224_SP00225" HPOS="527" VPOS="1560" WIDTH="24"/>
						<String ID="P224_ST00254" HPOS="551" VPOS="1530" WIDTH="58" HEIGHT="24" CONTENT="and" WC="1.00" CC="000"/>
						<SP ID="P224_SP00226" HPOS="609" VPOS="1560" WIDTH="24"/>
						<String ID="P224_ST00255" HPOS="633" VPOS="1529" WIDTH="70" HEIGHT="26" CONTENT="then" WC="0.76" CC="0502"/>
						<SP ID="P224_SP00227" HPOS="703" VPOS="1560" WIDTH="25"/>
						<String ID="P224_ST00256" HPOS="728" VPOS="1530" WIDTH="168" HEIGHT="35" CONTENT="conveying" WC="1.00" CC="000000000"/>
						<SP ID="P224_SP00228" HPOS="896" VPOS="1565" WIDTH="22"/>
						<String ID="P224_ST00257" HPOS="918" VPOS="1538" WIDTH="17" HEIGHT="17" CONTENT="a" WC="1.00" CC="0"/>
						<SP ID="P224_SP00229" HPOS="935" VPOS="1565" WIDTH="22"/>
						<String ID="P224_ST00258" HPOS="957" VPOS="1530" WIDTH="86" HEIGHT="25" CONTENT="small" WC="0.99" CC="00000"/>
						<SP ID="P224_SP00230" HPOS="1043" VPOS="1565" WIDTH="25"/>
						<String ID="P224_ST00259" HPOS="1068" VPOS="1530" WIDTH="111" HEIGHT="35" CONTENT="moiety" WC="0.96" CC="200000"/>
						<SP ID="P224_SP00231" HPOS="1179" VPOS="1565" WIDTH="21"/>
						<String ID="P224_ST00260" HPOS="1200" VPOS="1530" WIDTH="77" HEIGHT="26" CONTENT="back" WC="1.00" CC="0000"/>
						<SP ID="P224_SP00232" HPOS="1277" VPOS="1565" WIDTH="24"/>
						<String ID="P224_ST00261" HPOS="1301" VPOS="1534" WIDTH="31" HEIGHT="22" CONTENT="to" WC="1.00" CC="00"/>
						<SP ID="P224_SP00233" HPOS="1332" VPOS="1565" WIDTH="23"/>
						<String ID="P224_ST00262" HPOS="1355" VPOS="1531" WIDTH="86" HEIGHT="26" CONTENT="those" WC="0.94" CC="02000"/>
						<SP ID="P224_SP00234" HPOS="1441" VPOS="1565" WIDTH="22"/>
						<String ID="P224_ST00263" HPOS="1463" VPOS="1530" WIDTH="75" HEIGHT="26" CONTENT="from" WC="0.93" CC="0200"/>
					</TextLine>
					<TextLine ID="P224_TL00027" HPOS="383" VPOS="1577" WIDTH="491" HEIGHT="35">
						<String ID="P224_ST00264" HPOS="383" VPOS="1577" WIDTH="96" HEIGHT="27" CONTENT="whom" WC="0.84" CC="0600"/>
						<SP ID="P224_SP00235" HPOS="479" VPOS="1604" WIDTH="14"/>
						<String ID="P224_ST00265" HPOS="493" VPOS="1577" WIDTH="71" HEIGHT="35" CONTENT="they" WC="0.70" CC="4700"/>
						<SP ID="P224_SP00236" HPOS="564" VPOS="1612" WIDTH="13"/>
						<String ID="P224_ST00266" HPOS="577" VPOS="1578" WIDTH="60" HEIGHT="26" CONTENT="had" WC="0.76" CC="700"/>
						<SP ID="P224_SP00237" HPOS="637" VPOS="1612" WIDTH="13"/>
						<String ID="P224_ST00267" HPOS="650" VPOS="1579" WIDTH="75" HEIGHT="25" CONTENT="been" WC="1.00" CC="0000"/>
						<SP ID="P224_SP00238" HPOS="725" VPOS="1612" WIDTH="14"/>
						<String ID="P224_ST00268" HPOS="739" VPOS="1580" WIDTH="135" HEIGHT="24" CONTENT="wrested." WC="0.94" CC="04000000"/>
					</TextLine>
				</TextBlock>
				<TextBlock ID="P224_TB00007" HPOS="372" VPOS="1651" WIDTH="1164" HEIGHT="431" STYLEREFS="TXT_2 PAR_LEFT">
					<TextLine ID="P224_TL00028" HPOS="434" VPOS="1651" WIDTH="1098" HEIGHT="37">
						<String ID="P224_ST00269" HPOS="434" VPOS="1651" WIDTH="63" HEIGHT="26" CONTENT="The" WC="0.74" CC="150"/>
						<SP ID="P224_SP00239" HPOS="497" VPOS="1677" WIDTH="15"/>
						<String ID="P224_ST00270" HPOS="512" VPOS="1651" WIDTH="135" HEIGHT="26" CONTENT="Colonial" WC="0.92" CC="00002400"/>
						<SP ID="P224_SP00240" HPOS="647" VPOS="1677" WIDTH="15"/>
						<String ID="P224_ST00271" HPOS="662" VPOS="1656" WIDTH="110" HEIGHT="30" CONTENT="system" WC="1.00" CC="000000"/>
						<SP ID="P224_SP00241" HPOS="772" VPOS="1686" WIDTH="15"/>
						<String ID="P224_ST00272" HPOS="787" VPOS="1653" WIDTH="129" HEIGHT="33" CONTENT="pursued" WC="0.97" CC="0200000"/>
						<SP ID="P224_SP00242" HPOS="916" VPOS="1686" WIDTH="20"/>
						<String ID="P224_ST00273" HPOS="936" VPOS="1653" WIDTH="38" HEIGHT="35" CONTENT="by" WC="1.00" CC="00"/>
						<SP ID="P224_SP00243" HPOS="974" VPOS="1688" WIDTH="16"/>
						<String ID="P224_ST00274" HPOS="990" VPOS="1653" WIDTH="100" HEIGHT="27" CONTENT="Rome" WC="1.00" CC="0000"/>
						<SP ID="P224_SP00244" HPOS="1090" VPOS="1688" WIDTH="19"/>
						<String ID="P224_ST00275" HPOS="1109" VPOS="1662" WIDTH="62" HEIGHT="18" CONTENT="was" WC="1.00" CC="000"/>
						<SP ID="P224_SP00245" HPOS="1171" VPOS="1688" WIDTH="20"/>
						<String ID="P224_ST00276" HPOS="1191" VPOS="1654" WIDTH="142" HEIGHT="34" CONTENT="peculiar," WC="0.96" CC="000000003"/>
						<SP ID="P224_SP00246" HPOS="1333" VPOS="1688" WIDTH="16"/>
						<String ID="P224_ST00277" HPOS="1349" VPOS="1653" WIDTH="44" HEIGHT="28" CONTENT="for" WC="1.00" CC="000"/>
						<SP ID="P224_SP00247" HPOS="1393" VPOS="1688" WIDTH="20"/>
						<String ID="P224_ST00278" HPOS="1413" VPOS="1653" WIDTH="119" HEIGHT="28" CONTENT="instead" WC="0.93" CC="3001000"/>
					</TextLine>
					<TextLine ID="P224_TL00029" HPOS="377" VPOS="1700" WIDTH="1156" HEIGHT="40">
						<String ID="P224_ST00279" HPOS="377" VPOS="1700" WIDTH="33" HEIGHT="26" CONTENT="of" WC="1.00" CC="00"/>
						<SP ID="P224_SP00248" HPOS="410" VPOS="1726" WIDTH="23"/>
						<String ID="P224_ST00280" HPOS="433" VPOS="1701" WIDTH="143" HEIGHT="35" CONTENT="selecting" WC="0.93" CC="006000000"/>
						<SP ID="P224_SP00249" HPOS="576" VPOS="1736" WIDTH="23"/>
						<String ID="P224_ST00281" HPOS="599" VPOS="1702" WIDTH="193" HEIGHT="26" CONTENT="uninhabited" WC="0.84" CC="74401000000"/>
						<SP ID="P224_SP00250" HPOS="792" VPOS="1736" WIDTH="21"/>
						<String ID="P224_ST00282" HPOS="813" VPOS="1703" WIDTH="110" HEIGHT="34" CONTENT="places," WC="0.97" CC="0000001"/>
						<SP ID="P224_SP00251" HPOS="923" VPOS="1737" WIDTH="23"/>
						<String ID="P224_ST00283" HPOS="946" VPOS="1703" WIDTH="52" HEIGHT="27" CONTENT="she" WC="0.76" CC="070"/>
						<SP ID="P224_SP00252" HPOS="998" VPOS="1737" WIDTH="20"/>
						<String ID="P224_ST00284" HPOS="1018" VPOS="1703" WIDTH="149" HEIGHT="35" CONTENT="preferred" WC="0.97" CC="000002000"/>
						<SP ID="P224_SP00253" HPOS="1167" VPOS="1738" WIDTH="24"/>
						<String ID="P224_ST00285" HPOS="1191" VPOS="1713" WIDTH="17" HEIGHT="17" CONTENT="a" WC="1.00" CC="0"/>
						<SP ID="P224_SP00254" HPOS="1208" VPOS="1738" WIDTH="27"/>
						<String ID="P224_ST00286" HPOS="1235" VPOS="1704" WIDTH="178" HEIGHT="35" CONTENT="population" WC="0.95" CC="0003000000"/>
						<SP ID="P224_SP00255" HPOS="1413" VPOS="1739" WIDTH="27"/>
						<String ID="P224_ST00287" HPOS="1440" VPOS="1706" WIDTH="93" HEIGHT="34" CONTENT="ready" WC="1.00" CC="00000"/>
					</TextLine>
					<TextLine ID="P224_TL00030" HPOS="377" VPOS="1751" WIDTH="1156" HEIGHT="40">
						<String ID="P224_ST00288" HPOS="377" VPOS="1751" WIDTH="95" HEIGHT="31" CONTENT="made," WC="1.00" CC="00000"/>
						<SP ID="P224_SP00256" HPOS="472" VPOS="1782" WIDTH="27"/>
						<String ID="P224_ST00289" HPOS="499" VPOS="1752" WIDTH="175" HEIGHT="34" CONTENT="possessing" WC="0.96" CC="0000000130"/>
						<SP ID="P224_SP00257" HPOS="674" VPOS="1786" WIDTH="24"/>
						<String ID="P224_ST00290" HPOS="698" VPOS="1753" WIDTH="108" HEIGHT="25" CONTENT="wealth" WC="0.91" CC="000005"/>
						<SP ID="P224_SP00258" HPOS="806" VPOS="1786" WIDTH="28"/>
						<String ID="P224_ST00291" HPOS="834" VPOS="1753" WIDTH="121" HEIGHT="35" CONTENT="already" WC="1.00" CC="0000000"/>
						<SP ID="P224_SP00259" HPOS="955" VPOS="1788" WIDTH="27"/>
						<String ID="P224_ST00292" HPOS="982" VPOS="1754" WIDTH="149" HEIGHT="34" CONTENT="acquired," WC="0.94" CC="000310000"/>
						<SP ID="P224_SP00260" HPOS="1131" VPOS="1788" WIDTH="25"/>
						<String ID="P224_ST00293" HPOS="1156" VPOS="1753" WIDTH="33" HEIGHT="27" CONTENT="of" WC="1.00" CC="00"/>
						<SP ID="P224_SP00261" HPOS="1189" VPOS="1788" WIDTH="22"/>
						<String ID="P224_ST00294" HPOS="1211" VPOS="1755" WIDTH="98" HEIGHT="25" CONTENT="which" WC="0.86" CC="05001"/>
						<SP ID="P224_SP00262" HPOS="1309" VPOS="1788" WIDTH="29"/>
						<String ID="P224_ST00295" HPOS="1338" VPOS="1756" WIDTH="53" HEIGHT="25" CONTENT="she" WC="0.83" CC="050"/>
						<SP ID="P224_SP00263" HPOS="1391" VPOS="1788" WIDTH="23"/>
						<String ID="P224_ST00296" HPOS="1414" VPOS="1756" WIDTH="119" HEIGHT="35" CONTENT="usually" WC="0.96" CC="2000000"/>
					</TextLine>
					<TextLine ID="P224_TL00031" HPOS="378" VPOS="1800" WIDTH="1153" HEIGHT="39">
						<String ID="P224_ST00297" HPOS="378" VPOS="1800" WIDTH="108" HEIGHT="34" CONTENT="helped" WC="0.85" CC="503000"/>
						<SP ID="P224_SP00264" HPOS="486" VPOS="1834" WIDTH="18"/>
						<String ID="P224_ST00298" HPOS="504" VPOS="1800" WIDTH="112" HEIGHT="26" CONTENT="herself" WC="0.81" CC="7020003"/>
						<SP ID="P224_SP00265" HPOS="616" VPOS="1834" WIDTH="16"/>
						<String ID="P224_ST00299" HPOS="632" VPOS="1806" WIDTH="30" HEIGHT="21" CONTENT="to" WC="1.00" CC="00"/>
						<SP ID="P224_SP00266" HPOS="662" VPOS="1834" WIDTH="21"/>
						<String ID="P224_ST00300" HPOS="683" VPOS="1810" WIDTH="17" HEIGHT="17" CONTENT="a" WC="1.00" CC="0"/>
						<SP ID="P224_SP00267" HPOS="700" VPOS="1834" WIDTH="20"/>
						<String ID="P224_ST00301" HPOS="720" VPOS="1801" WIDTH="51" HEIGHT="27" CONTENT="full" WC="0.98" CC="0000"/>
						<SP ID="P224_SP00268" HPOS="771" VPOS="1834" WIDTH="20"/>
						<String ID="P224_ST00302" HPOS="791" VPOS="1802" WIDTH="80" HEIGHT="27" CONTENT="third" WC="0.88" CC="05000"/>
						<SP ID="P224_SP00269" HPOS="871" VPOS="1834" WIDTH="18"/>
						<String ID="P224_ST00303" HPOS="889" VPOS="1803" WIDTH="30" HEIGHT="26" CONTENT="in" WC="0.72" CC="40"/>
						<SP ID="P224_SP00270" HPOS="919" VPOS="1834" WIDTH="17"/>
						<String ID="P224_ST00304" HPOS="936" VPOS="1803" WIDTH="156" HEIGHT="36" CONTENT="exchange" WC="0.94" CC="00040000"/>
						<SP ID="P224_SP00271" HPOS="1092" VPOS="1839" WIDTH="19"/>
						<String ID="P224_ST00305" HPOS="1111" VPOS="1804" WIDTH="44" HEIGHT="26" CONTENT="for" WC="0.97" CC="000"/>
						<SP ID="P224_SP00272" HPOS="1155" VPOS="1839" WIDTH="17"/>
						<String ID="P224_ST00306" HPOS="1172" VPOS="1813" WIDTH="17" HEIGHT="17" CONTENT="a" WC="1.00" CC="0"/>
						<SP ID="P224_SP00273" HPOS="1189" VPOS="1839" WIDTH="17"/>
						<String ID="P224_ST00307" HPOS="1206" VPOS="1804" WIDTH="213" HEIGHT="33" CONTENT="Government," WC="0.92" CC="60000000010"/>
						<SP ID="P224_SP00274" HPOS="1419" VPOS="1839" WIDTH="16"/>
						<String ID="P224_ST00308" HPOS="1435" VPOS="1806" WIDTH="96" HEIGHT="26" CONTENT="which" WC="0.86" CC="04001"/>
					</TextLine>
					<TextLine ID="P224_TL00032" HPOS="379" VPOS="1849" WIDTH="1152" HEIGHT="41">
						<String ID="P224_ST00309" HPOS="379" VPOS="1849" WIDTH="52" HEIGHT="26" CONTENT="she" WC="0.76" CC="070"/>
						<SP ID="P224_SP00275" HPOS="431" VPOS="1875" WIDTH="14"/>
						<String ID="P224_ST00310" HPOS="445" VPOS="1851" WIDTH="137" HEIGHT="33" CONTENT="supplied" WC="0.88" CC="02007000"/>
						<SP ID="P224_SP00276" HPOS="582" VPOS="1884" WIDTH="14"/>
						<String ID="P224_ST00311" HPOS="596" VPOS="1850" WIDTH="74" HEIGHT="26" CONTENT="from" WC="0.94" CC="0200"/>
						<SP ID="P224_SP00277" HPOS="670" VPOS="1884" WIDTH="14"/>
						<String ID="P224_ST00312" HPOS="684" VPOS="1852" WIDTH="52" HEIGHT="25" CONTENT="her" WC="0.86" CC="400"/>
						<SP ID="P224_SP00278" HPOS="736" VPOS="1884" WIDTH="14"/>
						<String ID="P224_ST00313" HPOS="750" VPOS="1860" WIDTH="65" HEIGHT="18" CONTENT="own" WC="0.67" CC="090"/>
						<SP ID="P224_SP00279" HPOS="815" VPOS="1884" WIDTH="15"/>
						<String ID="P224_ST00314" HPOS="830" VPOS="1853" WIDTH="83" HEIGHT="35" CONTENT="large" WC="0.91" CC="20200"/>
						<SP ID="P224_SP00280" HPOS="913" VPOS="1888" WIDTH="16"/>
						<String ID="P224_ST00315" HPOS="929" VPOS="1854" WIDTH="83" HEIGHT="26" CONTENT="stock" WC="1.00" CC="00000"/>
						<SP ID="P224_SP00281" HPOS="1012" VPOS="1888" WIDTH="14"/>
						<String ID="P224_ST00316" HPOS="1026" VPOS="1853" WIDTH="33" HEIGHT="27" CONTENT="of" WC="1.00" CC="00"/>
						<SP ID="P224_SP00282" HPOS="1059" VPOS="1888" WIDTH="15"/>
						<String ID="P224_ST00317" HPOS="1074" VPOS="1863" WIDTH="126" HEIGHT="25" CONTENT="persons" WC="1.00" CC="0000000"/>
						<SP ID="P224_SP00283" HPOS="1200" VPOS="1888" WIDTH="20"/>
						<String ID="P224_ST00318" HPOS="1220" VPOS="1854" WIDTH="31" HEIGHT="27" CONTENT="in" WC="0.69" CC="60"/>
						<SP ID="P224_SP00284" HPOS="1251" VPOS="1888" WIDTH="21"/>
						<String ID="P224_ST00319" HPOS="1272" VPOS="1860" WIDTH="81" HEIGHT="21" CONTENT="want" WC="1.00" CC="0000"/>
						<SP ID="P224_SP00285" HPOS="1353" VPOS="1888" WIDTH="19"/>
						<String ID="P224_ST00320" HPOS="1372" VPOS="1855" WIDTH="33" HEIGHT="26" CONTENT="of" WC="1.00" CC="00"/>
						<SP ID="P224_SP00286" HPOS="1405" VPOS="1888" WIDTH="16"/>
						<String ID="P224_ST00321" HPOS="1421" VPOS="1856" WIDTH="110" HEIGHT="34" CONTENT="places." WC="0.92" CC="0200003"/>
					</TextLine>
					<TextLine ID="P224_TL00033" HPOS="376" VPOS="1898" WIDTH="1160" HEIGHT="42">
						<String ID="P224_ST00322" HPOS="376" VPOS="1898" WIDTH="62" HEIGHT="26" CONTENT="The" WC="0.82" CC="050"/>
						<SP ID="P224_SP00287" HPOS="438" VPOS="1924" WIDTH="14"/>
						<String ID="P224_ST00323" HPOS="452" VPOS="1899" WIDTH="196" HEIGHT="36" CONTENT="relationship" WC="0.95" CC="000000000400"/>
						<SP ID="P224_SP00288" HPOS="648" VPOS="1935" WIDTH="14"/>
						<String ID="P224_ST00324" HPOS="662" VPOS="1901" WIDTH="134" HEIGHT="26" CONTENT="between" WC="0.98" CC="0000000"/>
						<SP ID="P224_SP00289" HPOS="796" VPOS="1935" WIDTH="16"/>
						<String ID="P224_ST00325" HPOS="812" VPOS="1902" WIDTH="98" HEIGHT="27" CONTENT="Rome" WC="1.00" CC="0000"/>
						<SP ID="P224_SP00290" HPOS="910" VPOS="1935" WIDTH="14"/>
						<String ID="P224_ST00326" HPOS="924" VPOS="1904" WIDTH="61" HEIGHT="25" CONTENT="and" WC="0.76" CC="070"/>
						<SP ID="P224_SP00291" HPOS="985" VPOS="1935" WIDTH="14"/>
						<String ID="P224_ST00327" HPOS="999" VPOS="1903" WIDTH="53" HEIGHT="26" CONTENT="her" WC="0.81" CC="500"/>
						<SP ID="P224_SP00292" HPOS="1052" VPOS="1935" WIDTH="14"/>
						<String ID="P224_ST00328" HPOS="1066" VPOS="1904" WIDTH="131" HEIGHT="25" CONTENT="colonies" WC="0.95" CC="00000400"/>
						<SP ID="P224_SP00293" HPOS="1197" VPOS="1935" WIDTH="14"/>
						<String ID="P224_ST00329" HPOS="1211" VPOS="1904" WIDTH="55" HEIGHT="26" CONTENT="has" WC="0.84" CC="400"/>
						<SP ID="P224_SP00294" HPOS="1266" VPOS="1935" WIDTH="15"/>
						<String ID="P224_ST00330" HPOS="1281" VPOS="1905" WIDTH="76" HEIGHT="26" CONTENT="been" WC="1.00" CC="0000"/>
						<SP ID="P224_SP00295" HPOS="1357" VPOS="1935" WIDTH="15"/>
						<String ID="P224_ST00331" HPOS="1372" VPOS="1906" WIDTH="164" HEIGHT="34" CONTENT="compared" WC="1.00" CC="00000000"/>
					</TextLine>
					<TextLine ID="P224_TL00034" HPOS="374" VPOS="1948" WIDTH="1162" HEIGHT="42">
						<String ID="P224_ST00332" HPOS="374" VPOS="1951" WIDTH="31" HEIGHT="23" CONTENT="to" WC="1.00" CC="00"/>
						<SP ID="P224_SP00296" HPOS="405" VPOS="1974" WIDTH="13"/>
						<String ID="P224_ST00333" HPOS="418" VPOS="1948" WIDTH="66" HEIGHT="26" CONTENT="that" WC="0.86" CC="0320"/>
						<SP ID="P224_SP00297" HPOS="484" VPOS="1974" WIDTH="14"/>
						<String ID="P224_ST00334" HPOS="498" VPOS="1948" WIDTH="33" HEIGHT="26" CONTENT="of" WC="1.00" CC="00"/>
						<SP ID="P224_SP00298" HPOS="531" VPOS="1974" WIDTH="8"/>
						<String ID="P224_ST00335" HPOS="539" VPOS="1954" WIDTH="106" HEIGHT="29" CONTENT="parent" WC="0.96" CC="000020"/>
						<SP ID="P224_SP00299" HPOS="645" VPOS="1983" WIDTH="14"/>
						<String ID="P224_ST00336" HPOS="659" VPOS="1951" WIDTH="60" HEIGHT="25" CONTENT="and" WC="0.95" CC="010"/>
						<SP ID="P224_SP00300" HPOS="719" VPOS="1983" WIDTH="14"/>
						<String ID="P224_ST00337" HPOS="733" VPOS="1951" WIDTH="80" HEIGHT="26" CONTENT="child" WC="0.79" CC="07020"/>
						<String ID="P224_ST00338" HPOS="824" VPOS="1962" WIDTH="5" HEIGHT="21" CONTENT=";" WC="1.00" CC="0"/>
						<SP ID="P224_SP00301" HPOS="829" VPOS="1983" WIDTH="22"/>
						<String ID="P224_ST00339" HPOS="851" VPOS="1952" WIDTH="53" HEIGHT="27" CONTENT="but" WC="0.95" CC="010"/>
						<SP ID="P224_SP00302" HPOS="904" VPOS="1983" WIDTH="14"/>
						<String ID="P224_ST00340" HPOS="918" VPOS="1953" WIDTH="194" HEIGHT="35" CONTENT="considering" WC="0.92" CC="00000004040"/>
						<SP ID="P224_SP00303" HPOS="1112" VPOS="1988" WIDTH="19"/>
						<String ID="P224_ST00341" HPOS="1131" VPOS="1954" WIDTH="50" HEIGHT="25" CONTENT="the" WC="0.96" CC="010"/>
						<SP ID="P224_SP00304" HPOS="1181" VPOS="1988" WIDTH="15"/>
						<String ID="P224_ST00342" HPOS="1196" VPOS="1954" WIDTH="153" HEIGHT="36" CONTENT="stripping" WC="0.89" CC="080000100"/>
						<SP ID="P224_SP00305" HPOS="1349" VPOS="1990" WIDTH="19"/>
						<String ID="P224_ST00343" HPOS="1368" VPOS="1963" WIDTH="122" HEIGHT="27" CONTENT="process" WC="0.93" CC="0400000"/>
						<SP ID="P224_SP00306" HPOS="1490" VPOS="1990" WIDTH="14"/>
						<String ID="P224_ST00344" HPOS="1504" VPOS="1959" WIDTH="32" HEIGHT="23" CONTENT="to" WC="1.00" CC="00"/>
					</TextLine>
					<TextLine ID="P224_TL00035" HPOS="372" VPOS="1998" WIDTH="1164" HEIGHT="36">
						<String ID="P224_ST00345" HPOS="372" VPOS="1998" WIDTH="96" HEIGHT="26" CONTENT="which" WC="0.69" CC="05072"/>
						<SP ID="P224_SP00307" HPOS="468" VPOS="2024" WIDTH="15"/>
						<String ID="P224_ST00346" HPOS="483" VPOS="1999" WIDTH="98" HEIGHT="26" CONTENT="Rome" WC="0.89" CC="2100"/>
						<SP ID="P224_SP00308" HPOS="581" VPOS="2025" WIDTH="14"/>
						<String ID="P224_ST00347" HPOS="595" VPOS="2000" WIDTH="59" HEIGHT="26" CONTENT="had" WC="0.88" CC="300"/>
						<SP ID="P224_SP00309" HPOS="654" VPOS="2026" WIDTH="16"/>
						<String ID="P224_ST00348" HPOS="670" VPOS="2009" WIDTH="144" HEIGHT="25" CONTENT="recourse," WC="0.90" CC="200030002"/>
						<SP ID="P224_SP00310" HPOS="814" VPOS="2034" WIDTH="18"/>
						<String ID="P224_ST00349" HPOS="832" VPOS="2002" WIDTH="53" HEIGHT="27" CONTENT="she" WC="0.81" CC="050"/>
						<SP ID="P224_SP00311" HPOS="885" VPOS="2034" WIDTH="15"/>
						<String ID="P224_ST00350" HPOS="900" VPOS="2012" WIDTH="96" HEIGHT="17" CONTENT="seems" WC="1.00" CC="00000"/>
						<SP ID="P224_SP00312" HPOS="996" VPOS="2034" WIDTH="14"/>
						<String ID="P224_ST00351" HPOS="1010" VPOS="2007" WIDTH="30" HEIGHT="22" CONTENT="to" WC="0.86" CC="20"/>
						<SP ID="P224_SP00313" HPOS="1040" VPOS="2034" WIDTH="15"/>
						<String ID="P224_ST00352" HPOS="1055" VPOS="2004" WIDTH="76" HEIGHT="27" CONTENT="have" WC="0.90" CC="4000"/>
						<SP ID="P224_SP00314" HPOS="1131" VPOS="2034" WIDTH="15"/>
						<String ID="P224_ST00353" HPOS="1146" VPOS="2005" WIDTH="87" HEIGHT="25" CONTENT="acted" WC="1.00" CC="00000"/>
						<SP ID="P224_SP00315" HPOS="1233" VPOS="2034" WIDTH="14"/>
						<String ID="P224_ST00354" HPOS="1247" VPOS="2005" WIDTH="58" HEIGHT="25" CONTENT="less" WC="0.91" CC="3000"/>
						<SP ID="P224_SP00316" HPOS="1305" VPOS="2034" WIDTH="22"/>
						<String ID="P224_ST00355" HPOS="1327" VPOS="2013" WIDTH="33" HEIGHT="17" CONTENT="as" WC="1.00" CC="00"/>
						<SP ID="P224_SP00317" HPOS="1360" VPOS="2034" WIDTH="21"/>
						<String ID="P224_ST00356" HPOS="1381" VPOS="2013" WIDTH="18" HEIGHT="18" CONTENT="a" WC="1.00" CC="0"/>
						<SP ID="P224_SP00318" HPOS="1399" VPOS="2034" WIDTH="20"/>
						<String ID="P224_ST00357" HPOS="1419" VPOS="2005" WIDTH="117" HEIGHT="26" CONTENT="mother" WC="0.78" CC="008400"/>
					</TextLine>
					<TextLine ID="P224_TL00036" HPOS="372" VPOS="2048" WIDTH="294" HEIGHT="34">
						<String ID="P224_ST00358" HPOS="372" VPOS="2048" WIDTH="73" HEIGHT="25" CONTENT="than" WC="0.84" CC="0600"/>
						<SP ID="P224_SP00319" HPOS="445" VPOS="2073" WIDTH="15"/>
						<String ID="P224_ST00359" HPOS="460" VPOS="2057" WIDTH="17" HEIGHT="17" CONTENT="a" WC="1.00" CC="0"/>
						<SP ID="P224_SP00320" HPOS="477" VPOS="2074" WIDTH="14"/>
						<String ID="P224_ST00360" HPOS="491" VPOS="2049" WIDTH="175" HEIGHT="33" CONTENT="kidnapper." WC="0.87" CC="2500000050"/>
					</TextLine>
				</TextBlock>
				<TextBlock ID="P224_TB00008" HPOS="370" VPOS="2123" WIDTH="1162" HEIGHT="90" STYLEREFS="TXT_2 PAR_LEFT">
					<TextLine ID="P224_TL00037" HPOS="425" VPOS="2123" WIDTH="1107" HEIGHT="38">
						<String ID="P224_ST00361" HPOS="425" VPOS="2123" WIDTH="63" HEIGHT="27" CONTENT="The" WC="0.79" CC="060"/>
						<SP ID="P224_SP00321" HPOS="488" VPOS="2150" WIDTH="16"/>
						<String ID="P224_ST00362" HPOS="504" VPOS="2123" WIDTH="121" HEIGHT="27" CONTENT="Roman" WC="0.97" CC="00100"/>
						<SP ID="P224_SP00322" HPOS="625" VPOS="2150" WIDTH="21"/>
						<String ID="P224_ST00363" HPOS="646" VPOS="2124" WIDTH="211" HEIGHT="35" CONTENT="Constitution," WC="0.88" CC="0030031400002"/>
						<SP ID="P224_SP00323" HPOS="857" VPOS="2159" WIDTH="15"/>
						<String ID="P224_ST00364" HPOS="872" VPOS="2127" WIDTH="60" HEIGHT="27" CONTENT="like" WC="0.88" CC="4000"/>
						<SP ID="P224_SP00324" HPOS="932" VPOS="2159" WIDTH="16"/>
						<String ID="P224_ST00365" HPOS="948" VPOS="2128" WIDTH="51" HEIGHT="26" CONTENT="the" WC="0.84" CC="040"/>
						<SP ID="P224_SP00325" HPOS="999" VPOS="2159" WIDTH="23"/>
						<String ID="P224_ST00366" HPOS="1022" VPOS="2128" WIDTH="122" HEIGHT="27" CONTENT="Roman" WC="0.87" CC="00006"/>
						<SP ID="P224_SP00326" HPOS="1144" VPOS="2159" WIDTH="21"/>
						<String ID="P224_ST00367" HPOS="1165" VPOS="2133" WIDTH="126" HEIGHT="28" CONTENT="cement," WC="0.97" CC="0000001"/>
						<SP ID="P224_SP00327" HPOS="1291" VPOS="2161" WIDTH="15"/>
						<String ID="P224_ST00368" HPOS="1306" VPOS="2138" WIDTH="62" HEIGHT="18" CONTENT="was" WC="1.00" CC="000"/>
						<SP ID="P224_SP00328" HPOS="1368" VPOS="2161" WIDTH="15"/>
						<String ID="P224_ST00369" HPOS="1383" VPOS="2138" WIDTH="38" HEIGHT="18" CONTENT="an" WC="0.86" CC="02"/>
						<SP ID="P224_SP00329" HPOS="1421" VPOS="2161" WIDTH="17"/>
						<String ID="P224_ST00370" HPOS="1438" VPOS="2130" WIDTH="94" HEIGHT="26" CONTENT="excel" SUBS_TYPE="HypPart1" SUBS_CONTENT="excellent" WC="0.96" CC="000011"/>
						<HYP CONTENT="-"/>
					</TextLine>
					<TextLine ID="P224_TL00038" HPOS="371" VPOS="2173" WIDTH="1161" HEIGHT="40">
						<String ID="P224_ST00371" HPOS="371" VPOS="2173" WIDTH="62" HEIGHT="27" CONTENT="lent" SUBS_TYPE="HypPart2" SUBS_CONTENT="excellent" WC="0.94" CC="2000"/>
						<SP ID="P224_SP00330" HPOS="433" VPOS="2200" WIDTH="13"/>
						<String ID="P224_ST00372" HPOS="446" VPOS="2176" WIDTH="177" HEIGHT="33" CONTENT="compound," WC="0.78" CC="000002393"/>
						<SP ID="P224_SP00331" HPOS="623" VPOS="2209" WIDTH="16"/>
						<String ID="P224_ST00373" HPOS="639" VPOS="2174" WIDTH="33" HEIGHT="27" CONTENT="of" WC="0.98" CC="00"/>
						<SP ID="P224_SP00332" HPOS="672" VPOS="2209" WIDTH="15"/>
						<String ID="P224_ST00374" HPOS="687" VPOS="2176" WIDTH="96" HEIGHT="26" CONTENT="which" WC="0.77" CC="06005"/>
						<SP ID="P224_SP00333" HPOS="783" VPOS="2209" WIDTH="13"/>
						<String ID="P224_ST00375" HPOS="796" VPOS="2176" WIDTH="22" HEIGHT="26" CONTENT="it" WC="0.82" CC="30"/>
						<SP ID="P224_SP00334" HPOS="818" VPOS="2209" WIDTH="13"/>
						<String ID="P224_ST00376" HPOS="831" VPOS="2177" WIDTH="26" HEIGHT="26" CONTENT="is" WC="0.82" CC="30"/>
						<SP ID="P224_SP00335" HPOS="857" VPOS="2209" WIDTH="15"/>
						<String ID="P224_ST00377" HPOS="872" VPOS="2177" WIDTH="174" HEIGHT="34" CONTENT="impossible" WC="0.92" CC="2000000050"/>
						<SP ID="P224_SP00336" HPOS="1046" VPOS="2211" WIDTH="15"/>
						<String ID="P224_ST00378" HPOS="1061" VPOS="2183" WIDTH="30" HEIGHT="22" CONTENT="to" WC="1.00" CC="00"/>
						<SP ID="P224_SP00337" HPOS="1091" VPOS="2211" WIDTH="15"/>
						<String ID="P224_ST00379" HPOS="1106" VPOS="2178" WIDTH="135" HEIGHT="27" CONTENT="describe" WC="0.90" CC="00001500"/>
						<SP ID="P224_SP00338" HPOS="1241" VPOS="2211" WIDTH="20"/>
						<String ID="P224_ST00380" HPOS="1261" VPOS="2178" WIDTH="51" HEIGHT="27" CONTENT="the" WC="0.83" CC="050"/>
						<SP ID="P224_SP00339" HPOS="1312" VPOS="2211" WIDTH="15"/>
						<String ID="P224_ST00381" HPOS="1327" VPOS="2178" WIDTH="188" HEIGHT="35" CONTENT="ingredients" WC="0.88" CC="00000030090"/>
						<SP ID="P224_SP00340" HPOS="1515" VPOS="2213" WIDTH="12"/>
						<String ID="P224_ST00382" HPOS="1527" VPOS="2190" WIDTH="5" HEIGHT="21" CONTENT=";" WC="0.51" CC="4"/>
					</TextLine>
				</TextBlock>
			</PrintSpace>
		</Page>
	</Layout>
</alto>
