<?xml version="1.0" encoding="UTF-8"?>
<alto xmlns:xsi="http://www.w3.org/2001/XMLSchema-instance" xsi:noNamespaceSchemaLocation="http://www.bl.uk/schemas/alto/alto-1-4.xsd" xmlns:xlink="http://www.w3.org/1999/xlink">
	<Description>
		<MeasurementUnit>mm10</MeasurementUnit>
		<sourceImageInformation>
			<fileName>//head1/IN/2008-39/A0012093469/008900.jp2</fileName>
		</sourceImageInformation>
		<OCRProcessing ID="OCRPROCESSING_1">
			<preProcessingStep>
				<processingSoftware>
					<softwareCreator>CCS Content Conversion Specialists GmbH, Germany</softwareCreator>
					<softwareName>CCS docWORKS</softwareName>
					<softwareVersion>6.1-0.67</softwareVersion>
				</processingSoftware>
			</preProcessingStep>
			<ocrProcessingStep>
				<processingSoftware>
					<softwareCreator>ABBYY (BIT Software), Russia</softwareCreator>
					<softwareName>Finereader</softwareName>
				</processingSoftware>
			</ocrProcessingStep>
		</OCRProcessing>
	</Description>
	<Styles>
		<TextStyle ID="TXT_0" FONTSIZE="11" FONTFAMILY="Courier New"/>
		<TextStyle ID="TXT_1" FONTSIZE="10" FONTFAMILY="Courier New"/>
		<TextStyle ID="TXT_2" FONTSIZE="9" FONTFAMILY="Courier New"/>
		<ParagraphStyle ID="PAR_RIGHT" ALIGN="Right"/>
		<ParagraphStyle ID="PAR_LEFT" ALIGN="Left"/>
		<ParagraphStyle ID="PAR_CENTER" ALIGN="Center"/>
	</Styles>
	<Layout>
		<Page ID="P54" PHYSICAL_IMG_NR="54" HEIGHT="2518" WIDTH="1698" PRINTED_IMG_NR="30" POSITION="Left" ACCURACY="81.48">
			<TopMargin ID="P54_TM00001" HPOS="0" VPOS="0" WIDTH="1698" HEIGHT="298">
				<TextBlock ID="P54_TB00001" HPOS="596" VPOS="241" WIDTH="631" HEIGHT="57" STYLEREFS="TXT_0 PAR_RIGHT">
					<TextLine ID="P54_TL00001" HPOS="597" VPOS="242" WIDTH="630" HEIGHT="56">
						<String ID="P54_ST00001" HPOS="597" VPOS="242" WIDTH="150" HEIGHT="45" CONTENT="Comic" WC="1.00" CC="00000"/>
						<SP ID="P54_SP00001" HPOS="747" VPOS="287" WIDTH="31"/>
						<String ID="P54_ST00002" HPOS="778" VPOS="242" WIDTH="191" HEIGHT="56" CONTENT="History" WC="0.89" CC="0204000"/>
						<SP ID="P54_SP00002" HPOS="969" VPOS="298" WIDTH="34"/>
						<String ID="P54_ST00003" HPOS="1003" VPOS="244" WIDTH="54" HEIGHT="54" CONTENT="of" WC="1.00" CC="00"/>
						<SP ID="P54_SP00003" HPOS="1057" VPOS="298" WIDTH="18"/>
						<String ID="P54_ST00004" HPOS="1075" VPOS="243" WIDTH="152" HEIGHT="44" CONTENT="Rome." WC="1.00" CC="00000"/>
					</TextLine>
				</TextBlock>
				<TextBlock ID="P54_TB00002" HPOS="338" VPOS="263" WIDTH="39" HEIGHT="28" STYLEREFS="TXT_1 PAR_LEFT">
					<TextLine ID="P54_TL00002" HPOS="338" VPOS="263" WIDTH="39" HEIGHT="28">
						<String ID="P54_ST00005" HPOS="338" VPOS="263" WIDTH="39" HEIGHT="28" CONTENT="30" WC="0.98" CC="00"/>
					</TextLine>
				</TextBlock>
				<TextBlock ID="P54_TB00003" HPOS="1368" VPOS="264" WIDTH="122" HEIGHT="21" STYLEREFS="TXT_2 PAR_RIGHT">
					<TextLine ID="P54_TL00003" HPOS="1368" VPOS="265" WIDTH="122" HEIGHT="20">
						<String ID="P54_ST00006" HPOS="1368" VPOS="265" WIDTH="74" HEIGHT="20" CONTENT="[Chap." WC="0.59" CC="107590"/>
						<SP ID="P54_SP00004" HPOS="1442" VPOS="285" WIDTH="14"/>
						<String ID="P54_ST00007" HPOS="1456" VPOS="265" WIDTH="34" HEIGHT="16" CONTENT="Ill" WC="0.70" CC="340"/>
					</TextLine>
				</TextBlock>
			</TopMargin>
			<LeftMargin ID="P54_LM00001" HPOS="0" VPOS="292" WIDTH="336" HEIGHT="1898"/>
			<RightMargin ID="P54_RM00001" HPOS="1501" VPOS="292" WIDTH="197" HEIGHT="1898"/>
			<BottomMargin ID="P54_BM00001" HPOS="0" VPOS="2190" WIDTH="1698" HEIGHT="327"/>
			<PrintSpace ID="P54_PS00001" HPOS="336" VPOS="292" WIDTH="1165" HEIGHT="1898">
				<TextBlock ID="P54_TB00004" HPOS="336" VPOS="357" WIDTH="1165" HEIGHT="236" STYLEREFS="TXT_2 PAR_LEFT">
					<TextLine ID="P54_TL00004" HPOS="338" VPOS="358" WIDTH="1160" HEIGHT="36">
						<String ID="P54_ST00008" HPOS="338" VPOS="359" WIDTH="44" HEIGHT="27" CONTENT="for" WC="0.92" CC="200"/>
						<SP ID="P54_SP00005" HPOS="382" VPOS="386" WIDTH="14"/>
						<String ID="P54_ST00009" HPOS="396" VPOS="369" WIDTH="18" HEIGHT="17" CONTENT="a" WC="1.00" CC="0"/>
						<SP ID="P54_SP00006" HPOS="414" VPOS="386" WIDTH="13"/>
						<String ID="P54_ST00010" HPOS="427" VPOS="359" WIDTH="103" HEIGHT="35" CONTENT="period" WC="0.90" CC="000600"/>
						<SP ID="P54_SP00007" HPOS="530" VPOS="394" WIDTH="14"/>
						<String ID="P54_ST00011" HPOS="544" VPOS="359" WIDTH="33" HEIGHT="26" CONTENT="of" WC="1.00" CC="00"/>
						<SP ID="P54_SP00008" HPOS="577" VPOS="394" WIDTH="16"/>
						<String ID="P54_ST00012" HPOS="593" VPOS="358" WIDTH="192" HEIGHT="35" CONTENT="twenty-four" WC="0.99" CC="00000001000"/>
						<SP ID="P54_SP00009" HPOS="785" VPOS="394" WIDTH="19"/>
						<String ID="P54_ST00013" HPOS="804" VPOS="367" WIDTH="97" HEIGHT="26" CONTENT="years," WC="0.94" CC="000003"/>
						<SP ID="P54_SP00010" HPOS="901" VPOS="394" WIDTH="16"/>
						<String ID="P54_ST00014" HPOS="917" VPOS="359" WIDTH="58" HEIGHT="26" CONTENT="and" WC="1.00" CC="000"/>
						<SP ID="P54_SP00011" HPOS="975" VPOS="394" WIDTH="15"/>
						<String ID="P54_ST00015" HPOS="990" VPOS="359" WIDTH="95" HEIGHT="26" CONTENT="either" WC="0.95" CC="000200"/>
						<SP ID="P54_SP00012" HPOS="1085" VPOS="394" WIDTH="20"/>
						<String ID="P54_ST00016" HPOS="1105" VPOS="359" WIDTH="29" HEIGHT="26" CONTENT="in" WC="1.00" CC="00"/>
						<SP ID="P54_SP00013" HPOS="1134" VPOS="394" WIDTH="16"/>
						<String ID="P54_ST00017" HPOS="1150" VPOS="359" WIDTH="188" HEIGHT="35" CONTENT="tranquillity" WC="0.86" CC="000300403400"/>
						<SP ID="P54_SP00014" HPOS="1338" VPOS="394" WIDTH="14"/>
						<String ID="P54_ST00018" HPOS="1352" VPOS="367" WIDTH="33" HEIGHT="18" CONTENT="or" WC="0.88" CC="02"/>
						<SP ID="P54_SP00015" HPOS="1385" VPOS="394" WIDTH="13"/>
						<String ID="P54_ST00019" HPOS="1398" VPOS="367" WIDTH="62" HEIGHT="18" CONTENT="war" WC="1.00" CC="000"/>
						<String ID="P54_ST00020" HPOS="1461" VPOS="375" WIDTH="37" HEIGHT="2" CONTENT="—" WC="0.20" CC="8"/>
					</TextLine>
					<TextLine ID="P54_TL00005" HPOS="338" VPOS="408" WIDTH="1163" HEIGHT="37">
						<String ID="P54_ST00021" HPOS="338" VPOS="411" WIDTH="132" HEIGHT="25" CONTENT="whether" WC="0.82" CC="0500501"/>
						<SP ID="P54_SP00016" HPOS="470" VPOS="436" WIDTH="14"/>
						<String ID="P54_ST00022" HPOS="484" VPOS="409" WIDTH="138" HEIGHT="36" CONTENT="engaged" WC="1.00" CC="0000000"/>
						<SP ID="P54_SP00017" HPOS="622" VPOS="445" WIDTH="20"/>
						<String ID="P54_ST00023" HPOS="642" VPOS="408" WIDTH="28" HEIGHT="27" CONTENT="in" WC="1.00" CC="00"/>
						<SP ID="P54_SP00018" HPOS="670" VPOS="445" WIDTH="16"/>
						<String ID="P54_ST00024" HPOS="686" VPOS="409" WIDTH="49" HEIGHT="26" CONTENT="the" WC="0.75" CC="070"/>
						<SP ID="P54_SP00019" HPOS="735" VPOS="445" WIDTH="14"/>
						<String ID="P54_ST00025" HPOS="749" VPOS="408" WIDTH="97" HEIGHT="27" CONTENT="works" WC="0.95" CC="00010"/>
						<SP ID="P54_SP00020" HPOS="846" VPOS="445" WIDTH="22"/>
						<String ID="P54_ST00026" HPOS="868" VPOS="408" WIDTH="33" HEIGHT="27" CONTENT="of" WC="1.00" CC="00"/>
						<SP ID="P54_SP00021" HPOS="901" VPOS="445" WIDTH="15"/>
						<String ID="P54_ST00027" HPOS="916" VPOS="418" WIDTH="100" HEIGHT="25" CONTENT="peace," WC="1.00" CC="000000"/>
						<SP ID="P54_SP00022" HPOS="1016" VPOS="445" WIDTH="17"/>
						<String ID="P54_ST00028" HPOS="1033" VPOS="418" WIDTH="33" HEIGHT="18" CONTENT="or" WC="0.98" CC="00"/>
						<SP ID="P54_SP00023" HPOS="1066" VPOS="445" WIDTH="20"/>
						<String ID="P54_ST00029" HPOS="1086" VPOS="409" WIDTH="163" HEIGHT="27" CONTENT="embroiled" WC="0.96" CC="000002000"/>
						<SP ID="P54_SP00024" HPOS="1249" VPOS="445" WIDTH="23"/>
						<String ID="P54_ST00030" HPOS="1272" VPOS="409" WIDTH="30" HEIGHT="27" CONTENT="in" WC="0.59" CC="25"/>
						<SP ID="P54_SP00025" HPOS="1302" VPOS="445" WIDTH="22"/>
						<String ID="P54_ST00031" HPOS="1324" VPOS="418" WIDTH="17" HEIGHT="17" CONTENT="a" WC="1.00" CC="0"/>
						<SP ID="P54_SP00026" HPOS="1341" VPOS="445" WIDTH="22"/>
						<String ID="P54_ST00032" HPOS="1363" VPOS="408" WIDTH="85" HEIGHT="36" CONTENT="piece" WC="0.88" CC="06000"/>
						<SP ID="P54_SP00027" HPOS="1448" VPOS="445" WIDTH="21"/>
						<String ID="P54_ST00033" HPOS="1469" VPOS="408" WIDTH="32" HEIGHT="27" CONTENT="of" WC="1.00" CC="00"/>
					</TextLine>
					<TextLine ID="P54_TL00006" HPOS="337" VPOS="458" WIDTH="1157" HEIGHT="36">
						<String ID="P54_ST00034" HPOS="337" VPOS="460" WIDTH="82" HEIGHT="26" CONTENT="work" WC="1.00" CC="0000"/>
						<String ID="P54_ST00035" HPOS="421" VPOS="476" WIDTH="33" HEIGHT="3" CONTENT="—" WC="0.20" CC="8"/>
						<String ID="P54_ST00036" HPOS="457" VPOS="461" WIDTH="37" HEIGHT="25" CONTENT="he" WC="0.68" CC="60"/>
						<SP ID="P54_SP00028" HPOS="494" VPOS="486" WIDTH="14"/>
						<String ID="P54_ST00037" HPOS="508" VPOS="459" WIDTH="111" HEIGHT="35" CONTENT="proved" WC="0.85" CC="000800"/>
						<SP ID="P54_SP00029" HPOS="619" VPOS="494" WIDTH="13"/>
						<String ID="P54_ST00038" HPOS="632" VPOS="458" WIDTH="123" HEIGHT="27" CONTENT="himself" WC="0.58" CC="6690070"/>
						<SP ID="P54_SP00030" HPOS="755" VPOS="494" WIDTH="10"/>
						<String ID="P54_ST00039" HPOS="765" VPOS="458" WIDTH="181" HEIGHT="36" CONTENT="thoroughly" WC="0.77" CC="0700020560"/>
						<SP ID="P54_SP00031" HPOS="946" VPOS="494" WIDTH="11"/>
						<String ID="P54_ST00040" HPOS="957" VPOS="459" WIDTH="115" HEIGHT="35" CONTENT="worthy" WC="0.75" CC="004460"/>
						<SP ID="P54_SP00032" HPOS="1072" VPOS="494" WIDTH="15"/>
						<String ID="P54_ST00041" HPOS="1087" VPOS="458" WIDTH="33" HEIGHT="27" CONTENT="of" WC="0.87" CC="02"/>
						<SP ID="P54_SP00033" HPOS="1120" VPOS="494" WIDTH="9"/>
						<String ID="P54_ST00042" HPOS="1129" VPOS="459" WIDTH="47" HEIGHT="27" CONTENT="his" WC="0.65" CC="640"/>
						<SP ID="P54_SP00034" HPOS="1176" VPOS="494" WIDTH="14"/>
						<String ID="P54_ST00043" HPOS="1190" VPOS="459" WIDTH="219" HEIGHT="34" CONTENT="predecessors," WC="0.98" CC="0200000000000"/>
						<SP ID="P54_SP00035" HPOS="1409" VPOS="494" WIDTH="16"/>
						<String ID="P54_ST00044" HPOS="1425" VPOS="459" WIDTH="69" HEIGHT="32" CONTENT="and," WC="0.92" CC="0300"/>
					</TextLine>
					<TextLine ID="P54_TL00007" HPOS="338" VPOS="508" WIDTH="1158" HEIGHT="37">
						<String ID="P54_ST00045" HPOS="338" VPOS="510" WIDTH="30" HEIGHT="25" CONTENT="in" WC="0.53" CC="26"/>
						<SP ID="P54_SP00036" HPOS="368" VPOS="535" WIDTH="14"/>
						<String ID="P54_ST00046" HPOS="382" VPOS="509" WIDTH="68" HEIGHT="32" CONTENT="fact," WC="0.97" CC="10000"/>
						<SP ID="P54_SP00037" HPOS="450" VPOS="541" WIDTH="15"/>
						<String ID="P54_ST00047" HPOS="465" VPOS="510" WIDTH="38" HEIGHT="25" CONTENT="he" WC="0.76" CC="40"/>
						<SP ID="P54_SP00038" HPOS="503" VPOS="541" WIDTH="14"/>
						<String ID="P54_ST00048" HPOS="517" VPOS="508" WIDTH="52" HEIGHT="27" CONTENT="left" WC="0.80" CC="1042"/>
						<SP ID="P54_SP00039" HPOS="569" VPOS="541" WIDTH="13"/>
						<String ID="P54_ST00049" HPOS="582" VPOS="508" WIDTH="45" HEIGHT="27" CONTENT="far" WC="0.64" CC="450"/>
						<SP ID="P54_SP00040" HPOS="627" VPOS="541" WIDTH="13"/>
						<String ID="P54_ST00050" HPOS="640" VPOS="509" WIDTH="112" HEIGHT="26" CONTENT="behind" WC="0.58" CC="606560"/>
						<SP ID="P54_SP00041" HPOS="752" VPOS="541" WIDTH="20"/>
						<String ID="P54_ST00051" HPOS="772" VPOS="508" WIDTH="62" HEIGHT="27" CONTENT="him" WC="0.76" CC="420"/>
						<SP ID="P54_SP00042" HPOS="834" VPOS="541" WIDTH="15"/>
						<String ID="P54_ST00052" HPOS="849" VPOS="518" WIDTH="91" HEIGHT="26" CONTENT="many" WC="0.81" CC="2050"/>
						<SP ID="P54_SP00043" HPOS="940" VPOS="544" WIDTH="13"/>
						<String ID="P54_ST00053" HPOS="953" VPOS="509" WIDTH="66" HEIGHT="26" CONTENT="who" WC="0.87" CC="030"/>
						<SP ID="P54_SP00044" HPOS="1019" VPOS="544" WIDTH="15"/>
						<String ID="P54_ST00054" HPOS="1034" VPOS="510" WIDTH="60" HEIGHT="25" CONTENT="had" WC="0.84" CC="400"/>
						<SP ID="P54_SP00045" HPOS="1094" VPOS="544" WIDTH="21"/>
						<String ID="P54_ST00055" HPOS="1115" VPOS="519" WIDTH="78" HEIGHT="26" CONTENT="gone" WC="1.00" CC="0000"/>
						<SP ID="P54_SP00046" HPOS="1193" VPOS="545" WIDTH="14"/>
						<String ID="P54_ST00056" HPOS="1207" VPOS="509" WIDTH="100" HEIGHT="27" CONTENT="before" WC="1.00" CC="000000"/>
						<SP ID="P54_SP00047" HPOS="1307" VPOS="545" WIDTH="14"/>
						<String ID="P54_ST00057" HPOS="1321" VPOS="509" WIDTH="63" HEIGHT="26" CONTENT="him" WC="0.80" CC="500"/>
						<SP ID="P54_SP00048" HPOS="1384" VPOS="545" WIDTH="15"/>
						<String ID="P54_ST00058" HPOS="1399" VPOS="509" WIDTH="31" HEIGHT="26" CONTENT="in" WC="0.97" CC="00"/>
						<SP ID="P54_SP00049" HPOS="1430" VPOS="545" WIDTH="14"/>
						<String ID="P54_ST00059" HPOS="1444" VPOS="510" WIDTH="52" HEIGHT="25" CONTENT="the" WC="0.61" CC="550"/>
					</TextLine>
					<TextLine ID="P54_TL00008" HPOS="338" VPOS="560" WIDTH="328" HEIGHT="33">
						<String ID="P54_ST00060" HPOS="338" VPOS="561" WIDTH="69" HEIGHT="26" CONTENT="task" WC="0.83" CC="0051"/>
						<SP ID="P54_SP00050" HPOS="407" VPOS="587" WIDTH="14"/>
						<String ID="P54_ST00061" HPOS="421" VPOS="560" WIDTH="32" HEIGHT="26" CONTENT="of" WC="0.96" CC="00"/>
						<SP ID="P54_SP00051" HPOS="453" VPOS="587" WIDTH="10"/>
						<String ID="P54_ST00062" HPOS="463" VPOS="563" WIDTH="203" HEIGHT="30" CONTENT="government." WC="0.89" CC="00001460000"/>
					</TextLine>
				</TextBlock>
				<TextBlock ID="P54_TB00005" HPOS="619" VPOS="833" WIDTH="592" HEIGHT="61" STYLEREFS="TXT_0 PAR_CENTER">
					<TextLine ID="P54_TL00009" HPOS="619" VPOS="834" WIDTH="592" HEIGHT="60">
						<String ID="P54_ST00063" HPOS="619" VPOS="834" WIDTH="227" HEIGHT="60" CONTENT=";pHAPTER" WC="0.21" CC="98596884"/>
						<SP ID="P54_SP00052" HPOS="846" VPOS="894" WIDTH="61"/>
						<String ID="P54_ST00064" HPOS="907" VPOS="856" WIDTH="85" HEIGHT="26" CONTENT="THE" WC="0.76" CC="330"/>
						<SP ID="P54_SP00053" HPOS="992" VPOS="894" WIDTH="61"/>
						<String ID="P54_ST00065" HPOS="1053" VPOS="839" WIDTH="158" HEIGHT="55" CONTENT="JHIRD." WC="0.63" CC="765003"/>
					</TextLine>
				</TextBlock>
				<TextBlock ID="P54_TB00006" HPOS="400" VPOS="951" WIDTH="1021" HEIGHT="29" STYLEREFS="TXT_2 PAR_CENTER">
					<TextLine ID="P54_TL00010" HPOS="400" VPOS="951" WIDTH="1021" HEIGHT="29">
						<String ID="P54_ST00066" HPOS="400" VPOS="953" WIDTH="82" HEIGHT="22" CONTENT="From" WC="1.00" CC="0000"/>
						<SP ID="P54_SP00054" HPOS="482" VPOS="975" WIDTH="33"/>
						<String ID="P54_ST00067" HPOS="515" VPOS="951" WIDTH="44" HEIGHT="23" CONTENT="the" WC="0.76" CC="007"/>
						<SP ID="P54_SP00055" HPOS="559" VPOS="975" WIDTH="31"/>
						<String ID="P54_ST00068" HPOS="590" VPOS="952" WIDTH="151" HEIGHT="22" CONTENT="Accession" WC="0.57" CC="016090495"/>
						<SP ID="P54_SP00056" HPOS="741" VPOS="975" WIDTH="31"/>
						<String ID="P54_ST00069" HPOS="772" VPOS="953" WIDTH="33" HEIGHT="27" CONTENT="of" WC="1.00" CC="00"/>
						<SP ID="P54_SP00057" HPOS="805" VPOS="980" WIDTH="28"/>
						<String ID="P54_ST00070" HPOS="833" VPOS="953" WIDTH="181" HEIGHT="27" CONTENT="Tarquinius" WC="0.63" CC="0900846070"/>
						<SP ID="P54_SP00058" HPOS="1014" VPOS="980" WIDTH="31"/>
						<String ID="P54_ST00071" HPOS="1045" VPOS="955" WIDTH="119" HEIGHT="21" CONTENT="Priscus" WC="0.48" CC="6049780"/>
						<SP ID="P54_SP00059" HPOS="1164" VPOS="980" WIDTH="32"/>
						<String ID="P54_ST00072" HPOS="1196" VPOS="956" WIDTH="25" HEIGHT="21" CONTENT="to" WC="0.77" CC="40"/>
						<SP ID="P54_SP00060" HPOS="1221" VPOS="980" WIDTH="33"/>
						<String ID="P54_ST00073" HPOS="1254" VPOS="954" WIDTH="45" HEIGHT="22" CONTENT="the" WC="0.48" CC="608"/>
						<SP ID="P54_SP00061" HPOS="1299" VPOS="980" WIDTH="31"/>
						<String ID="P54_ST00074" HPOS="1330" VPOS="954" WIDTH="91" HEIGHT="22" CONTENT="Death" WC="0.84" CC="07000"/>
					</TextLine>
				</TextBlock>
				<TextBlock ID="P54_TB00007" HPOS="746" VPOS="994" WIDTH="336" HEIGHT="27" STYLEREFS="TXT_2 PAR_CENTER">
					<TextLine ID="P54_TL00011" HPOS="747" VPOS="994" WIDTH="335" HEIGHT="27">
						<String ID="P54_ST00075" HPOS="747" VPOS="995" WIDTH="33" HEIGHT="26" CONTENT="of" WC="0.51" CC="90"/>
						<SP ID="P54_SP00062" HPOS="780" VPOS="1021" WIDTH="25"/>
						<String ID="P54_ST00076" HPOS="805" VPOS="994" WIDTH="122" HEIGHT="22" CONTENT="Servius" WC="0.69" CC="1008046"/>
						<SP ID="P54_SP00063" HPOS="927" VPOS="1021" WIDTH="35"/>
						<String ID="P54_ST00077" HPOS="962" VPOS="995" WIDTH="120" HEIGHT="22" CONTENT="Tullius." WC="0.63" CC="08490700"/>
					</TextLine>
				</TextBlock>
				<TextBlock ID="P54_TB00008" HPOS="877" VPOS="1149" WIDTH="622" HEIGHT="98" STYLEREFS="TXT_1 PAR_LEFT">
					<TextLine ID="P54_TL00012" HPOS="895" VPOS="1150" WIDTH="602" HEIGHT="47">
						<String ID="P54_ST00078" HPOS="895" VPOS="1150" WIDTH="13" HEIGHT="35" CONTENT="s" WC="0.56" CC="4"/>
						<SP ID="P54_SP00064" HPOS="908" VPOS="1185" WIDTH="13"/>
						<String ID="P54_ST00079" HPOS="921" VPOS="1150" WIDTH="31" HEIGHT="33" CONTENT="T" WC="0.31" CC="6"/>
						<SP ID="P54_SP00065" HPOS="952" VPOS="1185" WIDTH="25"/>
						<String ID="P54_ST00080" HPOS="977" VPOS="1150" WIDTH="29" HEIGHT="34" CONTENT="is" WC="0.74" CC="50"/>
						<SP ID="P54_SP00066" HPOS="1006" VPOS="1185" WIDTH="21"/>
						<String ID="P54_ST00081" HPOS="1027" VPOS="1150" WIDTH="59" HEIGHT="34" CONTENT="the" WC="0.87" CC="003"/>
						<SP ID="P54_SP00067" HPOS="1086" VPOS="1185" WIDTH="19"/>
						<String ID="P54_ST00082" HPOS="1105" VPOS="1151" WIDTH="151" HEIGHT="46" CONTENT="opinion" WC="0.61" CC="0645450"/>
						<SP ID="P54_SP00068" HPOS="1256" VPOS="1197" WIDTH="20"/>
						<String ID="P54_ST00083" HPOS="1276" VPOS="1152" WIDTH="41" HEIGHT="34" CONTENT="of" WC="0.85" CC="02"/>
						<SP ID="P54_SP00069" HPOS="1317" VPOS="1197" WIDTH="19"/>
						<String ID="P54_ST00084" HPOS="1336" VPOS="1151" WIDTH="61" HEIGHT="36" CONTENT="the" WC="0.82" CC="050"/>
						<SP ID="P54_SP00070" HPOS="1397" VPOS="1197" WIDTH="18"/>
						<String ID="P54_ST00085" HPOS="1415" VPOS="1151" WIDTH="82" HEIGHT="36" CONTENT="best" WC="1.00" CC="0000"/>
					</TextLine>
					<TextLine ID="P54_TL00013" HPOS="878" VPOS="1215" WIDTH="621" HEIGHT="32">
						<String ID="P54_ST00086" HPOS="878" VPOS="1219" WIDTH="30" HEIGHT="15" CONTENT="■*■" WC="0.22" CC="878"/>
						<SP ID="P54_SP00071" HPOS="908" VPOS="1234" WIDTH="48"/>
						<String ID="P54_ST00087" HPOS="956" VPOS="1215" WIDTH="185" HEIGHT="31" CONTENT="authorities" WC="0.63" CC="86810068010"/>
						<SP ID="P54_SP00072" HPOS="1141" VPOS="1246" WIDTH="27"/>
						<String ID="P54_ST00088" HPOS="1168" VPOS="1217" WIDTH="68" HEIGHT="30" CONTENT="that" WC="0.47" CC="9335"/>
						<SP ID="P54_SP00073" HPOS="1236" VPOS="1247" WIDTH="25"/>
						<String ID="P54_ST00089" HPOS="1261" VPOS="1217" WIDTH="54" HEIGHT="30" CONTENT="the" WC="0.52" CC="760"/>
						<SP ID="P54_SP00074" HPOS="1315" VPOS="1247" WIDTH="28"/>
						<String ID="P54_ST00090" HPOS="1343" VPOS="1217" WIDTH="94" HEIGHT="30" CONTENT="Muse" WC="0.79" CC="0602"/>
						<SP ID="P54_SP00075" HPOS="1437" VPOS="1247" WIDTH="27"/>
						<String ID="P54_ST00091" HPOS="1464" VPOS="1217" WIDTH="35" HEIGHT="30" CONTENT="of" WC="0.83" CC="03"/>
					</TextLine>
				</TextBlock>
				<TextBlock ID="P54_TB00009" HPOS="889" VPOS="1273" WIDTH="607" HEIGHT="435" STYLEREFS="TXT_2 PAR_LEFT">
					<TextLine ID="P54_TL00014" HPOS="891" VPOS="1274" WIDTH="605" HEIGHT="38">
						<String ID="P54_ST00092" HPOS="891" VPOS="1274" WIDTH="126" HEIGHT="36" CONTENT="Elistory" WC="0.78" CC="71005020"/>
						<SP ID="P54_SP00076" HPOS="1017" VPOS="1310" WIDTH="11"/>
						<String ID="P54_ST00093" HPOS="1028" VPOS="1275" WIDTH="54" HEIGHT="27" CONTENT="has" WC="0.80" CC="500"/>
						<SP ID="P54_SP00077" HPOS="1082" VPOS="1310" WIDTH="15"/>
						<String ID="P54_ST00094" HPOS="1097" VPOS="1276" WIDTH="158" HEIGHT="35" CONTENT="employed" WC="0.90" CC="06001000"/>
						<SP ID="P54_SP00078" HPOS="1255" VPOS="1311" WIDTH="15"/>
						<String ID="P54_ST00095" HPOS="1270" VPOS="1277" WIDTH="53" HEIGHT="26" CONTENT="her" WC="0.72" CC="502"/>
						<SP ID="P54_SP00079" HPOS="1323" VPOS="1311" WIDTH="14"/>
						<String ID="P54_ST00096" HPOS="1337" VPOS="1277" WIDTH="159" HEIGHT="35" CONTENT="skipping" SUBS_TYPE="HypPart1" SUBS_CONTENT="skippingrope" WC="0.86" CC="035001200"/>
						<HYP CONTENT="-"/>
					</TextLine>
					<TextLine ID="P54_TL00015" HPOS="890" VPOS="1325" WIDTH="606" HEIGHT="38">
						<String ID="P54_ST00097" HPOS="890" VPOS="1333" WIDTH="72" HEIGHT="25" CONTENT="rope" SUBS_TYPE="HypPart2" SUBS_CONTENT="skippingrope" WC="0.90" CC="3000"/>
						<SP ID="P54_SP00080" HPOS="962" VPOS="1358" WIDTH="15"/>
						<String ID="P54_ST00098" HPOS="977" VPOS="1325" WIDTH="29" HEIGHT="26" CONTENT="in" WC="1.00" CC="00"/>
						<SP ID="P54_SP00081" HPOS="1006" VPOS="1358" WIDTH="15"/>
						<String ID="P54_ST00099" HPOS="1021" VPOS="1325" WIDTH="134" HEIGHT="36" CONTENT="passing," WC="0.86" CC="00005203"/>
						<SP ID="P54_SP00082" HPOS="1155" VPOS="1361" WIDTH="17"/>
						<String ID="P54_ST00100" HPOS="1172" VPOS="1336" WIDTH="32" HEIGHT="17" CONTENT="or" WC="0.81" CC="03"/>
						<SP ID="P54_SP00083" HPOS="1204" VPOS="1361" WIDTH="17"/>
						<String ID="P54_ST00101" HPOS="1221" VPOS="1327" WIDTH="101" HEIGHT="26" CONTENT="rather" WC="0.81" CC="400700"/>
						<SP ID="P54_SP00084" HPOS="1322" VPOS="1361" WIDTH="21"/>
						<String ID="P54_ST00102" HPOS="1343" VPOS="1327" WIDTH="153" HEIGHT="36" CONTENT="skipping," WC="0.70" CC="004905600"/>
					</TextLine>
					<TextLine ID="P54_TL00016" HPOS="890" VPOS="1374" WIDTH="606" HEIGHT="35">
						<String ID="P54_ST00103" HPOS="890" VPOS="1374" WIDTH="73" HEIGHT="26" CONTENT="from" WC="1.00" CC="0000"/>
						<SP ID="P54_SP00085" HPOS="963" VPOS="1400" WIDTH="17"/>
						<String ID="P54_ST00104" HPOS="980" VPOS="1375" WIDTH="50" HEIGHT="26" CONTENT="the" WC="0.82" CC="050"/>
						<SP ID="P54_SP00086" HPOS="1030" VPOS="1401" WIDTH="18"/>
						<String ID="P54_ST00105" HPOS="1048" VPOS="1384" WIDTH="91" HEIGHT="25" CONTENT="grave" WC="0.95" CC="02000"/>
						<SP ID="P54_SP00087" HPOS="1139" VPOS="1409" WIDTH="16"/>
						<String ID="P54_ST00106" HPOS="1155" VPOS="1376" WIDTH="32" HEIGHT="26" CONTENT="of" WC="1.00" CC="00"/>
						<SP ID="P54_SP00088" HPOS="1187" VPOS="1409" WIDTH="15"/>
						<String ID="P54_ST00107" HPOS="1202" VPOS="1376" WIDTH="104" HEIGHT="26" CONTENT="Ancus" WC="0.95" CC="00020"/>
						<SP ID="P54_SP00089" HPOS="1306" VPOS="1409" WIDTH="15"/>
						<String ID="P54_ST00108" HPOS="1321" VPOS="1377" WIDTH="129" HEIGHT="26" CONTENT="Martius" WC="0.98" CC="0000000"/>
						<SP ID="P54_SP00090" HPOS="1450" VPOS="1409" WIDTH="15"/>
						<String ID="P54_ST00109" HPOS="1465" VPOS="1382" WIDTH="31" HEIGHT="22" CONTENT="to" WC="1.00" CC="00"/>
					</TextLine>
					<TextLine ID="P54_TL00017" HPOS="890" VPOS="1424" WIDTH="604" HEIGHT="36">
						<String ID="P54_ST00110" HPOS="890" VPOS="1424" WIDTH="51" HEIGHT="25" CONTENT="the" WC="0.77" CC="060"/>
						<SP ID="P54_SP00091" HPOS="941" VPOS="1449" WIDTH="22"/>
						<String ID="P54_ST00111" HPOS="963" VPOS="1424" WIDTH="106" HEIGHT="27" CONTENT="throne" WC="0.72" CC="370050"/>
						<SP ID="P54_SP00092" HPOS="1069" VPOS="1451" WIDTH="25"/>
						<String ID="P54_ST00112" HPOS="1094" VPOS="1425" WIDTH="32" HEIGHT="26" CONTENT="of" WC="1.00" CC="00"/>
						<SP ID="P54_SP00093" HPOS="1126" VPOS="1451" WIDTH="26"/>
						<String ID="P54_ST00113" HPOS="1152" VPOS="1425" WIDTH="180" HEIGHT="35" CONTENT="Tarquinius" WC="0.78" CC="0000720460"/>
						<SP ID="P54_SP00094" HPOS="1332" VPOS="1460" WIDTH="24"/>
						<String ID="P54_ST00114" HPOS="1356" VPOS="1427" WIDTH="119" HEIGHT="26" CONTENT="Priscus" WC="0.81" CC="6320000"/>
						<SP ID="P54_SP00095" HPOS="1475" VPOS="1460" WIDTH="14"/>
						<String ID="P54_ST00115" HPOS="1489" VPOS="1438" WIDTH="5" HEIGHT="20" CONTENT=";" WC="0.47" CC="5"/>
					</TextLine>
					<TextLine ID="P54_TL00018" HPOS="891" VPOS="1472" WIDTH="605" HEIGHT="40">
						<String ID="P54_ST00116" HPOS="891" VPOS="1472" WIDTH="43" HEIGHT="27" CONTENT="for" WC="0.71" CC="304"/>
						<SP ID="P54_SP00096" HPOS="934" VPOS="1499" WIDTH="33"/>
						<String ID="P54_ST00117" HPOS="967" VPOS="1474" WIDTH="82" HEIGHT="26" CONTENT="there" WC="0.87" CC="06000"/>
						<SP ID="P54_SP00097" HPOS="1049" VPOS="1500" WIDTH="36"/>
						<String ID="P54_ST00118" HPOS="1085" VPOS="1474" WIDTH="25" HEIGHT="26" CONTENT="is" WC="0.69" CC="60"/>
						<SP ID="P54_SP00098" HPOS="1110" VPOS="1500" WIDTH="31"/>
						<String ID="P54_ST00119" HPOS="1141" VPOS="1484" WIDTH="17" HEIGHT="17" CONTENT="a" WC="1.00" CC="0"/>
						<SP ID="P54_SP00099" HPOS="1158" VPOS="1501" WIDTH="28"/>
						<String ID="P54_ST00120" HPOS="1186" VPOS="1485" WIDTH="72" HEIGHT="26" CONTENT="very" WC="0.97" CC="0010"/>
						<SP ID="P54_SP00100" HPOS="1258" VPOS="1511" WIDTH="30"/>
						<String ID="P54_ST00121" HPOS="1288" VPOS="1476" WIDTH="107" HEIGHT="26" CONTENT="visible" WC="1.00" CC="0000000"/>
						<SP ID="P54_SP00101" HPOS="1395" VPOS="1511" WIDTH="39"/>
						<String ID="P54_ST00122" HPOS="1434" VPOS="1485" WIDTH="62" HEIGHT="27" CONTENT="gap" WC="1.00" CC="000"/>
					</TextLine>
					<TextLine ID="P54_TL00019" HPOS="890" VPOS="1523" WIDTH="606" HEIGHT="34">
						<String ID="P54_ST00123" HPOS="890" VPOS="1523" WIDTH="141" HEIGHT="34" CONTENT="yawning" WC="0.88" CC="0002500"/>
						<SP ID="P54_SP00102" HPOS="1031" VPOS="1557" WIDTH="18"/>
						<String ID="P54_ST00124" HPOS="1049" VPOS="1524" WIDTH="134" HEIGHT="26" CONTENT="between" WC="0.96" CC="2000000"/>
						<SP ID="P54_SP00103" HPOS="1183" VPOS="1557" WIDTH="25"/>
						<String ID="P54_ST00125" HPOS="1208" VPOS="1525" WIDTH="50" HEIGHT="26" CONTENT="the" WC="0.77" CC="060"/>
						<SP ID="P54_SP00104" HPOS="1258" VPOS="1557" WIDTH="20"/>
						<String ID="P54_ST00126" HPOS="1278" VPOS="1529" WIDTH="58" HEIGHT="22" CONTENT="two" WC="0.68" CC="090"/>
						<SP ID="P54_SP00105" HPOS="1336" VPOS="1557" WIDTH="12"/>
						<String ID="P54_ST00127" HPOS="1348" VPOS="1536" WIDTH="6" HEIGHT="21" CONTENT=";" WC="0.37" CC="6"/>
						<SP ID="P54_SP00106" HPOS="1354" VPOS="1557" WIDTH="30"/>
						<String ID="P54_ST00128" HPOS="1384" VPOS="1527" WIDTH="59" HEIGHT="25" CONTENT="and" WC="0.88" CC="030"/>
						<SP ID="P54_SP00107" HPOS="1443" VPOS="1557" WIDTH="21"/>
						<String ID="P54_ST00129" HPOS="1464" VPOS="1535" WIDTH="32" HEIGHT="17" CONTENT="as" WC="1.00" CC="00"/>
					</TextLine>
					<TextLine ID="P54_TL00020" HPOS="890" VPOS="1573" WIDTH="606" HEIGHT="30">
						<String ID="P54_ST00130" HPOS="890" VPOS="1580" WIDTH="44" HEIGHT="17" CONTENT="we" WC="1.00" CC="00"/>
						<SP ID="P54_SP00108" HPOS="934" VPOS="1597" WIDTH="22"/>
						<String ID="P54_ST00131" HPOS="956" VPOS="1573" WIDTH="77" HEIGHT="26" CONTENT="have" WC="0.83" CC="6000"/>
						<SP ID="P54_SP00109" HPOS="1033" VPOS="1599" WIDTH="20"/>
						<String ID="P54_ST00132" HPOS="1053" VPOS="1582" WIDTH="38" HEIGHT="17" CONTENT="no" WC="0.82" CC="30"/>
						<SP ID="P54_SP00110" HPOS="1091" VPOS="1599" WIDTH="22"/>
						<String ID="P54_ST00133" HPOS="1113" VPOS="1574" WIDTH="74" HEIGHT="26" CONTENT="wish" WC="0.74" CC="0406"/>
						<SP ID="P54_SP00111" HPOS="1187" VPOS="1600" WIDTH="20"/>
						<String ID="P54_ST00134" HPOS="1207" VPOS="1578" WIDTH="31" HEIGHT="23" CONTENT="to" WC="0.80" CC="40"/>
						<SP ID="P54_SP00112" HPOS="1238" VPOS="1601" WIDTH="19"/>
						<String ID="P54_ST00135" HPOS="1257" VPOS="1579" WIDTH="45" HEIGHT="22" CONTENT="set" WC="1.00" CC="000"/>
						<SP ID="P54_SP00113" HPOS="1302" VPOS="1601" WIDTH="20"/>
						<String ID="P54_ST00136" HPOS="1322" VPOS="1576" WIDTH="51" HEIGHT="26" CONTENT="the" WC="0.61" CC="460"/>
						<SP ID="P54_SP00114" HPOS="1373" VPOS="1602" WIDTH="19"/>
						<String ID="P54_ST00137" HPOS="1392" VPOS="1577" WIDTH="104" HEIGHT="26" CONTENT="reader" WC="0.89" CC="300002"/>
					</TextLine>
					<TextLine ID="P54_TL00021" HPOS="890" VPOS="1621" WIDTH="605" HEIGHT="40">
						<String ID="P54_ST00138" HPOS="890" VPOS="1621" WIDTH="142" HEIGHT="35" CONTENT="yawning" WC="0.84" CC="0000560"/>
						<SP ID="P54_SP00115" HPOS="1032" VPOS="1656" WIDTH="16"/>
						<String ID="P54_ST00139" HPOS="1048" VPOS="1622" WIDTH="30" HEIGHT="26" CONTENT="in" WC="1.00" CC="00"/>
						<SP ID="P54_SP00116" HPOS="1078" VPOS="1656" WIDTH="20"/>
						<String ID="P54_ST00140" HPOS="1098" VPOS="1624" WIDTH="162" HEIGHT="35" CONTENT="sympathy" WC="0.91" CC="00000060"/>
						<SP ID="P54_SP00117" HPOS="1260" VPOS="1659" WIDTH="12"/>
						<String ID="P54_ST00141" HPOS="1272" VPOS="1624" WIDTH="72" HEIGHT="27" CONTENT="with" WC="0.68" CC="0507"/>
						<SP ID="P54_SP00118" HPOS="1344" VPOS="1659" WIDTH="15"/>
						<String ID="P54_ST00142" HPOS="1359" VPOS="1626" WIDTH="51" HEIGHT="25" CONTENT="the" WC="0.74" CC="160"/>
						<SP ID="P54_SP00119" HPOS="1410" VPOS="1659" WIDTH="15"/>
						<String ID="P54_ST00143" HPOS="1425" VPOS="1634" WIDTH="70" HEIGHT="27" CONTENT="gap," WC="0.58" CC="9700"/>
					</TextLine>
					<TextLine ID="P54_TL00022" HPOS="890" VPOS="1673" WIDTH="577" HEIGHT="35">
						<String ID="P54_ST00144" HPOS="890" VPOS="1679" WIDTH="44" HEIGHT="17" CONTENT="we" WC="1.00" CC="00"/>
						<SP ID="P54_SP00120" HPOS="934" VPOS="1696" WIDTH="14"/>
						<String ID="P54_ST00145" HPOS="948" VPOS="1675" WIDTH="30" HEIGHT="21" CONTENT="at" WC="0.92" CC="10"/>
						<SP ID="P54_SP00121" HPOS="978" VPOS="1696" WIDTH="16"/>
						<String ID="P54_ST00146" HPOS="994" VPOS="1680" WIDTH="72" HEIGHT="17" CONTENT="once" WC="0.91" CC="0110"/>
						<SP ID="P54_SP00122" HPOS="1066" VPOS="1697" WIDTH="15"/>
						<String ID="P54_ST00147" HPOS="1081" VPOS="1673" WIDTH="74" HEIGHT="35" CONTENT="drag" WC="1.00" CC="0000"/>
						<SP ID="P54_SP00123" HPOS="1155" VPOS="1708" WIDTH="14"/>
						<String ID="P54_ST00148" HPOS="1169" VPOS="1673" WIDTH="62" HEIGHT="27" CONTENT="him" WC="0.63" CC="640"/>
						<SP ID="P54_SP00124" HPOS="1231" VPOS="1708" WIDTH="16"/>
						<String ID="P54_ST00149" HPOS="1247" VPOS="1683" WIDTH="85" HEIGHT="25" CONTENT="away" WC="0.78" CC="0080"/>
						<SP ID="P54_SP00125" HPOS="1332" VPOS="1708" WIDTH="13"/>
						<String ID="P54_ST00150" HPOS="1345" VPOS="1675" WIDTH="75" HEIGHT="27" CONTENT="from" WC="0.91" CC="0300"/>
						<SP ID="P54_SP00126" HPOS="1420" VPOS="1708" WIDTH="16"/>
						<String ID="P54_ST00151" HPOS="1436" VPOS="1676" WIDTH="31" HEIGHT="27" CONTENT="it." WC="0.84" CC="220"/>
					</TextLine>
				</TextBlock>
				<TextBlock ID="P54_TB00010" HPOS="890" VPOS="1752" WIDTH="605" HEIGHT="386" STYLEREFS="TXT_2 PAR_LEFT">
					<TextLine ID="P54_TL00023" HPOS="945" VPOS="1753" WIDTH="550" HEIGHT="36">
						<String ID="P54_ST00152" HPOS="945" VPOS="1753" WIDTH="155" HEIGHT="36" CONTENT="Plunging" WC="0.87" CC="70030000"/>
						<SP ID="P54_SP00127" HPOS="1100" VPOS="1789" WIDTH="20"/>
						<String ID="P54_ST00153" HPOS="1120" VPOS="1755" WIDTH="63" HEIGHT="27" CONTENT="into" WC="0.98" CC="0000"/>
						<SP ID="P54_SP00128" HPOS="1183" VPOS="1789" WIDTH="18"/>
						<String ID="P54_ST00154" HPOS="1201" VPOS="1756" WIDTH="50" HEIGHT="27" CONTENT="the" WC="0.67" CC="270"/>
						<SP ID="P54_SP00129" HPOS="1251" VPOS="1789" WIDTH="21"/>
						<String ID="P54_ST00155" HPOS="1272" VPOS="1757" WIDTH="87" HEIGHT="27" CONTENT="times" WC="0.87" CC="23000"/>
						<SP ID="P54_SP00130" HPOS="1359" VPOS="1789" WIDTH="16"/>
						<String ID="P54_ST00156" HPOS="1375" VPOS="1759" WIDTH="33" HEIGHT="26" CONTENT="of" WC="0.90" CC="01"/>
						<SP ID="P54_SP00131" HPOS="1408" VPOS="1789" WIDTH="15"/>
						<String ID="P54_ST00157" HPOS="1423" VPOS="1760" WIDTH="72" HEIGHT="25" CONTENT="Tar" SUBS_TYPE="HypPart1" SUBS_CONTENT="Tarquinius" WC="0.81" CC="0501"/>
						<HYP CONTENT="-"/>
					</TextLine>
					<TextLine ID="P54_TL00024" HPOS="890" VPOS="1802" WIDTH="605" HEIGHT="35">
						<String ID="P54_ST00158" HPOS="890" VPOS="1802" WIDTH="119" HEIGHT="34" CONTENT="quinius" SUBS_TYPE="HypPart2" SUBS_CONTENT="Tarquinius" WC="0.91" CC="0040000"/>
						<SP ID="P54_SP00132" HPOS="1009" VPOS="1836" WIDTH="15"/>
						<String ID="P54_ST00159" HPOS="1024" VPOS="1803" WIDTH="128" HEIGHT="34" CONTENT="Priscus," WC="0.77" CC="50500403"/>
						<SP ID="P54_SP00133" HPOS="1152" VPOS="1837" WIDTH="14"/>
						<String ID="P54_ST00160" HPOS="1166" VPOS="1814" WIDTH="44" HEIGHT="18" CONTENT="we" WC="1.00" CC="00"/>
						<SP ID="P54_SP00134" HPOS="1210" VPOS="1837" WIDTH="20"/>
						<String ID="P54_ST00161" HPOS="1230" VPOS="1806" WIDTH="135" HEIGHT="28" CONTENT="describe" WC="0.95" CC="00002000"/>
						<SP ID="P54_SP00135" HPOS="1365" VPOS="1837" WIDTH="17"/>
						<String ID="P54_ST00162" HPOS="1382" VPOS="1809" WIDTH="62" HEIGHT="26" CONTENT="him" WC="0.78" CC="410"/>
						<SP ID="P54_SP00136" HPOS="1444" VPOS="1837" WIDTH="19"/>
						<String ID="P54_ST00163" HPOS="1463" VPOS="1819" WIDTH="32" HEIGHT="17" CONTENT="as" WC="1.00" CC="00"/>
					</TextLine>
					<TextLine ID="P54_TL00025" HPOS="890" VPOS="1852" WIDTH="605" HEIGHT="42">
						<String ID="P54_ST00164" HPOS="890" VPOS="1852" WIDTH="51" HEIGHT="25" CONTENT="the" WC="0.61" CC="460"/>
						<SP ID="P54_SP00137" HPOS="941" VPOS="1877" WIDTH="22"/>
						<String ID="P54_ST00165" HPOS="963" VPOS="1861" WIDTH="54" HEIGHT="16" CONTENT="son" WC="1.00" CC="000"/>
						<SP ID="P54_SP00138" HPOS="1017" VPOS="1877" WIDTH="21"/>
						<String ID="P54_ST00166" HPOS="1038" VPOS="1853" WIDTH="33" HEIGHT="25" CONTENT="of" WC="1.00" CC="00"/>
						<SP ID="P54_SP00139" HPOS="1071" VPOS="1878" WIDTH="15"/>
						<String ID="P54_ST00167" HPOS="1086" VPOS="1861" WIDTH="17" HEIGHT="17" CONTENT="a" WC="1.00" CC="0"/>
						<SP ID="P54_SP00140" HPOS="1103" VPOS="1878" WIDTH="23"/>
						<String ID="P54_ST00168" HPOS="1126" VPOS="1853" WIDTH="176" HEIGHT="30" CONTENT="Corinthian" WC="0.83" CC="0000207060"/>
						<SP ID="P54_SP00141" HPOS="1302" VPOS="1883" WIDTH="27"/>
						<String ID="P54_ST00169" HPOS="1329" VPOS="1860" WIDTH="166" HEIGHT="34" CONTENT="merchant," WC="0.69" CC="702067021"/>
					</TextLine>
					<TextLine ID="P54_TL00026" HPOS="890" VPOS="1901" WIDTH="605" HEIGHT="42">
						<String ID="P54_ST00170" HPOS="890" VPOS="1901" WIDTH="77" HEIGHT="33" CONTENT="who," WC="0.76" CC="0603"/>
						<SP ID="P54_SP00142" HPOS="967" VPOS="1934" WIDTH="22"/>
						<String ID="P54_ST00171" HPOS="989" VPOS="1902" WIDTH="93" HEIGHT="36" CONTENT="being" WC="0.79" CC="70030"/>
						<SP ID="P54_SP00143" HPOS="1082" VPOS="1938" WIDTH="26"/>
						<String ID="P54_ST00172" HPOS="1108" VPOS="1905" WIDTH="165" HEIGHT="33" CONTENT="compelled" WC="0.92" CC="000003200"/>
						<SP ID="P54_SP00144" HPOS="1273" VPOS="1938" WIDTH="27"/>
						<String ID="P54_ST00173" HPOS="1300" VPOS="1911" WIDTH="31" HEIGHT="22" CONTENT="to" WC="1.00" CC="00"/>
						<SP ID="P54_SP00145" HPOS="1331" VPOS="1938" WIDTH="25"/>
						<String ID="P54_ST00174" HPOS="1356" VPOS="1909" WIDTH="64" HEIGHT="34" CONTENT="quit" WC="0.86" CC="0050"/>
						<SP ID="P54_SP00146" HPOS="1420" VPOS="1943" WIDTH="28"/>
						<String ID="P54_ST00175" HPOS="1448" VPOS="1910" WIDTH="47" HEIGHT="27" CONTENT="his" WC="0.68" CC="720"/>
					</TextLine>
					<TextLine ID="P54_TL00027" HPOS="891" VPOS="1951" WIDTH="604" HEIGHT="39">
						<String ID="P54_ST00176" HPOS="891" VPOS="1955" WIDTH="125" HEIGHT="31" CONTENT="country" WC="0.93" CC="0020020"/>
						<SP ID="P54_SP00147" HPOS="1016" VPOS="1986" WIDTH="25"/>
						<String ID="P54_ST00177" HPOS="1041" VPOS="1951" WIDTH="44" HEIGHT="26" CONTENT="for" WC="1.00" CC="000"/>
						<SP ID="P54_SP00148" HPOS="1085" VPOS="1986" WIDTH="29"/>
						<String ID="P54_ST00178" HPOS="1114" VPOS="1953" WIDTH="133" HEIGHT="34" CONTENT="political" WC="0.88" CC="004005000"/>
						<SP ID="P54_SP00149" HPOS="1247" VPOS="1987" WIDTH="30"/>
						<String ID="P54_ST00179" HPOS="1277" VPOS="1965" WIDTH="132" HEIGHT="25" CONTENT="reasons," WC="0.89" CC="00600002"/>
						<SP ID="P54_SP00150" HPOS="1409" VPOS="1990" WIDTH="25"/>
						<String ID="P54_ST00180" HPOS="1434" VPOS="1960" WIDTH="61" HEIGHT="26" CONTENT="had" WC="0.75" CC="240"/>
					</TextLine>
					<TextLine ID="P54_TL00028" HPOS="890" VPOS="1999" WIDTH="605" HEIGHT="44">
						<String ID="P54_ST00181" HPOS="890" VPOS="1999" WIDTH="176" HEIGHT="27" CONTENT="withdrawn" WC="0.92" CC="000601000"/>
						<SP ID="P54_SP00151" HPOS="1066" VPOS="2026" WIDTH="23"/>
						<String ID="P54_ST00182" HPOS="1089" VPOS="2002" WIDTH="38" HEIGHT="25" CONTENT="all" WC="1.00" CC="000"/>
						<SP ID="P54_SP00152" HPOS="1127" VPOS="2027" WIDTH="22"/>
						<String ID="P54_ST00183" HPOS="1149" VPOS="2003" WIDTH="46" HEIGHT="26" CONTENT="his" WC="0.72" CC="620"/>
						<SP ID="P54_SP00153" HPOS="1195" VPOS="2029" WIDTH="20"/>
						<String ID="P54_ST00184" HPOS="1215" VPOS="2004" WIDTH="176" HEIGHT="29" CONTENT="Corinthian" WC="0.77" CC="5023126000"/>
						<SP ID="P54_SP00154" HPOS="1391" VPOS="2033" WIDTH="23"/>
						<String ID="P54_ST00185" HPOS="1414" VPOS="2009" WIDTH="81" HEIGHT="34" CONTENT="capi" SUBS_TYPE="HypPart1" SUBS_CONTENT="capital," WC="0.80" CC="00800"/>
						<HYP CONTENT="-"/>
					</TextLine>
					<TextLine ID="P54_TL00029" HPOS="890" VPOS="2049" WIDTH="604" HEIGHT="42">
						<String ID="P54_ST00186" HPOS="890" VPOS="2049" WIDTH="51" HEIGHT="33" CONTENT="tal," SUBS_TYPE="HypPart2" SUBS_CONTENT="capital," WC="0.89" CC="0004"/>
						<SP ID="P54_SP00155" HPOS="941" VPOS="2082" WIDTH="29"/>
						<String ID="P54_ST00187" HPOS="970" VPOS="2050" WIDTH="59" HEIGHT="26" CONTENT="and" WC="1.00" CC="000"/>
						<SP ID="P54_SP00156" HPOS="1029" VPOS="2082" WIDTH="33"/>
						<String ID="P54_ST00188" HPOS="1062" VPOS="2052" WIDTH="107" HEIGHT="25" CONTENT="settled" WC="0.98" CC="0001000"/>
						<SP ID="P54_SP00157" HPOS="1169" VPOS="2082" WIDTH="34"/>
						<String ID="P54_ST00189" HPOS="1203" VPOS="2059" WIDTH="30" HEIGHT="21" CONTENT="at" WC="1.00" CC="00"/>
						<SP ID="P54_SP00158" HPOS="1233" VPOS="2082" WIDTH="33"/>
						<String ID="P54_ST00190" HPOS="1266" VPOS="2055" WIDTH="164" HEIGHT="36" CONTENT="Tarquinii," WC="0.82" CC="0010420063"/>
						<SP ID="P54_SP00159" HPOS="1430" VPOS="2091" WIDTH="26"/>
						<String ID="P54_ST00191" HPOS="1456" VPOS="2068" WIDTH="38" HEIGHT="17" CONTENT="an" WC="0.78" CC="04"/>
					</TextLine>
					<TextLine ID="P54_TL00030" HPOS="890" VPOS="2098" WIDTH="605" HEIGHT="40">
						<String ID="P54_ST00192" HPOS="890" VPOS="2098" WIDTH="147" HEIGHT="28" CONTENT="Etruscan" WC="0.82" CC="60330000"/>
						<SP ID="P54_SP00160" HPOS="1037" VPOS="2126" WIDTH="34"/>
						<String ID="P54_ST00193" HPOS="1071" VPOS="2101" WIDTH="67" HEIGHT="36" CONTENT="city." WC="1.00" CC="00000"/>
						<SP ID="P54_SP00161" HPOS="1138" VPOS="2137" WIDTH="48"/>
						<String ID="P54_ST00194" HPOS="1186" VPOS="2102" WIDTH="125" HEIGHT="36" CONTENT="Having" WC="0.91" CC="000500"/>
						<SP ID="P54_SP00162" HPOS="1311" VPOS="2138" WIDTH="29"/>
						<String ID="P54_ST00195" HPOS="1340" VPOS="2106" WIDTH="91" HEIGHT="28" CONTENT="fallen" WC="0.90" CC="003002"/>
						<SP ID="P54_SP00163" HPOS="1431" VPOS="2138" WIDTH="34"/>
						<String ID="P54_ST00196" HPOS="1465" VPOS="2109" WIDTH="30" HEIGHT="27" CONTENT="in" WC="0.53" CC="54"/>
					</TextLine>
				</TextBlock>
				<TextBlock ID="P54_TB00011" HPOS="501" VPOS="2063" WIDTH="200" HEIGHT="14" STYLEREFS="TXT_2 PAR_LEFT">
					<TextLine ID="P54_TL00031" HPOS="501" VPOS="2063" WIDTH="200" HEIGHT="14">
						<String ID="P54_ST00197" HPOS="501" VPOS="2064" WIDTH="70" HEIGHT="13" CONTENT="Roman" WC="0.66" CC="55600"/>
						<SP ID="P54_SP00164" HPOS="571" VPOS="2077" WIDTH="21"/>
						<String ID="P54_ST00198" HPOS="592" VPOS="2063" WIDTH="22" HEIGHT="14" CONTENT="Pa" WC="0.46" CC="91"/>
						<SP ID="P54_SP00165" HPOS="614" VPOS="2077" WIDTH="7"/>
						<String ID="P54_ST00199" HPOS="621" VPOS="2064" WIDTH="80" HEIGHT="13" CONTENT="triclan." WC="0.48" CC="69360356"/>
					</TextLine>
				</TextBlock>
				<TextBlock ID="P54_TB00012" HPOS="345" VPOS="2143" WIDTH="1151" HEIGHT="47" STYLEREFS="TXT_2 PAR_CENTER">
					<TextLine ID="P54_TL00032" HPOS="345" VPOS="2143" WIDTH="1151" HEIGHT="47">
						<String ID="P54_ST00200" HPOS="345" VPOS="2143" WIDTH="65" HEIGHT="28" CONTENT="love" WC="0.71" CC="3070"/>
						<SP ID="P54_SP00166" HPOS="410" VPOS="2171" WIDTH="14"/>
						<String ID="P54_ST00201" HPOS="424" VPOS="2145" WIDTH="71" HEIGHT="26" CONTENT="with" WC="0.69" CC="0425"/>
						<SP ID="P54_SP00167" HPOS="495" VPOS="2171" WIDTH="15"/>
						<String ID="P54_ST00202" HPOS="510" VPOS="2154" WIDTH="17" HEIGHT="17" CONTENT="a" WC="1.00" CC="0"/>
						<SP ID="P54_SP00168" HPOS="527" VPOS="2171" WIDTH="14"/>
						<String ID="P54_ST00203" HPOS="541" VPOS="2146" WIDTH="70" HEIGHT="36" CONTENT="lady" WC="0.54" CC="5560"/>
						<SP ID="P54_SP00169" HPOS="611" VPOS="2182" WIDTH="14"/>
						<String ID="P54_ST00204" HPOS="625" VPOS="2146" WIDTH="32" HEIGHT="26" CONTENT="of" WC="1.00" CC="00"/>
						<SP ID="P54_SP00170" HPOS="657" VPOS="2182" WIDTH="10"/>
						<String ID="P54_ST00205" HPOS="667" VPOS="2147" WIDTH="50" HEIGHT="26" CONTENT="the" WC="0.48" CC="563"/>
						<SP ID="P54_SP00171" HPOS="717" VPOS="2182" WIDTH="14"/>
						<String ID="P54_ST00206" HPOS="731" VPOS="2148" WIDTH="95" HEIGHT="35" CONTENT="place," WC="0.66" CC="017074"/>
						<SP ID="P54_SP00172" HPOS="826" VPOS="2183" WIDTH="16"/>
						<String ID="P54_ST00207" HPOS="842" VPOS="2157" WIDTH="40" HEIGHT="25" CONTENT="or," WC="0.83" CC="004"/>
						<SP ID="P54_SP00173" HPOS="882" VPOS="2183" WIDTH="16"/>
						<String ID="P54_ST00208" HPOS="898" VPOS="2157" WIDTH="81" HEIGHT="18" CONTENT="more" WC="0.75" CC="9000"/>
						<SP ID="P54_SP00174" HPOS="979" VPOS="2183" WIDTH="14"/>
						<String ID="P54_ST00209" HPOS="993" VPOS="2150" WIDTH="161" HEIGHT="37" CONTENT="poetically" WC="0.71" CC="9004009030"/>
						<SP ID="P54_SP00175" HPOS="1154" VPOS="2187" WIDTH="14"/>
						<String ID="P54_ST00210" HPOS="1168" VPOS="2153" WIDTH="157" HEIGHT="37" CONTENT="speaking," WC="0.78" CC="000005094"/>
						<SP ID="P54_SP00176" HPOS="1325" VPOS="2190" WIDTH="16"/>
						<String ID="P54_ST00211" HPOS="1341" VPOS="2156" WIDTH="155" HEIGHT="34" CONTENT="deposited" WC="0.95" CC="000004000"/>
					</TextLine>
				</TextBlock>
				<ComposedBlock ID="P54_CB00001" HPOS="374" VPOS="1177" WIDTH="437" HEIGHT="847" STYLEREFS="TXT_0 PAR_LEFT" TYPE="Illustration">
					<GraphicalElement ID="P54_CB00001_SUB" HPOS="374" VPOS="1177" WIDTH="437" HEIGHT="847"/>
				</ComposedBlock>
			</PrintSpace>
		</Page>
	</Layout>
</alto>
