<?xml version="1.0" encoding="UTF-8"?>
<alto xmlns:xsi="http://www.w3.org/2001/XMLSchema-instance" xsi:noNamespaceSchemaLocation="http://www.bl.uk/schemas/alto/alto-1-4.xsd" xmlns:xlink="http://www.w3.org/1999/xlink">
	<Description>
		<MeasurementUnit>mm10</MeasurementUnit>
		<sourceImageInformation>
			<fileName>//head1/IN/2008-39/A0012093469/008901.jp2</fileName>
		</sourceImageInformation>
		<OCRProcessing ID="OCRPROCESSING_1">
			<preProcessingStep>
				<processingSoftware>
					<softwareCreator>CCS Content Conversion Specialists GmbH, Germany</softwareCreator>
					<softwareName>CCS docWORKS</softwareName>
					<softwareVersion>6.1-0.67</softwareVersion>
				</processingSoftware>
			</preProcessingStep>
			<ocrProcessingStep>
				<processingSoftware>
					<softwareCreator>ABBYY (BIT Software), Russia</softwareCreator>
					<softwareName>Finereader</softwareName>
				</processingSoftware>
			</ocrProcessingStep>
		</OCRProcessing>
	</Description>
	<Styles>
		<TextStyle ID="TXT_0" FONTSIZE="11" FONTFAMILY="Courier New"/>
		<TextStyle ID="TXT_1" FONTSIZE="9" FONTFAMILY="Courier New"/>
		<TextStyle ID="TXT_2" FONTSIZE="10" FONTFAMILY="Courier New"/>
		<ParagraphStyle ID="PAR_LEFT" ALIGN="Left"/>
		<ParagraphStyle ID="PAR_RIGHT" ALIGN="Right"/>
	</Styles>
	<Layout>
		<Page ID="P55" PHYSICAL_IMG_NR="55" HEIGHT="2518" WIDTH="1698" PRINTED_IMG_NR="31" POSITION="Right" ACCURACY="84.94">
			<TopMargin ID="P55_TM00001" HPOS="0" VPOS="0" WIDTH="1698" HEIGHT="346">
				<TextBlock ID="P55_TB00001" HPOS="455" VPOS="287" WIDTH="505" HEIGHT="59" STYLEREFS="TXT_0 PAR_LEFT">
					<TextLine ID="P55_TL00001" HPOS="456" VPOS="287" WIDTH="504" HEIGHT="59">
						<String ID="P55_ST00001" HPOS="456" VPOS="287" WIDTH="277" HEIGHT="59" CONTENT="Tarquinius" WC="0.77" CC="0000716070"/>
						<SP ID="P55_SP00001" HPOS="733" VPOS="346" WIDTH="32"/>
						<String ID="P55_ST00002" HPOS="765" VPOS="290" WIDTH="195" HEIGHT="43" CONTENT="Priscus." WC="0.79" CC="04400403"/>
					</TextLine>
				</TextBlock>
				<TextBlock ID="P55_TB00002" HPOS="124" VPOS="310" WIDTH="129" HEIGHT="23" STYLEREFS="TXT_1 PAR_LEFT">
					<TextLine ID="P55_TL00002" HPOS="125" VPOS="310" WIDTH="128" HEIGHT="23">
						<String ID="P55_ST00003" HPOS="125" VPOS="310" WIDTH="66" HEIGHT="23" CONTENT="Chap." WC="0.57" CC="40790"/>
						<SP ID="P55_SP00002" HPOS="191" VPOS="333" WIDTH="14"/>
						<String ID="P55_ST00004" HPOS="205" VPOS="312" WIDTH="48" HEIGHT="21" CONTENT="III.]" WC="0.69" CC="38003"/>
					</TextLine>
				</TextBlock>
				<TextBlock ID="P55_TB00003" HPOS="1242" VPOS="307" WIDTH="33" HEIGHT="28" STYLEREFS="TXT_2 PAR_RIGHT">
					<TextLine ID="P55_TL00003" HPOS="1242" VPOS="307" WIDTH="33" HEIGHT="28">
						<String ID="P55_ST00005" HPOS="1242" VPOS="307" WIDTH="33" HEIGHT="28" CONTENT="31" WC="0.98" CC="00"/>
					</TextLine>
				</TextBlock>
			</TopMargin>
			<LeftMargin ID="P55_LM00001" HPOS="0" VPOS="336" WIDTH="124" HEIGHT="1890"/>
			<RightMargin ID="P55_RM00001" HPOS="1285" VPOS="336" WIDTH="413" HEIGHT="1890"/>
			<BottomMargin ID="P55_BM00001" HPOS="0" VPOS="2226" WIDTH="1698" HEIGHT="291"/>
			<PrintSpace ID="P55_PS00001" HPOS="124" VPOS="336" WIDTH="1161" HEIGHT="1890">
				<TextBlock ID="P55_TB00004" HPOS="126" VPOS="400" WIDTH="1153" HEIGHT="1028" STYLEREFS="TXT_1 PAR_LEFT">
					<TextLine ID="P55_TL00004" HPOS="126" VPOS="400" WIDTH="1153" HEIGHT="37">
						<String ID="P55_ST00006" HPOS="126" VPOS="400" WIDTH="48" HEIGHT="27" CONTENT="his" WC="0.78" CC="510"/>
						<SP ID="P55_SP00003" HPOS="174" VPOS="427" WIDTH="15"/>
						<String ID="P55_ST00007" HPOS="189" VPOS="401" WIDTH="154" HEIGHT="27" CONTENT="affections" WC="0.95" CC="0000004000"/>
						<SP ID="P55_SP00004" HPOS="343" VPOS="428" WIDTH="15"/>
						<String ID="P55_ST00008" HPOS="358" VPOS="401" WIDTH="30" HEIGHT="27" CONTENT="in" WC="0.77" CC="12"/>
						<SP ID="P55_SP00005" HPOS="388" VPOS="428" WIDTH="16"/>
						<String ID="P55_ST00009" HPOS="404" VPOS="410" WIDTH="38" HEIGHT="18" CONTENT="an" WC="0.72" CC="50"/>
						<SP ID="P55_SP00006" HPOS="442" VPOS="428" WIDTH="16"/>
						<String ID="P55_ST00010" HPOS="458" VPOS="403" WIDTH="148" HEIGHT="27" CONTENT="Etruscan" WC="0.86" CC="30000024"/>
						<SP ID="P55_SP00007" HPOS="606" VPOS="430" WIDTH="18"/>
						<String ID="P55_ST00011" HPOS="624" VPOS="413" WIDTH="81" HEIGHT="24" CONTENT="vase," WC="0.88" CC="02003"/>
						<SP ID="P55_SP00008" HPOS="705" VPOS="437" WIDTH="14"/>
						<String ID="P55_ST00012" HPOS="719" VPOS="405" WIDTH="37" HEIGHT="26" CONTENT="he" WC="0.48" CC="63"/>
						<SP ID="P55_SP00009" HPOS="756" VPOS="437" WIDTH="19"/>
						<String ID="P55_ST00013" HPOS="775" VPOS="406" WIDTH="122" HEIGHT="26" CONTENT="became" WC="1.00" CC="000000"/>
						<SP ID="P55_SP00010" HPOS="897" VPOS="437" WIDTH="16"/>
						<String ID="P55_ST00014" HPOS="913" VPOS="415" WIDTH="17" HEIGHT="16" CONTENT="a" WC="1.00" CC="0"/>
						<SP ID="P55_SP00011" HPOS="930" VPOS="437" WIDTH="17"/>
						<String ID="P55_ST00015" HPOS="947" VPOS="405" WIDTH="137" HEIGHT="26" CONTENT="husband" WC="0.83" CC="4302000"/>
						<SP ID="P55_SP00012" HPOS="1084" VPOS="437" WIDTH="18"/>
						<String ID="P55_ST00016" HPOS="1102" VPOS="409" WIDTH="29" HEIGHT="22" CONTENT="to" WC="1.00" CC="00"/>
						<SP ID="P55_SP00013" HPOS="1131" VPOS="437" WIDTH="14"/>
						<String ID="P55_ST00017" HPOS="1145" VPOS="405" WIDTH="61" HEIGHT="32" CONTENT="her," WC="0.64" CC="6304"/>
						<SP ID="P55_SP00014" HPOS="1206" VPOS="437" WIDTH="16"/>
						<String ID="P55_ST00018" HPOS="1222" VPOS="406" WIDTH="57" HEIGHT="25" CONTENT="and" WC="1.00" CC="000"/>
					</TextLine>
					<TextLine ID="P55_TL00005" HPOS="126" VPOS="450" WIDTH="1153" HEIGHT="41">
						<String ID="P55_ST00019" HPOS="126" VPOS="450" WIDTH="51" HEIGHT="27" CONTENT="the" WC="0.80" CC="060"/>
						<SP ID="P55_SP00015" HPOS="177" VPOS="477" WIDTH="16"/>
						<String ID="P55_ST00020" HPOS="193" VPOS="451" WIDTH="98" HEIGHT="27" CONTENT="father" WC="0.87" CC="000600"/>
						<SP ID="P55_SP00016" HPOS="291" VPOS="478" WIDTH="13"/>
						<String ID="P55_ST00021" HPOS="304" VPOS="452" WIDTH="33" HEIGHT="26" CONTENT="of" WC="1.00" CC="00"/>
						<SP ID="P55_SP00017" HPOS="337" VPOS="478" WIDTH="15"/>
						<String ID="P55_ST00022" HPOS="352" VPOS="455" WIDTH="59" HEIGHT="24" CONTENT="two" WC="1.00" CC="000"/>
						<SP ID="P55_SP00018" HPOS="411" VPOS="479" WIDTH="21"/>
						<String ID="P55_ST00023" HPOS="432" VPOS="453" WIDTH="143" HEIGHT="33" CONTENT="children," WC="0.79" CC="041000172"/>
						<SP ID="P55_SP00019" HPOS="575" VPOS="486" WIDTH="16"/>
						<String ID="P55_ST00024" HPOS="591" VPOS="455" WIDTH="109" HEIGHT="26" CONTENT="named" WC="0.98" CC="00000"/>
						<SP ID="P55_SP00020" HPOS="700" VPOS="486" WIDTH="20"/>
						<String ID="P55_ST00025" HPOS="720" VPOS="455" WIDTH="204" HEIGHT="36" CONTENT="respectively," WC="0.91" CC="5000000100004"/>
						<SP ID="P55_SP00021" HPOS="924" VPOS="491" WIDTH="16"/>
						<String ID="P55_ST00026" HPOS="940" VPOS="455" WIDTH="130" HEIGHT="26" CONTENT="Lucumo" WC="1.00" CC="000000"/>
						<SP ID="P55_SP00022" HPOS="1070" VPOS="491" WIDTH="22"/>
						<String ID="P55_ST00027" HPOS="1092" VPOS="456" WIDTH="58" HEIGHT="25" CONTENT="and" WC="0.91" CC="020"/>
						<SP ID="P55_SP00023" HPOS="1150" VPOS="491" WIDTH="19"/>
						<String ID="P55_ST00028" HPOS="1169" VPOS="455" WIDTH="110" HEIGHT="27" CONTENT="Aruns." WC="1.00" CC="000000"/>
					</TextLine>
					<TextLine ID="P55_TL00006" HPOS="127" VPOS="500" WIDTH="1152" HEIGHT="38">
						<String ID="P55_ST00029" HPOS="127" VPOS="500" WIDTH="79" HEIGHT="27" CONTENT="Poor" WC="0.81" CC="5001"/>
						<SP ID="P55_SP00024" HPOS="206" VPOS="527" WIDTH="17"/>
						<String ID="P55_ST00030" HPOS="223" VPOS="502" WIDTH="102" HEIGHT="26" CONTENT="Aruns" WC="0.98" CC="00010"/>
						<SP ID="P55_SP00025" HPOS="325" VPOS="528" WIDTH="17"/>
						<String ID="P55_ST00031" HPOS="342" VPOS="502" WIDTH="60" HEIGHT="26" CONTENT="had" WC="0.78" CC="600"/>
						<SP ID="P55_SP00026" HPOS="402" VPOS="528" WIDTH="22"/>
						<String ID="P55_ST00032" HPOS="424" VPOS="511" WIDTH="17" HEIGHT="17" CONTENT="a" WC="1.00" CC="0"/>
						<SP ID="P55_SP00027" HPOS="441" VPOS="528" WIDTH="20"/>
						<String ID="P55_ST00033" HPOS="461" VPOS="512" WIDTH="72" HEIGHT="26" CONTENT="very" WC="0.85" CC="0050"/>
						<SP ID="P55_SP00028" HPOS="533" VPOS="538" WIDTH="13"/>
						<String ID="P55_ST00034" HPOS="546" VPOS="503" WIDTH="79" HEIGHT="27" CONTENT="brief" WC="0.96" CC="01000"/>
						<SP ID="P55_SP00029" HPOS="625" VPOS="538" WIDTH="18"/>
						<String ID="P55_ST00035" HPOS="643" VPOS="514" WIDTH="63" HEIGHT="22" CONTENT="run," WC="0.70" CC="0640"/>
						<SP ID="P55_SP00030" HPOS="706" VPOS="538" WIDTH="16"/>
						<String ID="P55_ST00036" HPOS="722" VPOS="505" WIDTH="58" HEIGHT="26" CONTENT="and" WC="0.99" CC="000"/>
						<SP ID="P55_SP00031" HPOS="780" VPOS="538" WIDTH="22"/>
						<String ID="P55_ST00037" HPOS="802" VPOS="514" WIDTH="72" HEIGHT="17" CONTENT="soon" WC="0.69" CC="5007"/>
						<SP ID="P55_SP00032" HPOS="874" VPOS="538" WIDTH="21"/>
						<String ID="P55_ST00038" HPOS="895" VPOS="509" WIDTH="59" HEIGHT="22" CONTENT="met" WC="1.00" CC="000"/>
						<SP ID="P55_SP00033" HPOS="954" VPOS="538" WIDTH="22"/>
						<String ID="P55_ST00039" HPOS="976" VPOS="504" WIDTH="46" HEIGHT="27" CONTENT="his" WC="0.70" CC="710"/>
						<SP ID="P55_SP00034" HPOS="1022" VPOS="538" WIDTH="21"/>
						<String ID="P55_ST00040" HPOS="1043" VPOS="504" WIDTH="89" HEIGHT="27" CONTENT="death" WC="0.86" CC="00006"/>
						<String ID="P55_ST00041" HPOS="1143" VPOS="514" WIDTH="5" HEIGHT="21" CONTENT=";" WC="0.93" CC="0"/>
						<SP ID="P55_SP00035" HPOS="1148" VPOS="538" WIDTH="22"/>
						<String ID="P55_ST00042" HPOS="1170" VPOS="504" WIDTH="53" HEIGHT="27" CONTENT="but" WC="0.85" CC="040"/>
						<SP ID="P55_SP00036" HPOS="1223" VPOS="538" WIDTH="13"/>
						<String ID="P55_ST00043" HPOS="1236" VPOS="514" WIDTH="43" HEIGHT="17" CONTENT="we" WC="1.00" CC="00"/>
					</TextLine>
					<TextLine ID="P55_TL00007" HPOS="127" VPOS="552" WIDTH="1151" HEIGHT="37">
						<String ID="P55_ST00044" HPOS="127" VPOS="555" WIDTH="111" HEIGHT="22" CONTENT="cannot" WC="0.81" CC="000604"/>
						<SP ID="P55_SP00037" HPOS="238" VPOS="577" WIDTH="20"/>
						<String ID="P55_ST00045" HPOS="258" VPOS="560" WIDTH="55" HEIGHT="26" CONTENT="say" WC="1.00" CC="000"/>
						<SP ID="P55_SP00038" HPOS="313" VPOS="586" WIDTH="20"/>
						<String ID="P55_ST00046" HPOS="333" VPOS="552" WIDTH="69" HEIGHT="27" CONTENT="how" WC="0.79" CC="600"/>
						<SP ID="P55_SP00039" HPOS="402" VPOS="586" WIDTH="22"/>
						<String ID="P55_ST00047" HPOS="424" VPOS="561" WIDTH="33" HEIGHT="17" CONTENT="or" WC="1.00" CC="00"/>
						<SP ID="P55_SP00040" HPOS="457" VPOS="586" WIDTH="20"/>
						<String ID="P55_ST00048" HPOS="477" VPOS="553" WIDTH="106" HEIGHT="33" CONTENT="where," WC="0.73" CC="070503"/>
						<SP ID="P55_SP00041" HPOS="583" VPOS="586" WIDTH="25"/>
						<String ID="P55_ST00049" HPOS="608" VPOS="553" WIDTH="44" HEIGHT="27" CONTENT="for" WC="0.80" CC="005"/>
						<SP ID="P55_SP00042" HPOS="652" VPOS="586" WIDTH="20"/>
						<String ID="P55_ST00050" HPOS="672" VPOS="564" WIDTH="45" HEIGHT="16" CONTENT="we" WC="1.00" CC="00"/>
						<SP ID="P55_SP00043" HPOS="717" VPOS="586" WIDTH="22"/>
						<String ID="P55_ST00051" HPOS="739" VPOS="555" WIDTH="77" HEIGHT="26" CONTENT="have" WC="0.82" CC="4030"/>
						<SP ID="P55_SP00044" HPOS="816" VPOS="586" WIDTH="20"/>
						<String ID="P55_ST00052" HPOS="836" VPOS="564" WIDTH="38" HEIGHT="17" CONTENT="no" WC="0.59" CC="80"/>
						<SP ID="P55_SP00045" HPOS="874" VPOS="586" WIDTH="20"/>
						<String ID="P55_ST00053" HPOS="894" VPOS="558" WIDTH="99" HEIGHT="31" CONTENT="report" WC="0.91" CC="200030"/>
						<SP ID="P55_SP00046" HPOS="993" VPOS="589" WIDTH="20"/>
						<String ID="P55_ST00054" HPOS="1013" VPOS="553" WIDTH="33" HEIGHT="27" CONTENT="of" WC="1.00" CC="00"/>
						<SP ID="P55_SP00047" HPOS="1046" VPOS="589" WIDTH="21"/>
						<String ID="P55_ST00055" HPOS="1067" VPOS="554" WIDTH="50" HEIGHT="26" CONTENT="the" WC="0.79" CC="410"/>
						<SP ID="P55_SP00048" HPOS="1117" VPOS="589" WIDTH="20"/>
						<String ID="P55_ST00056" HPOS="1137" VPOS="554" WIDTH="141" HEIGHT="35" CONTENT="meeting." WC="0.92" CC="00000600"/>
					</TextLine>
					<TextLine ID="P55_TL00008" HPOS="128" VPOS="600" WIDTH="1151" HEIGHT="40">
						<String ID="P55_ST00057" HPOS="128" VPOS="600" WIDTH="132" HEIGHT="28" CONTENT="Lucumo" WC="0.94" CC="000030"/>
						<SP ID="P55_SP00049" HPOS="260" VPOS="628" WIDTH="21"/>
						<String ID="P55_ST00058" HPOS="281" VPOS="602" WIDTH="129" HEIGHT="26" CONTENT="married" WC="0.83" CC="0026300"/>
						<SP ID="P55_SP00050" HPOS="410" VPOS="628" WIDTH="21"/>
						<String ID="P55_ST00059" HPOS="431" VPOS="603" WIDTH="159" HEIGHT="34" CONTENT="Tanaquil," WC="0.93" CC="001000004"/>
						<SP ID="P55_SP00051" HPOS="590" VPOS="637" WIDTH="22"/>
						<String ID="P55_ST00060" HPOS="612" VPOS="612" WIDTH="37" HEIGHT="18" CONTENT="an" WC="0.79" CC="31"/>
						<SP ID="P55_SP00052" HPOS="649" VPOS="637" WIDTH="24"/>
						<String ID="P55_ST00061" HPOS="673" VPOS="604" WIDTH="146" HEIGHT="26" CONTENT="Etruscan" WC="0.86" CC="00340003"/>
						<SP ID="P55_SP00053" HPOS="819" VPOS="637" WIDTH="24"/>
						<String ID="P55_ST00062" HPOS="843" VPOS="605" WIDTH="78" HEIGHT="35" CONTENT="lady," WC="0.81" CC="20060"/>
						<SP ID="P55_SP00054" HPOS="921" VPOS="640" WIDTH="16"/>
						<String ID="P55_ST00063" HPOS="937" VPOS="603" WIDTH="32" HEIGHT="27" CONTENT="of" WC="1.00" CC="00"/>
						<SP ID="P55_SP00055" HPOS="969" VPOS="640" WIDTH="17"/>
						<String ID="P55_ST00064" HPOS="986" VPOS="608" WIDTH="84" HEIGHT="31" CONTENT="great" WC="0.88" CC="04001"/>
						<SP ID="P55_SP00056" HPOS="1070" VPOS="640" WIDTH="20"/>
						<String ID="P55_ST00065" HPOS="1090" VPOS="604" WIDTH="110" HEIGHT="35" CONTENT="beauty" WC="0.86" CC="305000"/>
						<SP ID="P55_SP00057" HPOS="1200" VPOS="640" WIDTH="21"/>
						<String ID="P55_ST00066" HPOS="1221" VPOS="605" WIDTH="58" HEIGHT="25" CONTENT="and" WC="0.76" CC="007"/>
					</TextLine>
					<TextLine ID="P55_TL00009" HPOS="129" VPOS="651" WIDTH="1150" HEIGHT="38">
						<String ID="P55_ST00067" HPOS="129" VPOS="651" WIDTH="155" HEIGHT="33" CONTENT="ambition," WC="0.84" CC="030006004"/>
						<SP ID="P55_SP00058" HPOS="284" VPOS="684" WIDTH="15"/>
						<String ID="P55_ST00068" HPOS="299" VPOS="652" WIDTH="66" HEIGHT="27" CONTENT="who" WC="0.71" CC="062"/>
						<SP ID="P55_SP00059" HPOS="365" VPOS="684" WIDTH="21"/>
						<String ID="P55_ST00069" HPOS="386" VPOS="652" WIDTH="153" HEIGHT="35" CONTENT="professed" WC="0.91" CC="040300000"/>
						<SP ID="P55_SP00060" HPOS="539" VPOS="687" WIDTH="20"/>
						<String ID="P55_ST00070" HPOS="559" VPOS="658" WIDTH="30" HEIGHT="22" CONTENT="to" WC="1.00" CC="00"/>
						<SP ID="P55_SP00061" HPOS="589" VPOS="687" WIDTH="23"/>
						<String ID="P55_ST00071" HPOS="612" VPOS="654" WIDTH="66" HEIGHT="26" CONTENT="dive" WC="1.00" CC="0000"/>
						<SP ID="P55_SP00062" HPOS="678" VPOS="687" WIDTH="21"/>
						<String ID="P55_ST00072" HPOS="699" VPOS="654" WIDTH="62" HEIGHT="26" CONTENT="into" WC="1.00" CC="0000"/>
						<SP ID="P55_SP00063" HPOS="761" VPOS="687" WIDTH="21"/>
						<String ID="P55_ST00073" HPOS="782" VPOS="654" WIDTH="122" HEIGHT="35" CONTENT="futurity" WC="0.77" CC="03520700"/>
						<String ID="P55_ST00074" HPOS="915" VPOS="664" WIDTH="5" HEIGHT="21" CONTENT=";" WC="0.79" CC="2"/>
						<SP ID="P55_SP00064" HPOS="920" VPOS="689" WIDTH="23"/>
						<String ID="P55_ST00075" HPOS="943" VPOS="654" WIDTH="66" HEIGHT="31" CONTENT="and," WC="0.91" CC="0003"/>
						<SP ID="P55_SP00065" HPOS="1009" VPOS="689" WIDTH="21"/>
						<String ID="P55_ST00076" HPOS="1030" VPOS="653" WIDTH="110" HEIGHT="35" CONTENT="guided" WC="0.70" CC="905200"/>
						<SP ID="P55_SP00066" HPOS="1140" VPOS="689" WIDTH="20"/>
						<String ID="P55_ST00077" HPOS="1160" VPOS="654" WIDTH="40" HEIGHT="35" CONTENT="by" WC="1.00" CC="00"/>
						<SP ID="P55_SP00067" HPOS="1200" VPOS="689" WIDTH="20"/>
						<String ID="P55_ST00078" HPOS="1220" VPOS="654" WIDTH="59" HEIGHT="26" CONTENT="this" WC="0.65" CC="0552"/>
					</TextLine>
					<TextLine ID="P55_TL00010" HPOS="130" VPOS="700" WIDTH="1149" HEIGHT="38">
						<String ID="P55_ST00079" HPOS="130" VPOS="700" WIDTH="105" HEIGHT="35" CONTENT="diving" WC="0.63" CC="042059"/>
						<SP ID="P55_SP00068" HPOS="235" VPOS="735" WIDTH="12"/>
						<String ID="P55_ST00080" HPOS="247" VPOS="702" WIDTH="88" HEIGHT="32" CONTENT="belle," WC="0.82" CC="505000"/>
						<SP ID="P55_SP00069" HPOS="335" VPOS="735" WIDTH="14"/>
						<String ID="P55_ST00081" HPOS="349" VPOS="702" WIDTH="38" HEIGHT="26" CONTENT="he" WC="0.66" CC="60"/>
						<SP ID="P55_SP00070" HPOS="387" VPOS="735" WIDTH="19"/>
						<String ID="P55_ST00082" HPOS="406" VPOS="702" WIDTH="93" HEIGHT="27" CONTENT="threw" WC="0.85" CC="07000"/>
						<SP ID="P55_SP00071" HPOS="499" VPOS="735" WIDTH="13"/>
						<String ID="P55_ST00083" HPOS="512" VPOS="702" WIDTH="122" HEIGHT="28" CONTENT="himself" WC="0.85" CC="6100010"/>
						<SP ID="P55_SP00072" HPOS="634" VPOS="735" WIDTH="15"/>
						<String ID="P55_ST00084" HPOS="649" VPOS="703" WIDTH="62" HEIGHT="27" CONTENT="into" WC="1.00" CC="0000"/>
						<SP ID="P55_SP00073" HPOS="711" VPOS="735" WIDTH="15"/>
						<String ID="P55_ST00085" HPOS="726" VPOS="704" WIDTH="50" HEIGHT="26" CONTENT="the" WC="0.83" CC="040"/>
						<SP ID="P55_SP00074" HPOS="776" VPOS="735" WIDTH="14"/>
						<String ID="P55_ST00086" HPOS="790" VPOS="708" WIDTH="108" HEIGHT="22" CONTENT="stream" WC="0.81" CC="622000"/>
						<SP ID="P55_SP00075" HPOS="898" VPOS="735" WIDTH="16"/>
						<String ID="P55_ST00087" HPOS="914" VPOS="703" WIDTH="32" HEIGHT="27" CONTENT="of" WC="0.80" CC="04"/>
						<SP ID="P55_SP00076" HPOS="946" VPOS="735" WIDTH="16"/>
						<String ID="P55_ST00088" HPOS="962" VPOS="708" WIDTH="110" HEIGHT="27" CONTENT="events," WC="0.84" CC="0007003"/>
						<SP ID="P55_SP00077" HPOS="1072" VPOS="735" WIDTH="17"/>
						<String ID="P55_ST00089" HPOS="1089" VPOS="703" WIDTH="29" HEIGHT="26" CONTENT="in" WC="0.80" CC="40"/>
						<SP ID="P55_SP00078" HPOS="1118" VPOS="735" WIDTH="15"/>
						<String ID="P55_ST00090" HPOS="1133" VPOS="704" WIDTH="49" HEIGHT="26" CONTENT="the" WC="0.61" CC="650"/>
						<SP ID="P55_SP00079" HPOS="1182" VPOS="735" WIDTH="21"/>
						<String ID="P55_ST00091" HPOS="1203" VPOS="704" WIDTH="76" HEIGHT="34" CONTENT="hope" WC="0.84" CC="6000"/>
					</TextLine>
					<TextLine ID="P55_TL00011" HPOS="129" VPOS="750" WIDTH="1150" HEIGHT="37">
						<String ID="P55_ST00092" HPOS="129" VPOS="750" WIDTH="34" HEIGHT="26" CONTENT="of" WC="0.67" CC="60"/>
						<SP ID="P55_SP00080" HPOS="163" VPOS="776" WIDTH="11"/>
						<String ID="P55_ST00093" HPOS="174" VPOS="751" WIDTH="93" HEIGHT="34" CONTENT="being" WC="0.78" CC="20070"/>
						<SP ID="P55_SP00081" HPOS="267" VPOS="785" WIDTH="14"/>
						<String ID="P55_ST00094" HPOS="281" VPOS="752" WIDTH="113" HEIGHT="26" CONTENT="carried" WC="0.85" CC="0002700"/>
						<SP ID="P55_SP00082" HPOS="394" VPOS="785" WIDTH="14"/>
						<String ID="P55_ST00095" HPOS="408" VPOS="752" WIDTH="137" HEIGHT="27" CONTENT="onwards" WC="0.82" CC="0108200"/>
						<SP ID="P55_SP00083" HPOS="545" VPOS="785" WIDTH="13"/>
						<String ID="P55_ST00096" HPOS="558" VPOS="753" WIDTH="42" HEIGHT="34" CONTENT="by" WC="0.65" CC="60"/>
						<SP ID="P55_SP00084" HPOS="600" VPOS="787" WIDTH="13"/>
						<String ID="P55_ST00097" HPOS="613" VPOS="753" WIDTH="49" HEIGHT="26" CONTENT="the" WC="0.62" CC="073"/>
						<SP ID="P55_SP00085" HPOS="662" VPOS="787" WIDTH="17"/>
						<String ID="P55_ST00098" HPOS="679" VPOS="753" WIDTH="60" HEIGHT="26" CONTENT="tide" WC="0.84" CC="0600"/>
						<SP ID="P55_SP00086" HPOS="739" VPOS="787" WIDTH="16"/>
						<String ID="P55_ST00099" HPOS="755" VPOS="753" WIDTH="32" HEIGHT="26" CONTENT="of" WC="1.00" CC="00"/>
						<SP ID="P55_SP00087" HPOS="787" VPOS="787" WIDTH="14"/>
						<String ID="P55_ST00100" HPOS="801" VPOS="753" WIDTH="123" HEIGHT="26" CONTENT="fortune." WC="0.60" CC="69105700"/>
						<SP ID="P55_SP00088" HPOS="924" VPOS="787" WIDTH="41"/>
						<String ID="P55_ST00101" HPOS="965" VPOS="752" WIDTH="60" HEIGHT="27" CONTENT="She" WC="0.95" CC="010"/>
						<SP ID="P55_SP00089" HPOS="1025" VPOS="787" WIDTH="13"/>
						<String ID="P55_ST00102" HPOS="1038" VPOS="754" WIDTH="165" HEIGHT="33" CONTENT="persuaded" WC="0.89" CC="004050000"/>
						<SP ID="P55_SP00090" HPOS="1203" VPOS="787" WIDTH="15"/>
						<String ID="P55_ST00103" HPOS="1218" VPOS="754" WIDTH="61" HEIGHT="25" CONTENT="him" WC="0.82" CC="500"/>
					</TextLine>
					<TextLine ID="P55_TL00012" HPOS="129" VPOS="801" WIDTH="1150" HEIGHT="37">
						<String ID="P55_ST00104" HPOS="129" VPOS="801" WIDTH="66" HEIGHT="25" CONTENT="that" WC="0.76" CC="2600"/>
						<SP ID="P55_SP00091" HPOS="195" VPOS="826" WIDTH="14"/>
						<String ID="P55_ST00105" HPOS="209" VPOS="801" WIDTH="154" HEIGHT="34" CONTENT="Tarquinii" WC="0.84" CC="000107006"/>
						<SP ID="P55_SP00092" HPOS="363" VPOS="835" WIDTH="15"/>
						<String ID="P55_ST00106" HPOS="378" VPOS="811" WIDTH="60" HEIGHT="17" CONTENT="was" WC="1.00" CC="000"/>
						<SP ID="P55_SP00093" HPOS="438" VPOS="835" WIDTH="18"/>
						<String ID="P55_ST00107" HPOS="456" VPOS="811" WIDTH="17" HEIGHT="17" CONTENT="a" WC="1.00" CC="0"/>
						<SP ID="P55_SP00094" HPOS="473" VPOS="835" WIDTH="14"/>
						<String ID="P55_ST00108" HPOS="487" VPOS="811" WIDTH="73" HEIGHT="25" CONTENT="poor" WC="1.00" CC="0000"/>
						<SP ID="P55_SP00095" HPOS="560" VPOS="836" WIDTH="13"/>
						<String ID="P55_ST00109" HPOS="573" VPOS="802" WIDTH="94" HEIGHT="34" CONTENT="place," WC="0.86" CC="040003"/>
						<SP ID="P55_SP00096" HPOS="667" VPOS="836" WIDTH="15"/>
						<String ID="P55_ST00110" HPOS="682" VPOS="803" WIDTH="96" HEIGHT="26" CONTENT="where" WC="0.81" CC="07020"/>
						<SP ID="P55_SP00097" HPOS="778" VPOS="836" WIDTH="16"/>
						<String ID="P55_ST00111" HPOS="794" VPOS="803" WIDTH="126" HEIGHT="35" CONTENT="nothing" WC="0.55" CC="0805059"/>
						<SP ID="P55_SP00098" HPOS="920" VPOS="838" WIDTH="12"/>
						<String ID="P55_ST00112" HPOS="932" VPOS="812" WIDTH="61" HEIGHT="17" CONTENT="was" WC="0.69" CC="090"/>
						<SP ID="P55_SP00099" HPOS="993" VPOS="838" WIDTH="14"/>
						<String ID="P55_ST00113" HPOS="1007" VPOS="807" WIDTH="30" HEIGHT="22" CONTENT="to" WC="1.00" CC="00"/>
						<SP ID="P55_SP00100" HPOS="1037" VPOS="838" WIDTH="14"/>
						<String ID="P55_ST00114" HPOS="1051" VPOS="804" WIDTH="37" HEIGHT="25" CONTENT="be" WC="0.86" CC="20"/>
						<SP ID="P55_SP00101" HPOS="1088" VPOS="838" WIDTH="15"/>
						<String ID="P55_ST00115" HPOS="1103" VPOS="804" WIDTH="75" HEIGHT="25" CONTENT="done" WC="1.00" CC="0000"/>
						<String ID="P55_ST00116" HPOS="1187" VPOS="814" WIDTH="5" HEIGHT="20" CONTENT=";" WC="0.38" CC="6"/>
						<SP ID="P55_SP00102" HPOS="1192" VPOS="838" WIDTH="23"/>
						<String ID="P55_ST00117" HPOS="1215" VPOS="805" WIDTH="64" HEIGHT="24" CONTENT="that" WC="1.00" CC="0000"/>
					</TextLine>
					<TextLine ID="P55_TL00013" HPOS="130" VPOS="849" WIDTH="1147" HEIGHT="38">
						<String ID="P55_ST00118" HPOS="130" VPOS="849" WIDTH="47" HEIGHT="27" CONTENT="his" WC="0.74" CC="700"/>
						<SP ID="P55_SP00103" HPOS="177" VPOS="876" WIDTH="14"/>
						<String ID="P55_ST00119" HPOS="191" VPOS="849" WIDTH="115" HEIGHT="36" CONTENT="foreign" WC="0.93" CC="0010002"/>
						<SP ID="P55_SP00104" HPOS="306" VPOS="885" WIDTH="15"/>
						<String ID="P55_ST00120" HPOS="321" VPOS="851" WIDTH="164" HEIGHT="27" CONTENT="extraction" WC="0.89" CC="0002000304"/>
						<SP ID="P55_SP00105" HPOS="485" VPOS="885" WIDTH="16"/>
						<String ID="P55_ST00121" HPOS="501" VPOS="852" WIDTH="161" HEIGHT="33" CONTENT="prevented" WC="0.94" CC="030100000"/>
						<SP ID="P55_SP00106" HPOS="662" VPOS="885" WIDTH="15"/>
						<String ID="P55_ST00122" HPOS="677" VPOS="851" WIDTH="61" HEIGHT="27" CONTENT="him" WC="0.79" CC="410"/>
						<SP ID="P55_SP00107" HPOS="738" VPOS="885" WIDTH="14"/>
						<String ID="P55_ST00123" HPOS="752" VPOS="851" WIDTH="74" HEIGHT="28" CONTENT="from" WC="0.93" CC="0200"/>
						<SP ID="P55_SP00108" HPOS="826" VPOS="885" WIDTH="14"/>
						<String ID="P55_ST00124" HPOS="840" VPOS="852" WIDTH="92" HEIGHT="35" CONTENT="being" WC="0.94" CC="00300"/>
						<SP ID="P55_SP00109" HPOS="932" VPOS="887" WIDTH="12"/>
						<String ID="P55_ST00125" HPOS="944" VPOS="853" WIDTH="138" HEIGHT="34" CONTENT="properly" WC="0.92" CC="00000410"/>
						<SP ID="P55_SP00110" HPOS="1082" VPOS="887" WIDTH="14"/>
						<String ID="P55_ST00126" HPOS="1096" VPOS="853" WIDTH="100" HEIGHT="26" CONTENT="drawn" WC="0.54" CC="00596"/>
						<SP ID="P55_SP00111" HPOS="1196" VPOS="887" WIDTH="15"/>
						<String ID="P55_ST00127" HPOS="1211" VPOS="857" WIDTH="50" HEIGHT="22" CONTENT="out" WC="1.00" CC="000"/>
						<String ID="P55_ST00128" HPOS="1271" VPOS="863" WIDTH="6" HEIGHT="21" CONTENT=";" WC="0.49" CC="5"/>
					</TextLine>
					<TextLine ID="P55_TL00014" HPOS="131" VPOS="900" WIDTH="1148" HEIGHT="36">
						<String ID="P55_ST00129" HPOS="131" VPOS="900" WIDTH="60" HEIGHT="25" CONTENT="and" WC="0.77" CC="060"/>
						<SP ID="P55_SP00112" HPOS="191" VPOS="925" WIDTH="19"/>
						<String ID="P55_ST00130" HPOS="210" VPOS="901" WIDTH="66" HEIGHT="26" CONTENT="that" WC="0.90" CC="0300"/>
						<SP ID="P55_SP00113" HPOS="276" VPOS="927" WIDTH="21"/>
						<String ID="P55_ST00131" HPOS="297" VPOS="901" WIDTH="98" HEIGHT="26" CONTENT="Rome" WC="1.00" CC="0000"/>
						<SP ID="P55_SP00114" HPOS="395" VPOS="927" WIDTH="20"/>
						<String ID="P55_ST00132" HPOS="415" VPOS="901" WIDTH="86" HEIGHT="26" CONTENT="alone" WC="0.99" CC="00000"/>
						<SP ID="P55_SP00115" HPOS="501" VPOS="927" WIDTH="19"/>
						<String ID="P55_ST00133" HPOS="520" VPOS="901" WIDTH="86" HEIGHT="26" CONTENT="could" WC="0.87" CC="00230"/>
						<SP ID="P55_SP00116" HPOS="606" VPOS="927" WIDTH="17"/>
						<String ID="P55_ST00134" HPOS="623" VPOS="901" WIDTH="92" HEIGHT="27" CONTENT="afford" WC="0.94" CC="000030"/>
						<SP ID="P55_SP00117" HPOS="715" VPOS="928" WIDTH="18"/>
						<String ID="P55_ST00135" HPOS="733" VPOS="901" WIDTH="61" HEIGHT="27" CONTENT="him" WC="0.82" CC="500"/>
						<SP ID="P55_SP00118" HPOS="794" VPOS="928" WIDTH="22"/>
						<String ID="P55_ST00136" HPOS="816" VPOS="911" WIDTH="17" HEIGHT="17" CONTENT="a" WC="0.71" CC="2"/>
						<SP ID="P55_SP00119" HPOS="833" VPOS="928" WIDTH="19"/>
						<String ID="P55_ST00137" HPOS="852" VPOS="901" WIDTH="69" HEIGHT="27" CONTENT="field" WC="0.93" CC="00030"/>
						<SP ID="P55_SP00120" HPOS="921" VPOS="928" WIDTH="19"/>
						<String ID="P55_ST00138" HPOS="940" VPOS="901" WIDTH="75" HEIGHT="27" CONTENT="wide" WC="0.68" CC="9200"/>
						<SP ID="P55_SP00121" HPOS="1015" VPOS="928" WIDTH="19"/>
						<String ID="P55_ST00139" HPOS="1034" VPOS="902" WIDTH="118" HEIGHT="34" CONTENT="enough" WC="0.90" CC="000006"/>
						<SP ID="P55_SP00122" HPOS="1152" VPOS="936" WIDTH="18"/>
						<String ID="P55_ST00140" HPOS="1170" VPOS="901" WIDTH="44" HEIGHT="27" CONTENT="for" WC="0.79" CC="006"/>
						<SP ID="P55_SP00123" HPOS="1214" VPOS="936" WIDTH="18"/>
						<String ID="P55_ST00141" HPOS="1232" VPOS="902" WIDTH="47" HEIGHT="26" CONTENT="his" WC="0.40" CC="709"/>
					</TextLine>
					<TextLine ID="P55_TL00015" HPOS="131" VPOS="950" WIDTH="1146" HEIGHT="36">
						<String ID="P55_ST00142" HPOS="131" VPOS="953" WIDTH="67" HEIGHT="23" CONTENT="vast" WC="1.00" CC="0000"/>
						<SP ID="P55_SP00124" HPOS="198" VPOS="976" WIDTH="20"/>
						<String ID="P55_ST00143" HPOS="218" VPOS="950" WIDTH="138" HEIGHT="27" CONTENT="abilities." WC="0.86" CC="0061000040"/>
						<SP ID="P55_SP00125" HPOS="356" VPOS="977" WIDTH="40"/>
						<String ID="P55_ST00144" HPOS="396" VPOS="950" WIDTH="112" HEIGHT="27" CONTENT="Driven" WC="0.89" CC="030002"/>
						<SP ID="P55_SP00126" HPOS="508" VPOS="977" WIDTH="21"/>
						<String ID="P55_ST00145" HPOS="529" VPOS="951" WIDTH="40" HEIGHT="35" CONTENT="by" WC="1.00" CC="00"/>
						<SP ID="P55_SP00127" HPOS="569" VPOS="986" WIDTH="19"/>
						<String ID="P55_ST00146" HPOS="588" VPOS="950" WIDTH="47" HEIGHT="27" CONTENT="his" WC="0.71" CC="710"/>
						<SP ID="P55_SP00128" HPOS="635" VPOS="986" WIDTH="21"/>
						<String ID="P55_ST00147" HPOS="656" VPOS="950" WIDTH="75" HEIGHT="33" CONTENT="wife," WC="0.92" CC="00003"/>
						<SP ID="P55_SP00129" HPOS="731" VPOS="986" WIDTH="14"/>
						<String ID="P55_ST00148" HPOS="745" VPOS="951" WIDTH="38" HEIGHT="26" CONTENT="he" WC="0.63" CC="70"/>
						<SP ID="P55_SP00130" HPOS="783" VPOS="986" WIDTH="18"/>
						<String ID="P55_ST00149" HPOS="801" VPOS="951" WIDTH="123" HEIGHT="34" CONTENT="jumped" WC="0.99" CC="000000"/>
						<SP ID="P55_SP00131" HPOS="924" VPOS="986" WIDTH="21"/>
						<String ID="P55_ST00150" HPOS="945" VPOS="960" WIDTH="39" HEIGHT="25" CONTENT="up" WC="1.00" CC="00"/>
						<SP ID="P55_SP00132" HPOS="984" VPOS="986" WIDTH="20"/>
						<String ID="P55_ST00151" HPOS="1004" VPOS="951" WIDTH="61" HEIGHT="27" CONTENT="into" WC="1.00" CC="0000"/>
						<SP ID="P55_SP00133" HPOS="1065" VPOS="986" WIDTH="22"/>
						<String ID="P55_ST00152" HPOS="1087" VPOS="951" WIDTH="46" HEIGHT="27" CONTENT="his" WC="0.77" CC="600"/>
						<SP ID="P55_SP00134" HPOS="1133" VPOS="986" WIDTH="22"/>
						<String ID="P55_ST00153" HPOS="1155" VPOS="951" WIDTH="122" HEIGHT="33" CONTENT="chariot," WC="0.86" CC="05000103"/>
					</TextLine>
					<TextLine ID="P55_TL00016" HPOS="131" VPOS="999" WIDTH="1148" HEIGHT="36">
						<String ID="P55_ST00154" HPOS="131" VPOS="999" WIDTH="97" HEIGHT="27" CONTENT="which" WC="0.72" CC="06007"/>
						<SP ID="P55_SP00135" HPOS="228" VPOS="1026" WIDTH="14"/>
						<String ID="P55_ST00155" HPOS="242" VPOS="1008" WIDTH="61" HEIGHT="18" CONTENT="was" WC="1.00" CC="000"/>
						<SP ID="P55_SP00136" HPOS="303" VPOS="1026" WIDTH="15"/>
						<String ID="P55_ST00156" HPOS="318" VPOS="1009" WIDTH="38" HEIGHT="17" CONTENT="an" WC="0.95" CC="10"/>
						<SP ID="P55_SP00137" HPOS="356" VPOS="1026" WIDTH="14"/>
						<String ID="P55_ST00157" HPOS="370" VPOS="1009" WIDTH="77" HEIGHT="25" CONTENT="open" WC="0.98" CC="0000"/>
						<SP ID="P55_SP00138" HPOS="447" VPOS="1034" WIDTH="16"/>
						<String ID="P55_ST00158" HPOS="463" VPOS="1009" WIDTH="64" HEIGHT="24" CONTENT="one," WC="0.90" CC="0003"/>
						<SP ID="P55_SP00139" HPOS="527" VPOS="1034" WIDTH="16"/>
						<String ID="P55_ST00159" HPOS="543" VPOS="1001" WIDTH="59" HEIGHT="26" CONTENT="and" WC="0.55" CC="750"/>
						<SP ID="P55_SP00140" HPOS="602" VPOS="1034" WIDTH="18"/>
						<String ID="P55_ST00160" HPOS="620" VPOS="1010" WIDTH="61" HEIGHT="17" CONTENT="was" WC="0.94" CC="010"/>
						<SP ID="P55_SP00141" HPOS="681" VPOS="1034" WIDTH="18"/>
						<String ID="P55_ST00161" HPOS="699" VPOS="1001" WIDTH="61" HEIGHT="33" CONTENT="just" WC="0.72" CC="0460"/>
						<SP ID="P55_SP00142" HPOS="760" VPOS="1034" WIDTH="20"/>
						<String ID="P55_ST00162" HPOS="780" VPOS="1000" WIDTH="137" HEIGHT="34" CONTENT="entering" WC="0.70" CC="65500600"/>
						<SP ID="P55_SP00143" HPOS="917" VPOS="1034" WIDTH="14"/>
						<String ID="P55_ST00163" HPOS="931" VPOS="1000" WIDTH="105" HEIGHT="32" CONTENT="Rome," WC="0.87" CC="40002"/>
						<SP ID="P55_SP00144" HPOS="1036" VPOS="1034" WIDTH="15"/>
						<String ID="P55_ST00164" HPOS="1051" VPOS="1000" WIDTH="86" HEIGHT="26" CONTENT="when" WC="0.84" CC="0500"/>
						<SP ID="P55_SP00145" HPOS="1137" VPOS="1034" WIDTH="20"/>
						<String ID="P55_ST00165" HPOS="1157" VPOS="1000" WIDTH="46" HEIGHT="27" CONTENT="his" WC="0.85" CC="400"/>
						<SP ID="P55_SP00146" HPOS="1203" VPOS="1034" WIDTH="21"/>
						<String ID="P55_ST00166" HPOS="1224" VPOS="1010" WIDTH="55" HEIGHT="25" CONTENT="cap" WC="0.72" CC="008"/>
					</TextLine>
					<TextLine ID="P55_TL00017" HPOS="132" VPOS="1050" WIDTH="1146" HEIGHT="34">
						<String ID="P55_ST00167" HPOS="132" VPOS="1057" WIDTH="61" HEIGHT="18" CONTENT="was" WC="0.70" CC="090"/>
						<SP ID="P55_SP00147" HPOS="193" VPOS="1075" WIDTH="15"/>
						<String ID="P55_ST00168" HPOS="208" VPOS="1050" WIDTH="146" HEIGHT="34" CONTENT="suddenly" WC="0.91" CC="06000010"/>
						<SP ID="P55_SP00148" HPOS="354" VPOS="1084" WIDTH="14"/>
						<String ID="P55_ST00169" HPOS="368" VPOS="1050" WIDTH="138" HEIGHT="26" CONTENT="removed" WC="0.95" CC="3000000"/>
						<SP ID="P55_SP00149" HPOS="506" VPOS="1084" WIDTH="13"/>
						<String ID="P55_ST00170" HPOS="519" VPOS="1050" WIDTH="74" HEIGHT="26" CONTENT="from" WC="0.74" CC="5400"/>
						<SP ID="P55_SP00150" HPOS="593" VPOS="1084" WIDTH="20"/>
						<String ID="P55_ST00171" HPOS="613" VPOS="1050" WIDTH="46" HEIGHT="26" CONTENT="his" WC="0.69" CC="720"/>
						<SP ID="P55_SP00151" HPOS="659" VPOS="1084" WIDTH="14"/>
						<String ID="P55_ST00172" HPOS="673" VPOS="1050" WIDTH="77" HEIGHT="26" CONTENT="head" WC="0.86" CC="5000"/>
						<SP ID="P55_SP00152" HPOS="750" VPOS="1084" WIDTH="18"/>
						<String ID="P55_ST00173" HPOS="768" VPOS="1050" WIDTH="41" HEIGHT="34" CONTENT="by" WC="1.00" CC="00"/>
						<SP ID="P55_SP00153" HPOS="809" VPOS="1084" WIDTH="13"/>
						<String ID="P55_ST00174" HPOS="822" VPOS="1058" WIDTH="17" HEIGHT="17" CONTENT="a" WC="1.00" CC="0"/>
						<SP ID="P55_SP00154" HPOS="839" VPOS="1084" WIDTH="15"/>
						<String ID="P55_ST00175" HPOS="854" VPOS="1054" WIDTH="120" HEIGHT="29" CONTENT="strange" WC="0.90" CC="4020000"/>
						<SP ID="P55_SP00155" HPOS="974" VPOS="1084" WIDTH="18"/>
						<String ID="P55_ST00176" HPOS="992" VPOS="1050" WIDTH="74" HEIGHT="31" CONTENT="bird," WC="0.67" CC="06603"/>
						<SP ID="P55_SP00156" HPOS="1066" VPOS="1084" WIDTH="15"/>
						<String ID="P55_ST00177" HPOS="1081" VPOS="1050" WIDTH="96" HEIGHT="25" CONTENT="which" WC="0.78" CC="02602"/>
						<SP ID="P55_SP00157" HPOS="1177" VPOS="1084" WIDTH="20"/>
						<String ID="P55_ST00178" HPOS="1197" VPOS="1059" WIDTH="81" HEIGHT="17" CONTENT="some" WC="1.00" CC="0000"/>
					</TextLine>
					<TextLine ID="P55_TL00018" HPOS="133" VPOS="1098" WIDTH="1144" HEIGHT="35">
						<String ID="P55_ST00179" HPOS="133" VPOS="1099" WIDTH="97" HEIGHT="34" CONTENT="allege" WC="0.90" CC="050000"/>
						<SP ID="P55_SP00158" HPOS="230" VPOS="1133" WIDTH="17"/>
						<String ID="P55_ST00180" HPOS="247" VPOS="1107" WIDTH="62" HEIGHT="18" CONTENT="was" WC="1.00" CC="000"/>
						<SP ID="P55_SP00159" HPOS="309" VPOS="1133" WIDTH="19"/>
						<String ID="P55_ST00181" HPOS="328" VPOS="1107" WIDTH="38" HEIGHT="18" CONTENT="an" WC="1.00" CC="00"/>
						<SP ID="P55_SP00160" HPOS="366" VPOS="1133" WIDTH="19"/>
						<String ID="P55_ST00182" HPOS="385" VPOS="1100" WIDTH="85" HEIGHT="33" CONTENT="eagle" WC="0.80" CC="00044"/>
						<String ID="P55_ST00183" HPOS="481" VPOS="1110" WIDTH="5" HEIGHT="20" CONTENT=";" WC="1.00" CC="0"/>
						<SP ID="P55_SP00161" HPOS="486" VPOS="1133" WIDTH="22"/>
						<String ID="P55_ST00184" HPOS="508" VPOS="1100" WIDTH="123" HEIGHT="33" CONTENT="though," WC="0.77" CC="0404032"/>
						<SP ID="P55_SP00162" HPOS="631" VPOS="1133" WIDTH="15"/>
						<String ID="P55_ST00185" HPOS="646" VPOS="1100" WIDTH="60" HEIGHT="25" CONTENT="had" WC="0.76" CC="700"/>
						<SP ID="P55_SP00163" HPOS="706" VPOS="1133" WIDTH="14"/>
						<String ID="P55_ST00186" HPOS="720" VPOS="1100" WIDTH="70" HEIGHT="33" CONTENT="they" WC="0.83" CC="0600"/>
						<SP ID="P55_SP00164" HPOS="790" VPOS="1133" WIDTH="15"/>
						<String ID="P55_ST00187" HPOS="805" VPOS="1099" WIDTH="64" HEIGHT="26" CONTENT="said" WC="0.77" CC="0017"/>
						<SP ID="P55_SP00165" HPOS="869" VPOS="1133" WIDTH="14"/>
						<String ID="P55_ST00188" HPOS="883" VPOS="1099" WIDTH="22" HEIGHT="25" CONTENT="it" WC="0.52" CC="36"/>
						<SP ID="P55_SP00166" HPOS="905" VPOS="1133" WIDTH="14"/>
						<String ID="P55_ST00189" HPOS="919" VPOS="1107" WIDTH="61" HEIGHT="18" CONTENT="was" WC="1.00" CC="000"/>
						<SP ID="P55_SP00167" HPOS="980" VPOS="1133" WIDTH="14"/>
						<String ID="P55_ST00190" HPOS="994" VPOS="1106" WIDTH="17" HEIGHT="18" CONTENT="a" WC="1.00" CC="0"/>
						<SP ID="P55_SP00168" HPOS="1011" VPOS="1133" WIDTH="15"/>
						<String ID="P55_ST00191" HPOS="1026" VPOS="1098" WIDTH="72" HEIGHT="32" CONTENT="lark," WC="0.87" CC="10050"/>
						<SP ID="P55_SP00169" HPOS="1098" VPOS="1133" WIDTH="16"/>
						<String ID="P55_ST00192" HPOS="1114" VPOS="1107" WIDTH="44" HEIGHT="18" CONTENT="we" WC="1.00" CC="00"/>
						<SP ID="P55_SP00170" HPOS="1158" VPOS="1133" WIDTH="14"/>
						<String ID="P55_ST00193" HPOS="1172" VPOS="1099" WIDTH="105" HEIGHT="26" CONTENT="should" WC="0.94" CC="030000"/>
					</TextLine>
					<TextLine ID="P55_TL00019" HPOS="132" VPOS="1147" WIDTH="1146" HEIGHT="35">
						<String ID="P55_ST00194" HPOS="132" VPOS="1148" WIDTH="77" HEIGHT="26" CONTENT="have" WC="0.82" CC="7000"/>
						<SP ID="P55_SP00171" HPOS="209" VPOS="1174" WIDTH="20"/>
						<String ID="P55_ST00195" HPOS="229" VPOS="1147" WIDTH="135" HEIGHT="27" CONTENT="believed" WC="0.95" CC="00120000"/>
						<SP ID="P55_SP00172" HPOS="364" VPOS="1174" WIDTH="19"/>
						<String ID="P55_ST00196" HPOS="383" VPOS="1149" WIDTH="80" HEIGHT="25" CONTENT="them" WC="0.83" CC="0600"/>
						<SP ID="P55_SP00173" HPOS="463" VPOS="1174" WIDTH="22"/>
						<String ID="P55_ST00197" HPOS="485" VPOS="1148" WIDTH="44" HEIGHT="26" CONTENT="far" WC="0.73" CC="304"/>
						<SP ID="P55_SP00174" HPOS="529" VPOS="1174" WIDTH="19"/>
						<String ID="P55_ST00198" HPOS="548" VPOS="1157" WIDTH="81" HEIGHT="18" CONTENT="more" WC="0.91" CC="0030"/>
						<SP ID="P55_SP00175" HPOS="629" VPOS="1175" WIDTH="20"/>
						<String ID="P55_ST00199" HPOS="649" VPOS="1148" WIDTH="122" HEIGHT="34" CONTENT="readily." WC="0.90" CC="60001000"/>
						<SP ID="P55_SP00176" HPOS="771" VPOS="1182" WIDTH="39"/>
						<String ID="P55_ST00200" HPOS="810" VPOS="1148" WIDTH="131" HEIGHT="26" CONTENT="Lucumo" WC="0.80" CC="060500"/>
						<SP ID="P55_SP00177" HPOS="941" VPOS="1182" WIDTH="13"/>
						<String ID="P55_ST00201" HPOS="954" VPOS="1147" WIDTH="136" HEIGHT="27" CONTENT="followed" WC="1.00" CC="00000000"/>
						<SP ID="P55_SP00178" HPOS="1090" VPOS="1182" WIDTH="19"/>
						<String ID="P55_ST00202" HPOS="1109" VPOS="1148" WIDTH="47" HEIGHT="26" CONTENT="his" WC="0.81" CC="500"/>
						<SP ID="P55_SP00179" HPOS="1156" VPOS="1182" WIDTH="18"/>
						<String ID="P55_ST00203" HPOS="1174" VPOS="1149" WIDTH="52" HEIGHT="26" CONTENT="hat" WC="0.79" CC="600"/>
						<SP ID="P55_SP00180" HPOS="1226" VPOS="1182" WIDTH="19"/>
						<String ID="P55_ST00204" HPOS="1245" VPOS="1158" WIDTH="33" HEIGHT="17" CONTENT="as" WC="1.00" CC="00"/>
					</TextLine>
					<TextLine ID="P55_TL00020" HPOS="131" VPOS="1197" WIDTH="1148" HEIGHT="35">
						<String ID="P55_ST00205" HPOS="131" VPOS="1197" WIDTH="68" HEIGHT="26" CONTENT="well" WC="0.77" CC="0054"/>
						<SP ID="P55_SP00181" HPOS="199" VPOS="1223" WIDTH="15"/>
						<String ID="P55_ST00206" HPOS="214" VPOS="1205" WIDTH="32" HEIGHT="18" CONTENT="as" WC="1.00" CC="00"/>
						<SP ID="P55_SP00182" HPOS="246" VPOS="1223" WIDTH="14"/>
						<String ID="P55_ST00207" HPOS="260" VPOS="1197" WIDTH="37" HEIGHT="26" CONTENT="he" WC="0.67" CC="60"/>
						<SP ID="P55_SP00183" HPOS="297" VPOS="1223" WIDTH="12"/>
						<String ID="P55_ST00208" HPOS="309" VPOS="1198" WIDTH="87" HEIGHT="25" CONTENT="could" WC="0.75" CC="00109"/>
						<SP ID="P55_SP00184" HPOS="396" VPOS="1223" WIDTH="11"/>
						<String ID="P55_ST00209" HPOS="407" VPOS="1197" WIDTH="71" HEIGHT="26" CONTENT="with" WC="0.80" CC="0007"/>
						<SP ID="P55_SP00185" HPOS="478" VPOS="1223" WIDTH="13"/>
						<String ID="P55_ST00210" HPOS="491" VPOS="1197" WIDTH="46" HEIGHT="26" CONTENT="his" WC="0.78" CC="410"/>
						<SP ID="P55_SP00186" HPOS="537" VPOS="1223" WIDTH="15"/>
						<String ID="P55_ST00211" HPOS="552" VPOS="1206" WIDTH="69" HEIGHT="26" CONTENT="eyes" WC="1.00" CC="0000"/>
						<SP ID="P55_SP00187" HPOS="621" VPOS="1232" WIDTH="13"/>
						<String ID="P55_ST00212" HPOS="634" VPOS="1208" WIDTH="5" HEIGHT="19" CONTENT=";" WC="0.54" CC="4"/>
						<SP ID="P55_SP00188" HPOS="639" VPOS="1232" WIDTH="15"/>
						<String ID="P55_ST00213" HPOS="654" VPOS="1198" WIDTH="53" HEIGHT="24" CONTENT="but" WC="0.63" CC="640"/>
						<SP ID="P55_SP00189" HPOS="707" VPOS="1232" WIDTH="13"/>
						<String ID="P55_ST00214" HPOS="720" VPOS="1197" WIDTH="46" HEIGHT="25" CONTENT="his" WC="0.75" CC="610"/>
						<SP ID="P55_SP00190" HPOS="766" VPOS="1232" WIDTH="12"/>
						<String ID="P55_ST00215" HPOS="778" VPOS="1197" WIDTH="65" HEIGHT="26" CONTENT="wife" WC="0.85" CC="0600"/>
						<SP ID="P55_SP00191" HPOS="843" VPOS="1232" WIDTH="13"/>
						<String ID="P55_ST00216" HPOS="856" VPOS="1205" WIDTH="62" HEIGHT="18" CONTENT="was" WC="0.92" CC="020"/>
						<SP ID="P55_SP00192" HPOS="918" VPOS="1232" WIDTH="14"/>
						<String ID="P55_ST00217" HPOS="932" VPOS="1205" WIDTH="33" HEIGHT="18" CONTENT="so" WC="1.00" CC="00"/>
						<SP ID="P55_SP00193" HPOS="965" VPOS="1232" WIDTH="14"/>
						<String ID="P55_ST00218" HPOS="979" VPOS="1198" WIDTH="176" HEIGHT="34" CONTENT="completely" WC="0.92" CC="0005002000"/>
						<SP ID="P55_SP00194" HPOS="1155" VPOS="1232" WIDTH="11"/>
						<String ID="P55_ST00219" HPOS="1166" VPOS="1199" WIDTH="113" HEIGHT="25" CONTENT="carried" WC="0.85" CC="0032400"/>
					</TextLine>
					<TextLine ID="P55_TL00021" HPOS="133" VPOS="1246" WIDTH="1145" HEIGHT="36">
						<String ID="P55_ST00220" HPOS="133" VPOS="1254" WIDTH="85" HEIGHT="28" CONTENT="away" WC="0.93" CC="0020"/>
						<SP ID="P55_SP00195" HPOS="218" VPOS="1282" WIDTH="13"/>
						<String ID="P55_ST00221" HPOS="231" VPOS="1246" WIDTH="72" HEIGHT="26" CONTENT="with" WC="0.69" CC="0407"/>
						<SP ID="P55_SP00196" HPOS="303" VPOS="1282" WIDTH="22"/>
						<String ID="P55_ST00222" HPOS="325" VPOS="1246" WIDTH="31" HEIGHT="32" CONTENT="it," WC="0.83" CC="202"/>
						<SP ID="P55_SP00197" HPOS="356" VPOS="1282" WIDTH="16"/>
						<String ID="P55_ST00223" HPOS="372" VPOS="1247" WIDTH="64" HEIGHT="25" CONTENT="that" WC="0.57" CC="0790"/>
						<SP ID="P55_SP00198" HPOS="436" VPOS="1282" WIDTH="21"/>
						<String ID="P55_ST00224" HPOS="457" VPOS="1247" WIDTH="52" HEIGHT="25" CONTENT="she" WC="0.86" CC="040"/>
						<SP ID="P55_SP00199" HPOS="509" VPOS="1282" WIDTH="19"/>
						<String ID="P55_ST00225" HPOS="528" VPOS="1246" WIDTH="136" HEIGHT="26" CONTENT="declared" WC="0.92" CC="00000330"/>
						<SP ID="P55_SP00200" HPOS="664" VPOS="1282" WIDTH="18"/>
						<String ID="P55_ST00226" HPOS="682" VPOS="1246" WIDTH="50" HEIGHT="25" CONTENT="the" WC="0.79" CC="060"/>
						<SP ID="P55_SP00201" HPOS="732" VPOS="1282" WIDTH="18"/>
						<String ID="P55_ST00227" HPOS="750" VPOS="1246" WIDTH="214" HEIGHT="26" CONTENT="circumstance" WC="0.86" CC="030034010002"/>
						<SP ID="P55_SP00202" HPOS="964" VPOS="1282" WIDTH="18"/>
						<String ID="P55_ST00228" HPOS="982" VPOS="1247" WIDTH="62" HEIGHT="25" CONTENT="told" WC="1.00" CC="0000"/>
						<SP ID="P55_SP00203" HPOS="1044" VPOS="1282" WIDTH="15"/>
						<String ID="P55_ST00229" HPOS="1059" VPOS="1247" WIDTH="52" HEIGHT="25" CONTENT="her" WC="0.77" CC="204"/>
						<SP ID="P55_SP00204" HPOS="1111" VPOS="1282" WIDTH="19"/>
						<String ID="P55_ST00230" HPOS="1130" VPOS="1247" WIDTH="37" HEIGHT="25" CONTENT="he" WC="0.71" CC="50"/>
						<SP ID="P55_SP00205" HPOS="1167" VPOS="1282" WIDTH="13"/>
						<String ID="P55_ST00231" HPOS="1180" VPOS="1248" WIDTH="98" HEIGHT="25" CONTENT="would" WC="0.88" CC="00050"/>
					</TextLine>
					<TextLine ID="P55_TL00022" HPOS="134" VPOS="1295" WIDTH="1143" HEIGHT="35">
						<String ID="P55_ST00232" HPOS="134" VPOS="1295" WIDTH="72" HEIGHT="34" CONTENT="gain" WC="0.69" CC="0065"/>
						<SP ID="P55_SP00206" HPOS="206" VPOS="1329" WIDTH="14"/>
						<String ID="P55_ST00233" HPOS="220" VPOS="1304" WIDTH="17" HEIGHT="16" CONTENT="a" WC="1.00" CC="0"/>
						<SP ID="P55_SP00207" HPOS="237" VPOS="1329" WIDTH="15"/>
						<String ID="P55_ST00234" HPOS="252" VPOS="1304" WIDTH="106" HEIGHT="23" CONTENT="crown," WC="0.94" CC="020010"/>
						<SP ID="P55_SP00208" HPOS="358" VPOS="1329" WIDTH="16"/>
						<String ID="P55_ST00235" HPOS="374" VPOS="1295" WIDTH="115" HEIGHT="35" CONTENT="though" WC="0.79" CC="060006"/>
						<SP ID="P55_SP00209" HPOS="489" VPOS="1330" WIDTH="20"/>
						<String ID="P55_ST00236" HPOS="509" VPOS="1295" WIDTH="23" HEIGHT="26" CONTENT="it" WC="1.00" CC="00"/>
						<SP ID="P55_SP00210" HPOS="532" VPOS="1330" WIDTH="19"/>
						<String ID="P55_ST00237" HPOS="551" VPOS="1295" WIDTH="94" HEIGHT="35" CONTENT="really" WC="0.97" CC="000000"/>
						<SP ID="P55_SP00211" HPOS="645" VPOS="1330" WIDTH="17"/>
						<String ID="P55_ST00238" HPOS="662" VPOS="1295" WIDTH="111" HEIGHT="34" CONTENT="proved" WC="1.00" CC="000000"/>
						<SP ID="P55_SP00212" HPOS="773" VPOS="1330" WIDTH="21"/>
						<String ID="P55_ST00239" HPOS="794" VPOS="1295" WIDTH="66" HEIGHT="25" CONTENT="how" WC="0.87" CC="300"/>
						<SP ID="P55_SP00213" HPOS="860" VPOS="1330" WIDTH="18"/>
						<String ID="P55_ST00240" HPOS="878" VPOS="1295" WIDTH="103" HEIGHT="35" CONTENT="nearly" WC="0.98" CC="000100"/>
						<SP ID="P55_SP00214" HPOS="981" VPOS="1330" WIDTH="17"/>
						<String ID="P55_ST00241" HPOS="998" VPOS="1295" WIDTH="37" HEIGHT="25" CONTENT="he" WC="0.72" CC="50"/>
						<SP ID="P55_SP00215" HPOS="1035" VPOS="1330" WIDTH="18"/>
						<String ID="P55_ST00242" HPOS="1053" VPOS="1295" WIDTH="60" HEIGHT="26" CONTENT="had" WC="0.80" CC="600"/>
						<SP ID="P55_SP00216" HPOS="1113" VPOS="1330" WIDTH="18"/>
						<String ID="P55_ST00243" HPOS="1131" VPOS="1296" WIDTH="56" HEIGHT="25" CONTENT="lost" WC="0.91" CC="0300"/>
						<SP ID="P55_SP00217" HPOS="1187" VPOS="1330" WIDTH="19"/>
						<String ID="P55_ST00244" HPOS="1206" VPOS="1305" WIDTH="56" HEIGHT="17" CONTENT="one" WC="0.99" CC="000"/>
						<String ID="P55_ST00245" HPOS="1271" VPOS="1307" WIDTH="6" HEIGHT="20" CONTENT=";" WC="0.88" CC="1"/>
					</TextLine>
					<TextLine ID="P55_TL00023" HPOS="132" VPOS="1344" WIDTH="1147" HEIGHT="37">
						<String ID="P55_ST00246" HPOS="132" VPOS="1345" WIDTH="45" HEIGHT="26" CONTENT="for" WC="0.91" CC="002"/>
						<SP ID="P55_SP00218" HPOS="177" VPOS="1371" WIDTH="17"/>
						<String ID="P55_ST00247" HPOS="194" VPOS="1345" WIDTH="76" HEIGHT="26" CONTENT="until" WC="0.53" CC="40954"/>
						<SP ID="P55_SP00219" HPOS="270" VPOS="1371" WIDTH="18"/>
						<String ID="P55_ST00248" HPOS="288" VPOS="1345" WIDTH="50" HEIGHT="26" CONTENT="the" WC="0.78" CC="050"/>
						<SP ID="P55_SP00220" HPOS="338" VPOS="1371" WIDTH="20"/>
						<String ID="P55_ST00249" HPOS="358" VPOS="1345" WIDTH="66" HEIGHT="26" CONTENT="bird" WC="0.96" CC="0100"/>
						<SP ID="P55_SP00221" HPOS="424" VPOS="1371" WIDTH="22"/>
						<String ID="P55_ST00250" HPOS="446" VPOS="1345" WIDTH="137" HEIGHT="34" CONTENT="replaced" WC="0.94" CC="40000000"/>
						<SP ID="P55_SP00222" HPOS="583" VPOS="1379" WIDTH="18"/>
						<String ID="P55_ST00251" HPOS="601" VPOS="1345" WIDTH="46" HEIGHT="25" CONTENT="his" WC="0.56" CC="570"/>
						<SP ID="P55_SP00223" HPOS="647" VPOS="1379" WIDTH="18"/>
						<String ID="P55_ST00252" HPOS="665" VPOS="1345" WIDTH="52" HEIGHT="26" CONTENT="hat" WC="0.82" CC="401"/>
						<SP ID="P55_SP00224" HPOS="717" VPOS="1379" WIDTH="17"/>
						<String ID="P55_ST00253" HPOS="734" VPOS="1354" WIDTH="80" HEIGHT="25" CONTENT="upon" WC="0.68" CC="4008"/>
						<SP ID="P55_SP00225" HPOS="814" VPOS="1379" WIDTH="20"/>
						<String ID="P55_ST00254" HPOS="834" VPOS="1344" WIDTH="46" HEIGHT="26" CONTENT="his" WC="0.82" CC="500"/>
						<SP ID="P55_SP00226" HPOS="880" VPOS="1379" WIDTH="20"/>
						<String ID="P55_ST00255" HPOS="900" VPOS="1345" WIDTH="87" HEIGHT="31" CONTENT="head," WC="0.89" CC="10003"/>
						<SP ID="P55_SP00227" HPOS="987" VPOS="1379" WIDTH="15"/>
						<String ID="P55_ST00256" HPOS="1002" VPOS="1345" WIDTH="81" HEIGHT="25" CONTENT="there" WC="0.88" CC="03010"/>
						<SP ID="P55_SP00228" HPOS="1083" VPOS="1379" WIDTH="15"/>
						<String ID="P55_ST00257" HPOS="1098" VPOS="1354" WIDTH="60" HEIGHT="17" CONTENT="was" WC="0.76" CC="070"/>
						<SP ID="P55_SP00229" HPOS="1158" VPOS="1379" WIDTH="20"/>
						<String ID="P55_ST00258" HPOS="1178" VPOS="1347" WIDTH="70" HEIGHT="34" CONTENT="only" WC="0.61" CC="0609"/>
						<SP ID="P55_SP00230" HPOS="1248" VPOS="1381" WIDTH="15"/>
						<String ID="P55_ST00259" HPOS="1263" VPOS="1355" WIDTH="16" HEIGHT="17" CONTENT="a" WC="1.00" CC="0"/>
					</TextLine>
					<TextLine ID="P55_TL00024" HPOS="133" VPOS="1393" WIDTH="733" HEIGHT="35">
						<String ID="P55_ST00260" HPOS="133" VPOS="1395" WIDTH="71" HEIGHT="25" CONTENT="bare" WC="1.00" CC="0000"/>
						<SP ID="P55_SP00231" HPOS="204" VPOS="1420" WIDTH="14"/>
						<String ID="P55_ST00261" HPOS="218" VPOS="1393" WIDTH="171" HEIGHT="35" CONTENT="possibility" WC="0.76" CC="00104005409"/>
						<SP ID="P55_SP00232" HPOS="389" VPOS="1428" WIDTH="13"/>
						<String ID="P55_ST00262" HPOS="402" VPOS="1393" WIDTH="33" HEIGHT="27" CONTENT="of" WC="0.92" CC="01"/>
						<SP ID="P55_SP00233" HPOS="435" VPOS="1428" WIDTH="13"/>
						<String ID="P55_ST00263" HPOS="448" VPOS="1393" WIDTH="47" HEIGHT="27" CONTENT="his" WC="0.93" CC="100"/>
						<SP ID="P55_SP00234" HPOS="495" VPOS="1428" WIDTH="15"/>
						<String ID="P55_ST00264" HPOS="510" VPOS="1393" WIDTH="118" HEIGHT="35" CONTENT="getting" WC="0.82" CC="0050060"/>
						<SP ID="P55_SP00235" HPOS="628" VPOS="1428" WIDTH="14"/>
						<String ID="P55_ST00265" HPOS="642" VPOS="1393" WIDTH="21" HEIGHT="26" CONTENT="it" WC="1.00" CC="00"/>
						<SP ID="P55_SP00236" HPOS="663" VPOS="1428" WIDTH="15"/>
						<String ID="P55_ST00266" HPOS="678" VPOS="1394" WIDTH="77" HEIGHT="25" CONTENT="back" WC="0.85" CC="0005"/>
						<SP ID="P55_SP00237" HPOS="755" VPOS="1428" WIDTH="14"/>
						<String ID="P55_ST00267" HPOS="769" VPOS="1393" WIDTH="97" HEIGHT="34" CONTENT="again." WC="0.76" CC="000670"/>
					</TextLine>
				</TextBlock>
				<TextBlock ID="P55_TB00005" HPOS="130" VPOS="1466" WIDTH="1155" HEIGHT="483" STYLEREFS="TXT_1 PAR_LEFT">
					<TextLine ID="P55_TL00025" HPOS="187" VPOS="1466" WIDTH="1098" HEIGHT="37">
						<String ID="P55_ST00268" HPOS="187" VPOS="1469" WIDTH="64" HEIGHT="26" CONTENT="The" WC="0.98" CC="000"/>
						<SP ID="P55_SP00238" HPOS="251" VPOS="1495" WIDTH="13"/>
						<String ID="P55_ST00269" HPOS="264" VPOS="1469" WIDTH="110" HEIGHT="26" CONTENT="wealth" WC="0.85" CC="000035"/>
						<SP ID="P55_SP00239" HPOS="374" VPOS="1495" WIDTH="14"/>
						<String ID="P55_ST00270" HPOS="388" VPOS="1467" WIDTH="33" HEIGHT="27" CONTENT="of" WC="0.95" CC="00"/>
						<SP ID="P55_SP00240" HPOS="421" VPOS="1495" WIDTH="9"/>
						<String ID="P55_ST00271" HPOS="430" VPOS="1467" WIDTH="47" HEIGHT="26" CONTENT="his" WC="0.89" CC="300"/>
						<SP ID="P55_SP00241" HPOS="477" VPOS="1495" WIDTH="13"/>
						<String ID="P55_ST00272" HPOS="490" VPOS="1467" WIDTH="66" HEIGHT="26" CONTENT="wife" WC="1.00" CC="0000"/>
						<SP ID="P55_SP00242" HPOS="556" VPOS="1495" WIDTH="14"/>
						<String ID="P55_ST00273" HPOS="570" VPOS="1467" WIDTH="127" HEIGHT="25" CONTENT="enabled" WC="0.93" CC="0300000"/>
						<SP ID="P55_SP00243" HPOS="697" VPOS="1495" WIDTH="14"/>
						<String ID="P55_ST00274" HPOS="711" VPOS="1467" WIDTH="131" HEIGHT="26" CONTENT="Lucumo" WC="0.76" CC="240034"/>
						<SP ID="P55_SP00244" HPOS="842" VPOS="1495" WIDTH="14"/>
						<String ID="P55_ST00275" HPOS="856" VPOS="1470" WIDTH="30" HEIGHT="22" CONTENT="to" WC="1.00" CC="00"/>
						<SP ID="P55_SP00245" HPOS="886" VPOS="1495" WIDTH="14"/>
						<String ID="P55_ST00276" HPOS="900" VPOS="1466" WIDTH="58" HEIGHT="26" CONTENT="live" WC="0.68" CC="0660"/>
						<SP ID="P55_SP00246" HPOS="958" VPOS="1495" WIDTH="13"/>
						<String ID="P55_ST00277" HPOS="971" VPOS="1467" WIDTH="31" HEIGHT="25" CONTENT="in" WC="0.98" CC="00"/>
						<SP ID="P55_SP00247" HPOS="1002" VPOS="1495" WIDTH="13"/>
						<String ID="P55_ST00278" HPOS="1015" VPOS="1468" WIDTH="51" HEIGHT="25" CONTENT="the" WC="0.83" CC="050"/>
						<SP ID="P55_SP00248" HPOS="1066" VPOS="1495" WIDTH="19"/>
						<String ID="P55_ST00279" HPOS="1085" VPOS="1468" WIDTH="62" HEIGHT="26" CONTENT="first" WC="0.87" CC="00050"/>
						<SP ID="P55_SP00249" HPOS="1147" VPOS="1495" WIDTH="15"/>
						<String ID="P55_ST00280" HPOS="1162" VPOS="1469" WIDTH="76" HEIGHT="34" CONTENT="style" WC="0.94" CC="00020"/>
						<SP ID="P55_SP00250" HPOS="1238" VPOS="1503" WIDTH="14"/>
						<String ID="P55_ST00281" HPOS="1252" VPOS="1469" WIDTH="33" HEIGHT="27" CONTENT="of" WC="0.87" CC="02"/>
					</TextLine>
					<TextLine ID="P55_TL00026" HPOS="131" VPOS="1515" WIDTH="1149" HEIGHT="37">
						<String ID="P55_ST00282" HPOS="131" VPOS="1519" WIDTH="118" HEIGHT="26" CONTENT="fashion" WC="0.74" CC="3007303"/>
						<SP ID="P55_SP00251" HPOS="249" VPOS="1545" WIDTH="13"/>
						<String ID="P55_ST00283" HPOS="262" VPOS="1528" WIDTH="5" HEIGHT="21" CONTENT=";" WC="1.00" CC="0"/>
						<SP ID="P55_SP00252" HPOS="267" VPOS="1549" WIDTH="28"/>
						<String ID="P55_ST00284" HPOS="295" VPOS="1518" WIDTH="59" HEIGHT="25" CONTENT="and" WC="0.96" CC="010"/>
						<SP ID="P55_SP00253" HPOS="354" VPOS="1549" WIDTH="18"/>
						<String ID="P55_ST00285" HPOS="372" VPOS="1516" WIDTH="113" HEIGHT="36" CONTENT="having" WC="0.91" CC="500000"/>
						<SP ID="P55_SP00254" HPOS="485" VPOS="1552" WIDTH="17"/>
						<String ID="P55_ST00286" HPOS="502" VPOS="1517" WIDTH="77" HEIGHT="25" CONTENT="been" WC="0.79" CC="0008"/>
						<SP ID="P55_SP00255" HPOS="579" VPOS="1552" WIDTH="19"/>
						<String ID="P55_ST00287" HPOS="598" VPOS="1516" WIDTH="144" HEIGHT="26" CONTENT="admitted" WC="0.94" CC="03010000"/>
						<SP ID="P55_SP00256" HPOS="742" VPOS="1552" WIDTH="18"/>
						<String ID="P55_ST00288" HPOS="760" VPOS="1520" WIDTH="30" HEIGHT="22" CONTENT="to" WC="0.95" CC="00"/>
						<SP ID="P55_SP00257" HPOS="790" VPOS="1552" WIDTH="19"/>
						<String ID="P55_ST00289" HPOS="809" VPOS="1516" WIDTH="49" HEIGHT="25" CONTENT="the" WC="0.77" CC="060"/>
						<SP ID="P55_SP00258" HPOS="858" VPOS="1552" WIDTH="19"/>
						<String ID="P55_ST00290" HPOS="877" VPOS="1515" WIDTH="95" HEIGHT="35" CONTENT="rights" WC="0.73" CC="350700"/>
						<SP ID="P55_SP00259" HPOS="972" VPOS="1552" WIDTH="21"/>
						<String ID="P55_ST00291" HPOS="993" VPOS="1515" WIDTH="33" HEIGHT="26" CONTENT="of" WC="0.96" CC="00"/>
						<SP ID="P55_SP00260" HPOS="1026" VPOS="1552" WIDTH="15"/>
						<String ID="P55_ST00292" HPOS="1041" VPOS="1516" WIDTH="183" HEIGHT="36" CONTENT="citizenship," WC="0.85" CC="000640005100"/>
						<SP ID="P55_SP00261" HPOS="1224" VPOS="1552" WIDTH="19"/>
						<String ID="P55_ST00293" HPOS="1243" VPOS="1519" WIDTH="37" HEIGHT="26" CONTENT="he" WC="0.64" CC="70"/>
					</TextLine>
					<TextLine ID="P55_TL00027" HPOS="132" VPOS="1565" WIDTH="1153" HEIGHT="37">
						<String ID="P55_ST00294" HPOS="132" VPOS="1568" WIDTH="138" HEIGHT="34" CONTENT="changed" WC="0.86" CC="0702000"/>
						<SP ID="P55_SP00262" HPOS="270" VPOS="1602" WIDTH="21"/>
						<String ID="P55_ST00295" HPOS="291" VPOS="1567" WIDTH="47" HEIGHT="26" CONTENT="his" WC="0.63" CC="640"/>
						<SP ID="P55_SP00263" HPOS="338" VPOS="1602" WIDTH="21"/>
						<String ID="P55_ST00296" HPOS="359" VPOS="1575" WIDTH="87" HEIGHT="18" CONTENT="name" WC="0.99" CC="0000"/>
						<SP ID="P55_SP00264" HPOS="446" VPOS="1602" WIDTH="21"/>
						<String ID="P55_ST00297" HPOS="467" VPOS="1572" WIDTH="29" HEIGHT="21" CONTENT="to" WC="1.00" CC="00"/>
						<SP ID="P55_SP00265" HPOS="496" VPOS="1602" WIDTH="19"/>
						<String ID="P55_ST00298" HPOS="515" VPOS="1566" WIDTH="108" HEIGHT="27" CONTENT="Lucius" WC="0.74" CC="240440"/>
						<SP ID="P55_SP00266" HPOS="623" VPOS="1602" WIDTH="19"/>
						<String ID="P55_ST00299" HPOS="642" VPOS="1565" WIDTH="177" HEIGHT="35" CONTENT="Tarquinius" WC="0.77" CC="0120054620"/>
						<SP ID="P55_SP00267" HPOS="819" VPOS="1602" WIDTH="14"/>
						<String ID="P55_ST00300" HPOS="833" VPOS="1576" WIDTH="5" HEIGHT="15" CONTENT=":" WC="1.00" CC="0"/>
						<SP ID="P55_SP00268" HPOS="838" VPOS="1602" WIDTH="28"/>
						<String ID="P55_ST00301" HPOS="866" VPOS="1565" WIDTH="44" HEIGHT="26" CONTENT="for" WC="0.72" CC="026"/>
						<SP ID="P55_SP00269" HPOS="910" VPOS="1602" WIDTH="17"/>
						<String ID="P55_ST00302" HPOS="927" VPOS="1566" WIDTH="49" HEIGHT="25" CONTENT="the" WC="0.80" CC="050"/>
						<SP ID="P55_SP00270" HPOS="976" VPOS="1602" WIDTH="19"/>
						<String ID="P55_ST00303" HPOS="995" VPOS="1566" WIDTH="81" HEIGHT="32" CONTENT="sake," WC="0.92" CC="00003"/>
						<SP ID="P55_SP00271" HPOS="1076" VPOS="1602" WIDTH="19"/>
						<String ID="P55_ST00304" HPOS="1095" VPOS="1568" WIDTH="137" HEIGHT="34" CONTENT="perhaps," WC="0.91" CC="00420000"/>
						<SP ID="P55_SP00272" HPOS="1232" VPOS="1602" WIDTH="21"/>
						<String ID="P55_ST00305" HPOS="1253" VPOS="1569" WIDTH="32" HEIGHT="25" CONTENT="of" WC="1.00" CC="00"/>
					</TextLine>
					<TextLine ID="P55_TL00028" HPOS="131" VPOS="1615" WIDTH="1150" HEIGHT="35">
						<String ID="P55_ST00306" HPOS="131" VPOS="1618" WIDTH="51" HEIGHT="26" CONTENT="the" WC="0.79" CC="060"/>
						<SP ID="P55_SP00273" HPOS="182" VPOS="1644" WIDTH="22"/>
						<String ID="P55_ST00307" HPOS="204" VPOS="1617" WIDTH="104" HEIGHT="32" CONTENT="sound," WC="0.92" CC="000202"/>
						<SP ID="P55_SP00274" HPOS="308" VPOS="1649" WIDTH="25"/>
						<String ID="P55_ST00308" HPOS="333" VPOS="1616" WIDTH="30" HEIGHT="26" CONTENT="in" WC="0.72" CC="31"/>
						<SP ID="P55_SP00275" HPOS="363" VPOS="1649" WIDTH="21"/>
						<String ID="P55_ST00309" HPOS="384" VPOS="1617" WIDTH="50" HEIGHT="25" CONTENT="the" WC="0.82" CC="050"/>
						<SP ID="P55_SP00276" HPOS="434" VPOS="1649" WIDTH="23"/>
						<String ID="P55_ST00310" HPOS="457" VPOS="1616" WIDTH="128" HEIGHT="26" CONTENT="absence" WC="0.86" CC="5000400"/>
						<SP ID="P55_SP00277" HPOS="585" VPOS="1649" WIDTH="21"/>
						<String ID="P55_ST00311" HPOS="606" VPOS="1615" WIDTH="33" HEIGHT="27" CONTENT="of" WC="1.00" CC="00"/>
						<SP ID="P55_SP00278" HPOS="639" VPOS="1649" WIDTH="17"/>
						<String ID="P55_ST00312" HPOS="656" VPOS="1624" WIDTH="60" HEIGHT="26" CONTENT="any" WC="0.75" CC="070"/>
						<SP ID="P55_SP00279" HPOS="716" VPOS="1650" WIDTH="20"/>
						<String ID="P55_ST00313" HPOS="736" VPOS="1615" WIDTH="127" HEIGHT="26" CONTENT="sounder" WC="0.84" CC="0000703"/>
						<SP ID="P55_SP00280" HPOS="863" VPOS="1650" WIDTH="22"/>
						<String ID="P55_ST00314" HPOS="885" VPOS="1624" WIDTH="113" HEIGHT="17" CONTENT="reason." WC="0.73" CC="4001650"/>
						<SP ID="P55_SP00281" HPOS="998" VPOS="1650" WIDTH="42"/>
						<String ID="P55_ST00315" HPOS="1040" VPOS="1615" WIDTH="47" HEIGHT="26" CONTENT="He" WC="0.80" CC="30"/>
						<SP ID="P55_SP00282" HPOS="1087" VPOS="1650" WIDTH="21"/>
						<String ID="P55_ST00316" HPOS="1108" VPOS="1625" WIDTH="61" HEIGHT="17" CONTENT="was" WC="0.68" CC="009"/>
						<SP ID="P55_SP00283" HPOS="1169" VPOS="1650" WIDTH="22"/>
						<String ID="P55_ST00317" HPOS="1191" VPOS="1617" WIDTH="90" HEIGHT="26" CONTENT="intro" SUBS_TYPE="HypPart1" SUBS_CONTENT="introduced" WC="0.58" CC="089700"/>
						<HYP CONTENT="-"/>
					</TextLine>
					<TextLine ID="P55_TL00029" HPOS="131" VPOS="1663" WIDTH="1150" HEIGHT="35">
						<String ID="P55_ST00318" HPOS="131" VPOS="1668" WIDTH="95" HEIGHT="25" CONTENT="duced" SUBS_TYPE="HypPart2" SUBS_CONTENT="introduced" WC="1.00" CC="00000"/>
						<SP ID="P55_SP00284" HPOS="226" VPOS="1693" WIDTH="28"/>
						<String ID="P55_ST00319" HPOS="254" VPOS="1671" WIDTH="30" HEIGHT="22" CONTENT="at" WC="0.84" CC="03"/>
						<SP ID="P55_SP00285" HPOS="284" VPOS="1693" WIDTH="23"/>
						<String ID="P55_ST00320" HPOS="307" VPOS="1666" WIDTH="98" HEIGHT="32" CONTENT="Court," WC="0.93" CC="000300"/>
						<SP ID="P55_SP00286" HPOS="405" VPOS="1698" WIDTH="22"/>
						<String ID="P55_ST00321" HPOS="427" VPOS="1667" WIDTH="97" HEIGHT="25" CONTENT="where" WC="0.84" CC="06000"/>
						<SP ID="P55_SP00287" HPOS="524" VPOS="1698" WIDTH="21"/>
						<String ID="P55_ST00322" HPOS="545" VPOS="1666" WIDTH="38" HEIGHT="25" CONTENT="he" WC="0.63" CC="70"/>
						<SP ID="P55_SP00288" HPOS="583" VPOS="1698" WIDTH="23"/>
						<String ID="P55_ST00323" HPOS="606" VPOS="1674" WIDTH="66" HEIGHT="17" CONTENT="won" WC="0.79" CC="006"/>
						<SP ID="P55_SP00289" HPOS="672" VPOS="1698" WIDTH="23"/>
						<String ID="P55_ST00324" HPOS="695" VPOS="1665" WIDTH="49" HEIGHT="25" CONTENT="the" WC="0.79" CC="060"/>
						<SP ID="P55_SP00290" HPOS="744" VPOS="1698" WIDTH="21"/>
						<String ID="P55_ST00325" HPOS="765" VPOS="1663" WIDTH="103" HEIGHT="27" CONTENT="favour" WC="0.88" CC="042000"/>
						<SP ID="P55_SP00291" HPOS="868" VPOS="1698" WIDTH="22"/>
						<String ID="P55_ST00326" HPOS="890" VPOS="1664" WIDTH="32" HEIGHT="26" CONTENT="of" WC="1.00" CC="00"/>
						<SP ID="P55_SP00292" HPOS="922" VPOS="1698" WIDTH="18"/>
						<String ID="P55_ST00327" HPOS="940" VPOS="1664" WIDTH="112" HEIGHT="33" CONTENT="Ancus," WC="0.93" CC="000004"/>
						<SP ID="P55_SP00293" HPOS="1052" VPOS="1698" WIDTH="24"/>
						<String ID="P55_ST00328" HPOS="1076" VPOS="1666" WIDTH="66" HEIGHT="25" CONTENT="who" WC="0.79" CC="060"/>
						<SP ID="P55_SP00294" HPOS="1142" VPOS="1698" WIDTH="22"/>
						<String ID="P55_ST00329" HPOS="1164" VPOS="1676" WIDTH="61" HEIGHT="16" CONTENT="was" WC="1.00" CC="000"/>
						<SP ID="P55_SP00295" HPOS="1225" VPOS="1698" WIDTH="24"/>
						<String ID="P55_ST00330" HPOS="1249" VPOS="1676" WIDTH="32" HEIGHT="17" CONTENT="so" WC="1.00" CC="00"/>
					</TextLine>
					<TextLine ID="P55_TL00030" HPOS="131" VPOS="1713" WIDTH="1151" HEIGHT="38">
						<String ID="P55_ST00331" HPOS="131" VPOS="1717" WIDTH="89" HEIGHT="26" CONTENT="much" WC="0.73" CC="0035"/>
						<SP ID="P55_SP00296" HPOS="220" VPOS="1743" WIDTH="14"/>
						<String ID="P55_ST00332" HPOS="234" VPOS="1716" WIDTH="91" HEIGHT="27" CONTENT="taken" WC="0.98" CC="00001"/>
						<SP ID="P55_SP00297" HPOS="325" VPOS="1743" WIDTH="14"/>
						<String ID="P55_ST00333" HPOS="339" VPOS="1716" WIDTH="40" HEIGHT="35" CONTENT="by" WC="0.71" CC="50"/>
						<SP ID="P55_SP00298" HPOS="379" VPOS="1751" WIDTH="13"/>
						<String ID="P55_ST00334" HPOS="392" VPOS="1715" WIDTH="46" HEIGHT="26" CONTENT="his" WC="0.69" CC="530"/>
						<SP ID="P55_SP00299" HPOS="438" VPOS="1751" WIDTH="21"/>
						<String ID="P55_ST00335" HPOS="459" VPOS="1715" WIDTH="131" HEIGHT="35" CONTENT="dashing" WC="0.74" CC="0007460"/>
						<SP ID="P55_SP00300" HPOS="590" VPOS="1751" WIDTH="14"/>
						<String ID="P55_ST00336" HPOS="604" VPOS="1714" WIDTH="135" HEIGHT="32" CONTENT="exterior," WC="0.86" CC="000003034"/>
						<SP ID="P55_SP00301" HPOS="739" VPOS="1751" WIDTH="16"/>
						<String ID="P55_ST00337" HPOS="755" VPOS="1714" WIDTH="65" HEIGHT="26" CONTENT="that" WC="0.82" CC="0700"/>
						<SP ID="P55_SP00302" HPOS="820" VPOS="1751" WIDTH="13"/>
						<String ID="P55_ST00338" HPOS="833" VPOS="1713" WIDTH="38" HEIGHT="26" CONTENT="he" WC="0.71" CC="50"/>
						<SP ID="P55_SP00303" HPOS="871" VPOS="1751" WIDTH="20"/>
						<String ID="P55_ST00339" HPOS="891" VPOS="1721" WIDTH="76" HEIGHT="26" CONTENT="gave" WC="0.84" CC="0600"/>
						<SP ID="P55_SP00304" HPOS="967" VPOS="1751" WIDTH="18"/>
						<String ID="P55_ST00340" HPOS="985" VPOS="1713" WIDTH="60" HEIGHT="26" CONTENT="him" WC="0.87" CC="120"/>
						<SP ID="P55_SP00305" HPOS="1045" VPOS="1751" WIDTH="15"/>
						<String ID="P55_ST00341" HPOS="1060" VPOS="1723" WIDTH="18" HEIGHT="17" CONTENT="a" WC="1.00" CC="0"/>
						<SP ID="P55_SP00306" HPOS="1078" VPOS="1751" WIDTH="14"/>
						<String ID="P55_ST00342" HPOS="1092" VPOS="1715" WIDTH="190" HEIGHT="26" CONTENT="commission" WC="0.95" CC="0000000400"/>
					</TextLine>
					<TextLine ID="P55_TL00031" HPOS="131" VPOS="1762" WIDTH="1150" HEIGHT="39">
						<String ID="P55_ST00343" HPOS="131" VPOS="1766" WIDTH="30" HEIGHT="26" CONTENT="in" WC="0.74" CC="04"/>
						<SP ID="P55_SP00307" HPOS="161" VPOS="1792" WIDTH="15"/>
						<String ID="P55_ST00344" HPOS="176" VPOS="1767" WIDTH="49" HEIGHT="25" CONTENT="the" WC="0.77" CC="060"/>
						<SP ID="P55_SP00308" HPOS="225" VPOS="1792" WIDTH="16"/>
						<String ID="P55_ST00345" HPOS="241" VPOS="1774" WIDTH="93" HEIGHT="27" CONTENT="army," WC="0.97" CC="01000"/>
						<SP ID="P55_SP00309" HPOS="334" VPOS="1801" WIDTH="20"/>
						<String ID="P55_ST00346" HPOS="354" VPOS="1773" WIDTH="32" HEIGHT="18" CONTENT="as" WC="1.00" CC="00"/>
						<SP ID="P55_SP00310" HPOS="386" VPOS="1801" WIDTH="17"/>
						<String ID="P55_ST00347" HPOS="403" VPOS="1764" WIDTH="148" HEIGHT="26" CONTENT="Tribunus" WC="0.86" CC="00103060"/>
						<SP ID="P55_SP00311" HPOS="551" VPOS="1801" WIDTH="20"/>
						<String ID="P55_ST00348" HPOS="571" VPOS="1763" WIDTH="144" HEIGHT="32" CONTENT="Celerum," WC="0.90" CC="01204000"/>
						<SP ID="P55_SP00312" HPOS="715" VPOS="1801" WIDTH="22"/>
						<String ID="P55_ST00349" HPOS="737" VPOS="1772" WIDTH="18" HEIGHT="17" CONTENT="a" WC="1.00" CC="0"/>
						<SP ID="P55_SP00313" HPOS="755" VPOS="1801" WIDTH="18"/>
						<String ID="P55_ST00350" HPOS="773" VPOS="1766" WIDTH="60" HEIGHT="23" CONTENT="sort" WC="0.86" CC="0050"/>
						<SP ID="P55_SP00314" HPOS="833" VPOS="1801" WIDTH="16"/>
						<String ID="P55_ST00351" HPOS="849" VPOS="1762" WIDTH="33" HEIGHT="26" CONTENT="of" WC="1.00" CC="00"/>
						<SP ID="P55_SP00315" HPOS="882" VPOS="1801" WIDTH="15"/>
						<String ID="P55_ST00352" HPOS="897" VPOS="1762" WIDTH="128" HEIGHT="34" CONTENT="Captain" WC="0.89" CC="0000042"/>
						<SP ID="P55_SP00316" HPOS="1025" VPOS="1801" WIDTH="17"/>
						<String ID="P55_ST00353" HPOS="1042" VPOS="1762" WIDTH="33" HEIGHT="27" CONTENT="of" WC="0.88" CC="02"/>
						<SP ID="P55_SP00317" HPOS="1075" VPOS="1801" WIDTH="12"/>
						<String ID="P55_ST00354" HPOS="1087" VPOS="1763" WIDTH="49" HEIGHT="27" CONTENT="the" WC="0.59" CC="470"/>
						<SP ID="P55_SP00318" HPOS="1136" VPOS="1801" WIDTH="20"/>
						<String ID="P55_ST00355" HPOS="1156" VPOS="1763" WIDTH="125" HEIGHT="34" CONTENT="Guards," WC="0.69" CC="8505002"/>
					</TextLine>
					<TextLine ID="P55_TL00032" HPOS="131" VPOS="1812" WIDTH="1151" HEIGHT="37">
						<String ID="P55_ST00356" HPOS="131" VPOS="1817" WIDTH="76" HEIGHT="32" CONTENT="who," WC="0.83" CC="0600"/>
						<SP ID="P55_SP00319" HPOS="207" VPOS="1849" WIDTH="25"/>
						<String ID="P55_ST00357" HPOS="232" VPOS="1816" WIDTH="75" HEIGHT="26" CONTENT="from" WC="1.00" CC="0000"/>
						<SP ID="P55_SP00320" HPOS="307" VPOS="1849" WIDTH="27"/>
						<String ID="P55_ST00358" HPOS="334" VPOS="1816" WIDTH="50" HEIGHT="25" CONTENT="the" WC="0.68" CC="350"/>
						<SP ID="P55_SP00321" HPOS="384" VPOS="1849" WIDTH="27"/>
						<String ID="P55_ST00359" HPOS="411" VPOS="1815" WIDTH="64" HEIGHT="26" CONTENT="title" WC="0.86" CC="02040"/>
						<SP ID="P55_SP00322" HPOS="475" VPOS="1849" WIDTH="24"/>
						<String ID="P55_ST00360" HPOS="499" VPOS="1814" WIDTH="33" HEIGHT="26" CONTENT="of" WC="1.00" CC="00"/>
						<SP ID="P55_SP00323" HPOS="532" VPOS="1849" WIDTH="18"/>
						<String ID="P55_ST00361" HPOS="550" VPOS="1813" WIDTH="126" HEIGHT="32" CONTENT="Celeres," WC="0.87" CC="00402003"/>
						<SP ID="P55_SP00324" HPOS="676" VPOS="1849" WIDTH="24"/>
						<String ID="P55_ST00362" HPOS="700" VPOS="1821" WIDTH="111" HEIGHT="26" CONTENT="appear" WC="1.00" CC="000000"/>
						<SP ID="P55_SP00325" HPOS="811" VPOS="1849" WIDTH="19"/>
						<String ID="P55_ST00363" HPOS="830" VPOS="1817" WIDTH="30" HEIGHT="22" CONTENT="to" WC="0.93" CC="10"/>
						<SP ID="P55_SP00326" HPOS="860" VPOS="1849" WIDTH="22"/>
						<String ID="P55_ST00364" HPOS="882" VPOS="1812" WIDTH="75" HEIGHT="26" CONTENT="have" WC="0.66" CC="5070"/>
						<SP ID="P55_SP00327" HPOS="957" VPOS="1849" WIDTH="24"/>
						<String ID="P55_ST00365" HPOS="981" VPOS="1812" WIDTH="83" HEIGHT="33" CONTENT="been," WC="0.91" CC="00004"/>
						<SP ID="P55_SP00328" HPOS="1064" VPOS="1849" WIDTH="23"/>
						<String ID="P55_ST00366" HPOS="1087" VPOS="1822" WIDTH="33" HEIGHT="17" CONTENT="as" WC="1.00" CC="00"/>
						<SP ID="P55_SP00329" HPOS="1120" VPOS="1849" WIDTH="22"/>
						<String ID="P55_ST00367" HPOS="1142" VPOS="1823" WIDTH="44" HEIGHT="16" CONTENT="we" WC="1.00" CC="00"/>
						<SP ID="P55_SP00330" HPOS="1186" VPOS="1849" WIDTH="20"/>
						<String ID="P55_ST00368" HPOS="1206" VPOS="1814" WIDTH="76" HEIGHT="26" CONTENT="have" WC="0.84" CC="6000"/>
					</TextLine>
					<TextLine ID="P55_TL00033" HPOS="131" VPOS="1862" WIDTH="1149" HEIGHT="36">
						<String ID="P55_ST00369" HPOS="131" VPOS="1865" WIDTH="100" HEIGHT="27" CONTENT="before" WC="0.69" CC="407140"/>
						<SP ID="P55_SP00331" HPOS="231" VPOS="1892" WIDTH="22"/>
						<String ID="P55_ST00370" HPOS="253" VPOS="1865" WIDTH="153" HEIGHT="33" CONTENT="observed," WC="0.90" CC="020020003"/>
						<SP ID="P55_SP00332" HPOS="406" VPOS="1898" WIDTH="22"/>
						<String ID="P55_ST00371" HPOS="428" VPOS="1865" WIDTH="50" HEIGHT="26" CONTENT="the" WC="0.78" CC="060"/>
						<SP ID="P55_SP00333" HPOS="478" VPOS="1898" WIDTH="23"/>
						<String ID="P55_ST00372" HPOS="501" VPOS="1864" WIDTH="57" HEIGHT="26" CONTENT="fast" WC="1.00" CC="0000"/>
						<SP ID="P55_SP00334" HPOS="558" VPOS="1898" WIDTH="21"/>
						<String ID="P55_ST00373" HPOS="579" VPOS="1872" WIDTH="77" HEIGHT="23" CONTENT="men," WC="0.92" CC="0003"/>
						<SP ID="P55_SP00335" HPOS="656" VPOS="1898" WIDTH="20"/>
						<String ID="P55_ST00374" HPOS="676" VPOS="1872" WIDTH="33" HEIGHT="17" CONTENT="as" WC="1.00" CC="00"/>
						<SP ID="P55_SP00336" HPOS="709" VPOS="1898" WIDTH="24"/>
						<String ID="P55_ST00375" HPOS="733" VPOS="1862" WIDTH="132" HEIGHT="34" CONTENT="opposed" WC="0.83" CC="0080200"/>
						<SP ID="P55_SP00337" HPOS="865" VPOS="1898" WIDTH="22"/>
						<String ID="P55_ST00376" HPOS="887" VPOS="1866" WIDTH="29" HEIGHT="22" CONTENT="to" WC="1.00" CC="00"/>
						<SP ID="P55_SP00338" HPOS="916" VPOS="1898" WIDTH="22"/>
						<String ID="P55_ST00377" HPOS="938" VPOS="1862" WIDTH="49" HEIGHT="26" CONTENT="the" WC="0.75" CC="060"/>
						<SP ID="P55_SP00339" HPOS="987" VPOS="1898" WIDTH="26"/>
						<String ID="P55_ST00378" HPOS="1013" VPOS="1865" WIDTH="16" HEIGHT="11" CONTENT='"' WC="1.00" CC="0"/>
						<SP ID="P55_SP00340" HPOS="1029" VPOS="1898" WIDTH="12"/>
						<String ID="P55_ST00379" HPOS="1041" VPOS="1862" WIDTH="72" HEIGHT="27" CONTENT="slow" WC="0.94" CC="0200"/>
						<SP ID="P55_SP00341" HPOS="1113" VPOS="1898" WIDTH="19"/>
						<String ID="P55_ST00380" HPOS="1132" VPOS="1864" WIDTH="125" HEIGHT="25" CONTENT="coaches" WC="0.90" CC="0000600"/>
						<String ID="P55_ST00381" HPOS="1266" VPOS="1864" WIDTH="14" HEIGHT="9" CONTENT='"' WC="0.38" CC="6"/>
					</TextLine>
					<TextLine ID="P55_TL00034" HPOS="131" VPOS="1915" WIDTH="219" HEIGHT="34">
						<String ID="P55_ST00382" HPOS="131" VPOS="1916" WIDTH="33" HEIGHT="26" CONTENT="of" WC="1.00" CC="00"/>
						<SP ID="P55_SP00342" HPOS="164" VPOS="1942" WIDTH="10"/>
						<String ID="P55_ST00383" HPOS="174" VPOS="1916" WIDTH="50" HEIGHT="26" CONTENT="the" WC="0.76" CC="070"/>
						<SP ID="P55_SP00343" HPOS="224" VPOS="1942" WIDTH="14"/>
						<String ID="P55_ST00384" HPOS="238" VPOS="1915" WIDTH="112" HEIGHT="34" CONTENT="period." WC="0.97" CC="0010000"/>
					</TextLine>
				</TextBlock>
				<TextBlock ID="P55_TB00006" HPOS="129" VPOS="1985" WIDTH="1153" HEIGHT="241" STYLEREFS="TXT_1 PAR_LEFT">
					<TextLine ID="P55_TL00035" HPOS="187" VPOS="1985" WIDTH="1094" HEIGHT="39">
						<String ID="P55_ST00385" HPOS="187" VPOS="1990" WIDTH="63" HEIGHT="26" CONTENT="The" WC="0.97" CC="000"/>
						<SP ID="P55_SP00344" HPOS="250" VPOS="2016" WIDTH="12"/>
						<String ID="P55_ST00386" HPOS="262" VPOS="1989" WIDTH="128" HEIGHT="35" CONTENT="Captain" WC="0.88" CC="0002050"/>
						<SP ID="P55_SP00345" HPOS="390" VPOS="2024" WIDTH="10"/>
						<String ID="P55_ST00387" HPOS="400" VPOS="1989" WIDTH="86" HEIGHT="27" CONTENT="made" WC="1.00" CC="0000"/>
						<SP ID="P55_SP00346" HPOS="486" VPOS="2024" WIDTH="11"/>
						<String ID="P55_ST00388" HPOS="497" VPOS="1988" WIDTH="124" HEIGHT="27" CONTENT="himself" WC="0.86" CC="6100001"/>
						<SP ID="P55_SP00347" HPOS="621" VPOS="2024" WIDTH="10"/>
						<String ID="P55_ST00389" HPOS="631" VPOS="1996" WIDTH="32" HEIGHT="18" CONTENT="so" WC="1.00" CC="00"/>
						<SP ID="P55_SP00348" HPOS="663" VPOS="2024" WIDTH="15"/>
						<String ID="P55_ST00390" HPOS="678" VPOS="1987" WIDTH="154" HEIGHT="35" CONTENT="generally" WC="0.89" CC="000030600"/>
						<SP ID="P55_SP00349" HPOS="832" VPOS="2024" WIDTH="10"/>
						<String ID="P55_ST00391" HPOS="842" VPOS="1985" WIDTH="94" HEIGHT="27" CONTENT="useful" WC="1.00" CC="000000"/>
						<SP ID="P55_SP00350" HPOS="936" VPOS="2024" WIDTH="13"/>
						<String ID="P55_ST00392" HPOS="949" VPOS="1990" WIDTH="31" HEIGHT="22" CONTENT="to" WC="1.00" CC="00"/>
						<SP ID="P55_SP00351" HPOS="980" VPOS="2024" WIDTH="11"/>
						<String ID="P55_ST00393" HPOS="991" VPOS="1986" WIDTH="112" HEIGHT="33" CONTENT="Ancus," WC="0.83" CC="060003"/>
						<SP ID="P55_SP00352" HPOS="1103" VPOS="2024" WIDTH="15"/>
						<String ID="P55_ST00394" HPOS="1118" VPOS="1987" WIDTH="64" HEIGHT="27" CONTENT="that" WC="0.83" CC="0600"/>
						<SP ID="P55_SP00353" HPOS="1182" VPOS="2024" WIDTH="14"/>
						<String ID="P55_ST00395" HPOS="1196" VPOS="1988" WIDTH="85" HEIGHT="26" CONTENT="when" WC="0.83" CC="0600"/>
					</TextLine>
					<TextLine ID="P55_TL00036" HPOS="131" VPOS="2037" WIDTH="1151" HEIGHT="36">
						<String ID="P55_ST00396" HPOS="131" VPOS="2042" WIDTH="51" HEIGHT="26" CONTENT="the" WC="0.79" CC="060"/>
						<SP ID="P55_SP00354" HPOS="182" VPOS="2068" WIDTH="23"/>
						<String ID="P55_ST00397" HPOS="205" VPOS="2042" WIDTH="89" HEIGHT="25" CONTENT="latter" WC="0.97" CC="000001"/>
						<SP ID="P55_SP00355" HPOS="294" VPOS="2068" WIDTH="23"/>
						<String ID="P55_ST00398" HPOS="317" VPOS="2041" WIDTH="76" HEIGHT="32" CONTENT="died," WC="0.91" CC="00004"/>
						<SP ID="P55_SP00356" HPOS="393" VPOS="2073" WIDTH="22"/>
						<String ID="P55_ST00399" HPOS="415" VPOS="2040" WIDTH="47" HEIGHT="26" CONTENT="his" WC="0.69" CC="620"/>
						<SP ID="P55_SP00357" HPOS="462" VPOS="2073" WIDTH="23"/>
						<String ID="P55_ST00400" HPOS="485" VPOS="2044" WIDTH="58" HEIGHT="22" CONTENT="two" WC="1.00" CC="000"/>
						<SP ID="P55_SP00358" HPOS="543" VPOS="2073" WIDTH="22"/>
						<String ID="P55_ST00401" HPOS="565" VPOS="2048" WIDTH="69" HEIGHT="18" CONTENT="sons" WC="0.80" CC="0080"/>
						<SP ID="P55_SP00359" HPOS="634" VPOS="2073" WIDTH="21"/>
						<String ID="P55_ST00402" HPOS="655" VPOS="2047" WIDTH="76" HEIGHT="18" CONTENT="were" WC="0.96" CC="0010"/>
						<SP ID="P55_SP00360" HPOS="731" VPOS="2073" WIDTH="24"/>
						<String ID="P55_ST00403" HPOS="755" VPOS="2037" WIDTH="50" HEIGHT="27" CONTENT="left" WC="0.75" CC="0009"/>
						<SP ID="P55_SP00361" HPOS="805" VPOS="2073" WIDTH="22"/>
						<String ID="P55_ST00404" HPOS="827" VPOS="2041" WIDTH="29" HEIGHT="22" CONTENT="to" WC="1.00" CC="00"/>
						<SP ID="P55_SP00362" HPOS="856" VPOS="2073" WIDTH="22"/>
						<String ID="P55_ST00405" HPOS="878" VPOS="2038" WIDTH="50" HEIGHT="26" CONTENT="the" WC="0.85" CC="040"/>
						<SP ID="P55_SP00363" HPOS="928" VPOS="2073" WIDTH="21"/>
						<String ID="P55_ST00406" HPOS="949" VPOS="2038" WIDTH="214" HEIGHT="35" CONTENT="guardianship" WC="0.75" CC="900505010500"/>
						<SP ID="P55_SP00364" HPOS="1163" VPOS="2073" WIDTH="21"/>
						<String ID="P55_ST00407" HPOS="1184" VPOS="2038" WIDTH="32" HEIGHT="27" CONTENT="of" WC="1.00" CC="00"/>
						<SP ID="P55_SP00365" HPOS="1216" VPOS="2073" WIDTH="17"/>
						<String ID="P55_ST00408" HPOS="1233" VPOS="2040" WIDTH="49" HEIGHT="26" CONTENT="the" WC="0.75" CC="070"/>
					</TextLine>
					<TextLine ID="P55_TL00037" HPOS="131" VPOS="2087" WIDTH="1151" HEIGHT="38">
						<String ID="P55_ST00409" HPOS="131" VPOS="2090" WIDTH="116" HEIGHT="33" CONTENT="former," WC="0.88" CC="0000043"/>
						<SP ID="P55_SP00366" HPOS="247" VPOS="2123" WIDTH="15"/>
						<String ID="P55_ST00410" HPOS="262" VPOS="2091" WIDTH="75" HEIGHT="32" CONTENT="who," WC="0.59" CC="9501"/>
						<SP ID="P55_SP00367" HPOS="337" VPOS="2123" WIDTH="16"/>
						<String ID="P55_ST00411" HPOS="353" VPOS="2099" WIDTH="38" HEIGHT="17" CONTENT="on" WC="0.69" CC="06"/>
						<SP ID="P55_SP00368" HPOS="391" VPOS="2123" WIDTH="15"/>
						<String ID="P55_ST00412" HPOS="406" VPOS="2090" WIDTH="50" HEIGHT="26" CONTENT="the" WC="0.90" CC="020"/>
						<SP ID="P55_SP00369" HPOS="456" VPOS="2123" WIDTH="14"/>
						<String ID="P55_ST00413" HPOS="470" VPOS="2090" WIDTH="59" HEIGHT="35" CONTENT="day" WC="1.00" CC="000"/>
						<SP ID="P55_SP00370" HPOS="529" VPOS="2125" WIDTH="13"/>
						<String ID="P55_ST00414" HPOS="542" VPOS="2089" WIDTH="80" HEIGHT="27" CONTENT="fixed" WC="0.92" CC="11000"/>
						<SP ID="P55_SP00371" HPOS="622" VPOS="2125" WIDTH="13"/>
						<String ID="P55_ST00415" HPOS="635" VPOS="2088" WIDTH="44" HEIGHT="27" CONTENT="for" WC="0.91" CC="002"/>
						<SP ID="P55_SP00372" HPOS="679" VPOS="2125" WIDTH="14"/>
						<String ID="P55_ST00416" HPOS="693" VPOS="2088" WIDTH="50" HEIGHT="27" CONTENT="the" WC="0.79" CC="060"/>
						<SP ID="P55_SP00373" HPOS="743" VPOS="2125" WIDTH="14"/>
						<String ID="P55_ST00417" HPOS="757" VPOS="2087" WIDTH="125" HEIGHT="27" CONTENT="election" WC="0.97" CC="00000200"/>
						<SP ID="P55_SP00374" HPOS="882" VPOS="2125" WIDTH="22"/>
						<String ID="P55_ST00418" HPOS="904" VPOS="2087" WIDTH="33" HEIGHT="27" CONTENT="of" WC="1.00" CC="00"/>
						<SP ID="P55_SP00375" HPOS="937" VPOS="2125" WIDTH="9"/>
						<String ID="P55_ST00419" HPOS="946" VPOS="2096" WIDTH="17" HEIGHT="17" CONTENT="a" WC="1.00" CC="0"/>
						<SP ID="P55_SP00376" HPOS="963" VPOS="2125" WIDTH="14"/>
						<String ID="P55_ST00420" HPOS="977" VPOS="2096" WIDTH="65" HEIGHT="18" CONTENT="new" WC="1.00" CC="000"/>
						<SP ID="P55_SP00377" HPOS="1042" VPOS="2125" WIDTH="12"/>
						<String ID="P55_ST00421" HPOS="1054" VPOS="2088" WIDTH="83" HEIGHT="36" CONTENT="king," WC="0.92" CC="00003"/>
						<SP ID="P55_SP00378" HPOS="1137" VPOS="2125" WIDTH="16"/>
						<String ID="P55_ST00422" HPOS="1153" VPOS="2093" WIDTH="66" HEIGHT="23" CONTENT="sent" WC="1.00" CC="0000"/>
						<SP ID="P55_SP00379" HPOS="1219" VPOS="2125" WIDTH="17"/>
						<String ID="P55_ST00423" HPOS="1236" VPOS="2089" WIDTH="46" HEIGHT="27" CONTENT="his" WC="0.32" CC="729"/>
					</TextLine>
					<TextLine ID="P55_TL00038" HPOS="131" VPOS="2137" WIDTH="1151" HEIGHT="39">
						<String ID="P55_ST00424" HPOS="131" VPOS="2142" WIDTH="96" HEIGHT="26" CONTENT="wards" WC="0.90" CC="00400"/>
						<SP ID="P55_SP00380" HPOS="227" VPOS="2168" WIDTH="15"/>
						<String ID="P55_ST00425" HPOS="242" VPOS="2145" WIDTH="29" HEIGHT="23" CONTENT="to" WC="0.71" CC="05"/>
						<SP ID="P55_SP00381" HPOS="271" VPOS="2168" WIDTH="15"/>
						<String ID="P55_ST00426" HPOS="286" VPOS="2142" WIDTH="50" HEIGHT="25" CONTENT="the" WC="0.68" CC="260"/>
						<SP ID="P55_SP00382" HPOS="336" VPOS="2168" WIDTH="14"/>
						<String ID="P55_ST00427" HPOS="350" VPOS="2141" WIDTH="98" HEIGHT="33" CONTENT="chase," WC="0.68" CC="068004"/>
						<SP ID="P55_SP00383" HPOS="448" VPOS="2174" WIDTH="15"/>
						<String ID="P55_ST00428" HPOS="463" VPOS="2141" WIDTH="66" HEIGHT="27" CONTENT="that" WC="0.82" CC="0700"/>
						<SP ID="P55_SP00384" HPOS="529" VPOS="2174" WIDTH="14"/>
						<String ID="P55_ST00429" HPOS="543" VPOS="2141" WIDTH="72" HEIGHT="35" CONTENT="they" WC="0.84" CC="0600"/>
						<SP ID="P55_SP00385" HPOS="615" VPOS="2176" WIDTH="14"/>
						<String ID="P55_ST00430" HPOS="629" VPOS="2139" WIDTH="97" HEIGHT="35" CONTENT="might" WC="0.52" CC="06970"/>
						<SP ID="P55_SP00386" HPOS="726" VPOS="2176" WIDTH="13"/>
						<String ID="P55_ST00431" HPOS="739" VPOS="2138" WIDTH="38" HEIGHT="27" CONTENT="be" WC="1.00" CC="00"/>
						<SP ID="P55_SP00387" HPOS="777" VPOS="2176" WIDTH="14"/>
						<String ID="P55_ST00432" HPOS="791" VPOS="2137" WIDTH="145" HEIGHT="35" CONTENT="pursuing" WC="0.77" CC="03306030"/>
						<SP ID="P55_SP00388" HPOS="936" VPOS="2176" WIDTH="15"/>
						<String ID="P55_ST00433" HPOS="951" VPOS="2138" WIDTH="84" HEIGHT="26" CONTENT="other" WC="0.88" CC="00600"/>
						<SP ID="P55_SP00389" HPOS="1035" VPOS="2176" WIDTH="18"/>
						<String ID="P55_ST00434" HPOS="1053" VPOS="2147" WIDTH="98" HEIGHT="27" CONTENT="game," WC="0.68" CC="90303"/>
						<SP ID="P55_SP00390" HPOS="1151" VPOS="2176" WIDTH="15"/>
						<String ID="P55_ST00435" HPOS="1166" VPOS="2138" WIDTH="116" HEIGHT="28" CONTENT="instead" WC="1.00" CC="0000000"/>
					</TextLine>
					<TextLine ID="P55_TL00039" HPOS="131" VPOS="2187" WIDTH="1151" HEIGHT="39">
						<String ID="P55_ST00436" HPOS="131" VPOS="2192" WIDTH="33" HEIGHT="26" CONTENT="of" WC="0.98" CC="00"/>
						<SP ID="P55_SP00391" HPOS="164" VPOS="2218" WIDTH="15"/>
						<String ID="P55_ST00437" HPOS="179" VPOS="2192" WIDTH="124" HEIGHT="34" CONTENT="looking" WC="1.00" CC="0000000"/>
						<SP ID="P55_SP00392" HPOS="303" VPOS="2226" WIDTH="21"/>
						<String ID="P55_ST00438" HPOS="324" VPOS="2191" WIDTH="74" HEIGHT="27" CONTENT="after" WC="0.76" CC="73001"/>
						<SP ID="P55_SP00393" HPOS="398" VPOS="2226" WIDTH="19"/>
						<String ID="P55_ST00439" HPOS="417" VPOS="2192" WIDTH="50" HEIGHT="26" CONTENT="the" WC="0.47" CC="950"/>
						<SP ID="P55_SP00394" HPOS="467" VPOS="2226" WIDTH="19"/>
						<String ID="P55_ST00440" HPOS="486" VPOS="2190" WIDTH="115" HEIGHT="32" CONTENT="Crown," WC="0.80" CC="010073"/>
						<SP ID="P55_SP00395" HPOS="601" VPOS="2226" WIDTH="22"/>
						<String ID="P55_ST00441" HPOS="623" VPOS="2189" WIDTH="97" HEIGHT="27" CONTENT="which" WC="0.76" CC="03106"/>
						<SP ID="P55_SP00396" HPOS="720" VPOS="2226" WIDTH="20"/>
						<String ID="P55_ST00442" HPOS="740" VPOS="2187" WIDTH="179" HEIGHT="35" CONTENT="Tarquinius" WC="0.78" CC="1020510630"/>
						<SP ID="P55_SP00397" HPOS="919" VPOS="2226" WIDTH="16"/>
						<String ID="P55_ST00443" HPOS="935" VPOS="2187" WIDTH="60" HEIGHT="27" CONTENT="had" WC="0.94" CC="100"/>
						<SP ID="P55_SP00398" HPOS="995" VPOS="2226" WIDTH="18"/>
						<String ID="P55_ST00444" HPOS="1013" VPOS="2193" WIDTH="44" HEIGHT="22" CONTENT="set" WC="1.00" CC="000"/>
						<SP ID="P55_SP00399" HPOS="1057" VPOS="2226" WIDTH="18"/>
						<String ID="P55_ST00445" HPOS="1075" VPOS="2187" WIDTH="47" HEIGHT="28" CONTENT="his" WC="0.72" CC="601"/>
						<SP ID="P55_SP00400" HPOS="1122" VPOS="2226" WIDTH="20"/>
						<String ID="P55_ST00446" HPOS="1142" VPOS="2198" WIDTH="66" HEIGHT="17" CONTENT="own" WC="0.80" CC="203"/>
						<SP ID="P55_SP00401" HPOS="1208" VPOS="2226" WIDTH="22"/>
						<String ID="P55_ST00447" HPOS="1230" VPOS="2198" WIDTH="52" HEIGHT="28" CONTENT="eye" WC="1.00" CC="000"/>
					</TextLine>
				</TextBlock>
			</PrintSpace>
		</Page>
	</Layout>
</alto>
