<?xml version="1.0" encoding="UTF-8"?>
<alto xmlns:xsi="http://www.w3.org/2001/XMLSchema-instance" xsi:noNamespaceSchemaLocation="http://www.bl.uk/schemas/alto/alto-1-4.xsd" xmlns:xlink="http://www.w3.org/1999/xlink">
	<Description>
		<MeasurementUnit>mm10</MeasurementUnit>
		<sourceImageInformation>
			<fileName>//head1/IN/2008-39/A0012093469/009108.jp2</fileName>
		</sourceImageInformation>
		<OCRProcessing ID="OCRPROCESSING_1">
			<preProcessingStep>
				<processingSoftware>
					<softwareCreator>CCS Content Conversion Specialists GmbH, Germany</softwareCreator>
					<softwareName>CCS docWORKS</softwareName>
					<softwareVersion>6.1-0.67</softwareVersion>
				</processingSoftware>
			</preProcessingStep>
			<ocrProcessingStep>
				<processingSoftware>
					<softwareCreator>ABBYY (BIT Software), Russia</softwareCreator>
					<softwareName>Finereader</softwareName>
				</processingSoftware>
			</ocrProcessingStep>
		</OCRProcessing>
	</Description>
	<Styles>
		<TextStyle ID="TXT_0" FONTSIZE="11" FONTFAMILY="Courier New"/>
		<TextStyle ID="TXT_1" FONTSIZE="10" FONTFAMILY="Courier New"/>
		<TextStyle ID="TXT_2" FONTSIZE="9" FONTFAMILY="Courier New"/>
		<ParagraphStyle ID="PAR_RIGHT" ALIGN="Right"/>
		<ParagraphStyle ID="PAR_LEFT" ALIGN="Left"/>
	</Styles>
	<Layout>
		<Page ID="P252" PHYSICAL_IMG_NR="252" HEIGHT="2518" WIDTH="1698" PRINTED_IMG_NR="220" POSITION="Left" ACCURACY="87.88">
			<TopMargin ID="P252_TM00001" HPOS="0" VPOS="0" WIDTH="1698" HEIGHT="318">
				<TextBlock ID="P252_TB00001" HPOS="609" VPOS="259" WIDTH="633" HEIGHT="59" STYLEREFS="TXT_0 PAR_RIGHT">
					<TextLine ID="P252_TL00001" HPOS="610" VPOS="260" WIDTH="632" HEIGHT="58">
						<String ID="P252_ST00001" HPOS="610" VPOS="260" WIDTH="152" HEIGHT="44" CONTENT="Comic" WC="0.82" CC="00044"/>
						<SP ID="P252_SP00001" HPOS="762" VPOS="304" WIDTH="31"/>
						<String ID="P252_ST00002" HPOS="793" VPOS="260" WIDTH="191" HEIGHT="58" CONTENT="History" WC="0.83" CC="0604000"/>
						<SP ID="P252_SP00002" HPOS="984" VPOS="318" WIDTH="35"/>
						<String ID="P252_ST00003" HPOS="1019" VPOS="263" WIDTH="54" HEIGHT="55" CONTENT="of" WC="1.00" CC="00"/>
						<SP ID="P252_SP00003" HPOS="1073" VPOS="318" WIDTH="18"/>
						<String ID="P252_ST00004" HPOS="1091" VPOS="262" WIDTH="151" HEIGHT="44" CONTENT="Rome." WC="0.91" CC="00004"/>
					</TextLine>
				</TextBlock>
				<TextBlock ID="P252_TB00002" HPOS="352" VPOS="280" WIDTH="60" HEIGHT="19" STYLEREFS="TXT_1 PAR_LEFT">
					<TextLine ID="P252_TL00002" HPOS="352" VPOS="280" WIDTH="60" HEIGHT="19">
						<String ID="P252_ST00005" HPOS="352" VPOS="280" WIDTH="60" HEIGHT="19" CONTENT="220" WC="0.98" CC="000"/>
					</TextLine>
				</TextBlock>
				<TextBlock ID="P252_TB00003" HPOS="1372" VPOS="284" WIDTH="135" HEIGHT="23" STYLEREFS="TXT_2 PAR_RIGHT">
					<TextLine ID="P252_TL00003" HPOS="1373" VPOS="284" WIDTH="134" HEIGHT="23">
						<String ID="P252_ST00006" HPOS="1373" VPOS="286" WIDTH="68" HEIGHT="21" CONTENT="Chap." WC="0.78" CC="10900"/>
						<SP ID="P252_SP00004" HPOS="1441" VPOS="307" WIDTH="14"/>
						<String ID="P252_ST00007" HPOS="1455" VPOS="284" WIDTH="52" HEIGHT="19" CONTENT="XVI." WC="0.60" CC="0906"/>
					</TextLine>
				</TextBlock>
			</TopMargin>
			<LeftMargin ID="P252_LM00001" HPOS="0" VPOS="301" WIDTH="346" HEIGHT="1905"/>
			<RightMargin ID="P252_RM00001" HPOS="1512" VPOS="301" WIDTH="186" HEIGHT="1905"/>
			<BottomMargin ID="P252_BM00001" HPOS="0" VPOS="2206" WIDTH="1698" HEIGHT="311"/>
			<PrintSpace ID="P252_PS00001" HPOS="346" VPOS="301" WIDTH="1166" HEIGHT="1905">
				<TextBlock ID="P252_TB00004" HPOS="351" VPOS="377" WIDTH="1161" HEIGHT="336" STYLEREFS="TXT_2 PAR_LEFT">
					<TextLine ID="P252_TL00004" HPOS="408" VPOS="377" WIDTH="1104" HEIGHT="37">
						<String ID="P252_ST00008" HPOS="408" VPOS="379" WIDTH="62" HEIGHT="25" CONTENT="The" WC="0.77" CC="060"/>
						<SP ID="P252_SP00005" HPOS="470" VPOS="404" WIDTH="16"/>
						<String ID="P252_ST00009" HPOS="486" VPOS="381" WIDTH="110" HEIGHT="33" CONTENT="system" WC="1.00" CC="000000"/>
						<SP ID="P252_SP00006" HPOS="596" VPOS="414" WIDTH="16"/>
						<String ID="P252_ST00010" HPOS="612" VPOS="377" WIDTH="33" HEIGHT="27" CONTENT="of" WC="0.88" CC="20"/>
						<SP ID="P252_SP00007" HPOS="645" VPOS="414" WIDTH="10"/>
						<String ID="P252_ST00011" HPOS="655" VPOS="378" WIDTH="157" HEIGHT="26" CONTENT="Hamilcar" WC="0.83" CC="20055000"/>
						<SP ID="P252_SP00008" HPOS="812" VPOS="414" WIDTH="12"/>
						<String ID="P252_ST00012" HPOS="824" VPOS="387" WIDTH="62" HEIGHT="18" CONTENT="was" WC="1.00" CC="000"/>
						<SP ID="P252_SP00009" HPOS="886" VPOS="414" WIDTH="14"/>
						<String ID="P252_ST00013" HPOS="900" VPOS="378" WIDTH="138" HEIGHT="27" CONTENT="followed" WC="0.92" CC="00140000"/>
						<SP ID="P252_SP00010" HPOS="1038" VPOS="414" WIDTH="21"/>
						<String ID="P252_ST00014" HPOS="1059" VPOS="379" WIDTH="74" HEIGHT="27" CONTENT="after" WC="1.00" CC="00000"/>
						<SP ID="P252_SP00011" HPOS="1133" VPOS="414" WIDTH="19"/>
						<String ID="P252_ST00015" HPOS="1152" VPOS="380" WIDTH="47" HEIGHT="25" CONTENT="his" WC="0.35" CC="765"/>
						<SP ID="P252_SP00012" HPOS="1199" VPOS="414" WIDTH="21"/>
						<String ID="P252_ST00016" HPOS="1220" VPOS="379" WIDTH="90" HEIGHT="26" CONTENT="death" WC="0.80" CC="00036"/>
						<SP ID="P252_SP00013" HPOS="1310" VPOS="414" WIDTH="18"/>
						<String ID="P252_ST00017" HPOS="1328" VPOS="379" WIDTH="41" HEIGHT="35" CONTENT="by" WC="0.63" CC="70"/>
						<SP ID="P252_SP00014" HPOS="1369" VPOS="414" WIDTH="14"/>
						<String ID="P252_ST00018" HPOS="1383" VPOS="377" WIDTH="47" HEIGHT="26" CONTENT="his" WC="0.59" CC="750"/>
						<SP ID="P252_SP00015" HPOS="1430" VPOS="414" WIDTH="16"/>
						<String ID="P252_ST00019" HPOS="1446" VPOS="385" WIDTH="66" HEIGHT="18" CONTENT="son" SUBS_TYPE="HypPart1" SUBS_CONTENT="sonin-law," WC="0.95" CC="0002"/>
						<HYP CONTENT="-"/>
					</TextLine>
					<TextLine ID="P252_TL00005" HPOS="352" VPOS="426" WIDTH="1160" HEIGHT="38">
						<String ID="P252_ST00020" HPOS="352" VPOS="429" WIDTH="112" HEIGHT="32" CONTENT="in-law," SUBS_TYPE="HypPart2" SUBS_CONTENT="sonin-law," WC="0.82" CC="5600000"/>
						<SP ID="P252_SP00016" HPOS="464" VPOS="461" WIDTH="25"/>
						<String ID="P252_ST00021" HPOS="489" VPOS="429" WIDTH="183" HEIGHT="32" CONTENT="Hasdrubal," WC="0.81" CC="4001016030"/>
						<SP ID="P252_SP00017" HPOS="672" VPOS="461" WIDTH="24"/>
						<String ID="P252_ST00022" HPOS="696" VPOS="428" WIDTH="66" HEIGHT="26" CONTENT="who" WC="0.44" CC="960"/>
						<SP ID="P252_SP00018" HPOS="762" VPOS="461" WIDTH="23"/>
						<String ID="P252_ST00023" HPOS="785" VPOS="428" WIDTH="84" HEIGHT="26" CONTENT="ruled" WC="0.86" CC="10500"/>
						<SP ID="P252_SP00019" HPOS="869" VPOS="461" WIDTH="24"/>
						<String ID="P252_ST00024" HPOS="893" VPOS="428" WIDTH="30" HEIGHT="26" CONTENT="in" WC="0.63" CC="60"/>
						<SP ID="P252_SP00020" HPOS="923" VPOS="461" WIDTH="26"/>
						<String ID="P252_ST00025" HPOS="949" VPOS="427" WIDTH="93" HEIGHT="36" CONTENT="Spain" WC="0.92" CC="00040"/>
						<SP ID="P252_SP00021" HPOS="1042" VPOS="463" WIDTH="24"/>
						<String ID="P252_ST00026" HPOS="1066" VPOS="428" WIDTH="45" HEIGHT="27" CONTENT="for" WC="0.95" CC="001"/>
						<SP ID="P252_SP00022" HPOS="1111" VPOS="463" WIDTH="23"/>
						<String ID="P252_ST00027" HPOS="1134" VPOS="429" WIDTH="84" HEIGHT="35" CONTENT="eight" WC="0.75" CC="05070"/>
						<SP ID="P252_SP00023" HPOS="1218" VPOS="464" WIDTH="22"/>
						<String ID="P252_ST00028" HPOS="1240" VPOS="437" WIDTH="96" HEIGHT="27" CONTENT="years," WC="0.87" CC="000403"/>
						<SP ID="P252_SP00024" HPOS="1336" VPOS="464" WIDTH="25"/>
						<String ID="P252_ST00029" HPOS="1361" VPOS="427" WIDTH="59" HEIGHT="26" CONTENT="and" WC="0.95" CC="010"/>
						<SP ID="P252_SP00025" HPOS="1420" VPOS="464" WIDTH="25"/>
						<String ID="P252_ST00030" HPOS="1445" VPOS="426" WIDTH="67" HEIGHT="27" CONTENT="who" WC="0.79" CC="060"/>
					</TextLine>
					<TextLine ID="P252_TL00006" HPOS="353" VPOS="476" WIDTH="1159" HEIGHT="38">
						<String ID="P252_ST00031" HPOS="353" VPOS="480" WIDTH="111" HEIGHT="34" CONTENT="proved" WC="0.97" CC="001000"/>
						<SP ID="P252_SP00026" HPOS="464" VPOS="514" WIDTH="16"/>
						<String ID="P252_ST00032" HPOS="480" VPOS="488" WIDTH="33" HEIGHT="18" CONTENT="so" WC="1.00" CC="00"/>
						<SP ID="P252_SP00027" HPOS="513" VPOS="514" WIDTH="15"/>
						<String ID="P252_ST00033" HPOS="528" VPOS="480" WIDTH="78" HEIGHT="34" CONTENT="good" WC="1.00" CC="0000"/>
						<SP ID="P252_SP00028" HPOS="606" VPOS="514" WIDTH="15"/>
						<String ID="P252_ST00034" HPOS="621" VPOS="488" WIDTH="17" HEIGHT="17" CONTENT="a" WC="1.00" CC="0"/>
						<SP ID="P252_SP00029" HPOS="638" VPOS="514" WIDTH="14"/>
						<String ID="P252_ST00035" HPOS="652" VPOS="480" WIDTH="86" HEIGHT="30" CONTENT="ruler," WC="0.99" CC="000000"/>
						<SP ID="P252_SP00030" HPOS="738" VPOS="514" WIDTH="16"/>
						<String ID="P252_ST00036" HPOS="754" VPOS="479" WIDTH="65" HEIGHT="26" CONTENT="that" WC="0.91" CC="0300"/>
						<SP ID="P252_SP00031" HPOS="819" VPOS="514" WIDTH="20"/>
						<String ID="P252_ST00037" HPOS="839" VPOS="482" WIDTH="123" HEIGHT="22" CONTENT="matters" WC="1.00" CC="0000000"/>
						<SP ID="P252_SP00032" HPOS="962" VPOS="514" WIDTH="15"/>
						<String ID="P252_ST00038" HPOS="977" VPOS="487" WIDTH="76" HEIGHT="18" CONTENT="were" WC="0.95" CC="0010"/>
						<SP ID="P252_SP00033" HPOS="1053" VPOS="514" WIDTH="19"/>
						<String ID="P252_ST00039" HPOS="1072" VPOS="479" WIDTH="73" HEIGHT="34" CONTENT="kept" WC="0.86" CC="2003"/>
						<SP ID="P252_SP00034" HPOS="1145" VPOS="514" WIDTH="21"/>
						<String ID="P252_ST00040" HPOS="1166" VPOS="487" WIDTH="32" HEIGHT="17" CONTENT="as" WC="1.00" CC="00"/>
						<SP ID="P252_SP00035" HPOS="1198" VPOS="514" WIDTH="22"/>
						<String ID="P252_ST00041" HPOS="1220" VPOS="478" WIDTH="131" HEIGHT="36" CONTENT="straight" WC="0.86" CC="00003070"/>
						<SP ID="P252_SP00036" HPOS="1351" VPOS="514" WIDTH="20"/>
						<String ID="P252_ST00042" HPOS="1371" VPOS="486" WIDTH="33" HEIGHT="17" CONTENT="as" WC="1.00" CC="00"/>
						<SP ID="P252_SP00037" HPOS="1404" VPOS="514" WIDTH="21"/>
						<String ID="P252_ST00043" HPOS="1425" VPOS="476" WIDTH="87" HEIGHT="27" CONTENT="could" WC="0.99" CC="00000"/>
					</TextLine>
					<TextLine ID="P252_TL00007" HPOS="352" VPOS="526" WIDTH="1160" HEIGHT="38">
						<String ID="P252_ST00044" HPOS="352" VPOS="530" WIDTH="37" HEIGHT="26" CONTENT="be" WC="1.00" CC="00"/>
						<SP ID="P252_SP00038" HPOS="389" VPOS="556" WIDTH="20"/>
						<String ID="P252_ST00045" HPOS="409" VPOS="530" WIDTH="127" HEIGHT="26" CONTENT="desired." WC="0.91" CC="00060010"/>
						<SP ID="P252_SP00039" HPOS="536" VPOS="556" WIDTH="41"/>
						<String ID="P252_ST00046" HPOS="577" VPOS="530" WIDTH="49" HEIGHT="25" CONTENT="He" WC="0.76" CC="40"/>
						<SP ID="P252_SP00040" HPOS="626" VPOS="556" WIDTH="14"/>
						<String ID="P252_ST00047" HPOS="640" VPOS="538" WIDTH="71" HEIGHT="23" CONTENT="was," WC="1.00" CC="0000"/>
						<SP ID="P252_SP00041" HPOS="711" VPOS="561" WIDTH="15"/>
						<String ID="P252_ST00048" HPOS="726" VPOS="529" WIDTH="146" HEIGHT="31" CONTENT="however," WC="0.92" CC="60000000"/>
						<SP ID="P252_SP00042" HPOS="872" VPOS="561" WIDTH="16"/>
						<String ID="P252_ST00049" HPOS="888" VPOS="528" WIDTH="203" HEIGHT="26" CONTENT="assassinated" WC="0.90" CC="000000560000"/>
						<SP ID="P252_SP00043" HPOS="1091" VPOS="561" WIDTH="21"/>
						<String ID="P252_ST00050" HPOS="1112" VPOS="532" WIDTH="31" HEIGHT="22" CONTENT="at" WC="0.87" CC="02"/>
						<SP ID="P252_SP00044" HPOS="1143" VPOS="561" WIDTH="20"/>
						<String ID="P252_ST00051" HPOS="1163" VPOS="529" WIDTH="58" HEIGHT="25" CONTENT="last" WC="0.94" CC="2000"/>
						<SP ID="P252_SP00045" HPOS="1221" VPOS="561" WIDTH="20"/>
						<String ID="P252_ST00052" HPOS="1241" VPOS="529" WIDTH="41" HEIGHT="35" CONTENT="by" WC="0.83" CC="30"/>
						<SP ID="P252_SP00046" HPOS="1282" VPOS="564" WIDTH="15"/>
						<String ID="P252_ST00053" HPOS="1297" VPOS="536" WIDTH="83" HEIGHT="18" CONTENT="some" WC="1.00" CC="0000"/>
						<SP ID="P252_SP00047" HPOS="1380" VPOS="564" WIDTH="14"/>
						<String ID="P252_ST00054" HPOS="1394" VPOS="526" WIDTH="118" HEIGHT="35" CONTENT="culprit," WC="0.91" CC="00006000"/>
					</TextLine>
					<TextLine ID="P252_TL00008" HPOS="352" VPOS="577" WIDTH="1160" HEIGHT="36">
						<String ID="P252_ST00055" HPOS="352" VPOS="580" WIDTH="66" HEIGHT="26" CONTENT="who" WC="0.75" CC="070"/>
						<SP ID="P252_SP00048" HPOS="418" VPOS="606" WIDTH="14"/>
						<String ID="P252_ST00056" HPOS="432" VPOS="580" WIDTH="54" HEIGHT="25" CONTENT="has" WC="0.88" CC="300"/>
						<SP ID="P252_SP00049" HPOS="486" VPOS="606" WIDTH="15"/>
						<String ID="P252_ST00057" HPOS="501" VPOS="580" WIDTH="106" HEIGHT="26" CONTENT="eluded" WC="0.89" CC="006000"/>
						<SP ID="P252_SP00050" HPOS="607" VPOS="606" WIDTH="14"/>
						<String ID="P252_ST00058" HPOS="621" VPOS="580" WIDTH="50" HEIGHT="25" CONTENT="the" WC="0.80" CC="050"/>
						<SP ID="P252_SP00051" HPOS="671" VPOS="606" WIDTH="14"/>
						<String ID="P252_ST00059" HPOS="685" VPOS="579" WIDTH="149" HEIGHT="34" CONTENT="vigilance" WC="0.71" CC="538100500"/>
						<SP ID="P252_SP00052" HPOS="834" VPOS="613" WIDTH="15"/>
						<String ID="P252_ST00060" HPOS="849" VPOS="578" WIDTH="32" HEIGHT="26" CONTENT="of" WC="1.00" CC="00"/>
						<SP ID="P252_SP00053" HPOS="881" VPOS="613" WIDTH="14"/>
						<String ID="P252_ST00061" HPOS="895" VPOS="579" WIDTH="50" HEIGHT="25" CONTENT="the" WC="0.73" CC="042"/>
						<SP ID="P252_SP00054" HPOS="945" VPOS="613" WIDTH="15"/>
						<String ID="P252_ST00062" HPOS="960" VPOS="577" WIDTH="153" HEIGHT="27" CONTENT="historical" WC="0.83" CC="3500001060"/>
						<SP ID="P252_SP00055" HPOS="1113" VPOS="613" WIDTH="14"/>
						<String ID="P252_ST00063" HPOS="1127" VPOS="577" WIDTH="171" HEIGHT="32" CONTENT="detectives," WC="0.91" CC="00000035000"/>
						<SP ID="P252_SP00056" HPOS="1298" VPOS="613" WIDTH="15"/>
						<String ID="P252_ST00064" HPOS="1313" VPOS="577" WIDTH="45" HEIGHT="26" CONTENT="for" WC="1.00" CC="000"/>
						<SP ID="P252_SP00057" HPOS="1358" VPOS="613" WIDTH="13"/>
						<String ID="P252_ST00065" HPOS="1371" VPOS="580" WIDTH="53" HEIGHT="22" CONTENT="not" WC="0.86" CC="400"/>
						<SP ID="P252_SP00058" HPOS="1424" VPOS="613" WIDTH="14"/>
						<String ID="P252_ST00066" HPOS="1438" VPOS="585" WIDTH="74" HEIGHT="17" CONTENT="even" WC="1.00" CC="0000"/>
					</TextLine>
					<TextLine ID="P252_TL00009" HPOS="352" VPOS="626" WIDTH="1160" HEIGHT="37">
						<String ID="P252_ST00067" HPOS="352" VPOS="629" WIDTH="143" HEIGHT="32" CONTENT="Niebuhr," WC="0.82" CC="01000750"/>
						<SP ID="P252_SP00059" HPOS="495" VPOS="661" WIDTH="15"/>
						<String ID="P252_ST00068" HPOS="510" VPOS="630" WIDTH="66" HEIGHT="26" CONTENT="who" WC="0.77" CC="060"/>
						<SP ID="P252_SP00060" HPOS="576" VPOS="661" WIDTH="15"/>
						<String ID="P252_ST00069" HPOS="591" VPOS="630" WIDTH="104" HEIGHT="25" CONTENT="stands" WC="1.00" CC="000000"/>
						<SP ID="P252_SP00061" HPOS="695" VPOS="661" WIDTH="14"/>
						<String ID="P252_ST00070" HPOS="709" VPOS="629" WIDTH="235" HEIGHT="34" CONTENT="acknowledged" WC="0.98" CC="000000200000"/>
						<SP ID="P252_SP00062" HPOS="944" VPOS="663" WIDTH="14"/>
						<String ID="P252_ST00071" HPOS="958" VPOS="636" WIDTH="32" HEIGHT="18" CONTENT="as" WC="0.91" CC="10"/>
						<SP ID="P252_SP00063" HPOS="990" VPOS="663" WIDTH="15"/>
						<String ID="P252_ST00072" HPOS="1005" VPOS="628" WIDTH="29" HEIGHT="26" CONTENT="A" WC="1.00" CC="0"/>
						<SP ID="P252_SP00064" HPOS="1034" VPOS="663" WIDTH="18"/>
						<String ID="P252_ST00073" HPOS="1052" VPOS="637" WIDTH="22" HEIGHT="23" CONTENT="i," WC="0.83" CC="03"/>
						<SP ID="P252_SP00065" HPOS="1074" VPOS="663" WIDTH="15"/>
						<String ID="P252_ST00074" HPOS="1089" VPOS="628" WIDTH="55" HEIGHT="25" CONTENT="has" WC="0.83" CC="500"/>
						<SP ID="P252_SP00066" HPOS="1144" VPOS="663" WIDTH="21"/>
						<String ID="P252_ST00075" HPOS="1165" VPOS="628" WIDTH="76" HEIGHT="25" CONTENT="been" WC="1.00" CC="0000"/>
						<SP ID="P252_SP00067" HPOS="1241" VPOS="663" WIDTH="22"/>
						<String ID="P252_ST00076" HPOS="1263" VPOS="627" WIDTH="67" HEIGHT="26" CONTENT="able" WC="0.69" CC="0750"/>
						<SP ID="P252_SP00068" HPOS="1330" VPOS="663" WIDTH="20"/>
						<String ID="P252_ST00077" HPOS="1350" VPOS="631" WIDTH="30" HEIGHT="21" CONTENT="to" WC="1.00" CC="00"/>
						<SP ID="P252_SP00069" HPOS="1380" VPOS="663" WIDTH="21"/>
						<String ID="P252_ST00078" HPOS="1401" VPOS="627" WIDTH="51" HEIGHT="35" CONTENT="lay" WC="0.81" CC="500"/>
						<SP ID="P252_SP00070" HPOS="1452" VPOS="663" WIDTH="13"/>
						<String ID="P252_ST00079" HPOS="1465" VPOS="626" WIDTH="47" HEIGHT="26" CONTENT="his" WC="0.72" CC="610"/>
					</TextLine>
					<TextLine ID="P252_TL00010" HPOS="353" VPOS="679" WIDTH="369" HEIGHT="34">
						<String ID="P252_ST00080" HPOS="353" VPOS="679" WIDTH="95" HEIGHT="34" CONTENT="finger" WC="0.82" CC="333000"/>
						<SP ID="P252_SP00071" HPOS="448" VPOS="713" WIDTH="14"/>
						<String ID="P252_ST00081" HPOS="462" VPOS="688" WIDTH="37" HEIGHT="18" CONTENT="on" WC="1.00" CC="00"/>
						<SP ID="P252_SP00072" HPOS="499" VPOS="713" WIDTH="14"/>
						<String ID="P252_ST00082" HPOS="513" VPOS="679" WIDTH="50" HEIGHT="27" CONTENT="the" WC="0.64" CC="360"/>
						<SP ID="P252_SP00073" HPOS="563" VPOS="713" WIDTH="15"/>
						<String ID="P252_ST00083" HPOS="578" VPOS="679" WIDTH="144" HEIGHT="27" CONTENT="criminal." WC="0.93" CC="000005000"/>
					</TextLine>
				</TextBlock>
				<TextBlock ID="P252_TB00005" HPOS="353" VPOS="762" WIDTH="1158" HEIGHT="375" STYLEREFS="TXT_2 PAR_LEFT">
					<TextLine ID="P252_TL00011" HPOS="410" VPOS="762" WIDTH="1101" HEIGHT="37">
						<String ID="P252_ST00084" HPOS="410" VPOS="765" WIDTH="173" HEIGHT="26" CONTENT="Hasdrubal" WC="0.91" CC="400000300"/>
						<SP ID="P252_SP00074" HPOS="583" VPOS="791" WIDTH="13"/>
						<String ID="P252_ST00085" HPOS="596" VPOS="773" WIDTH="61" HEIGHT="17" CONTENT="was" WC="1.00" CC="000"/>
						<SP ID="P252_SP00075" HPOS="657" VPOS="791" WIDTH="16"/>
						<String ID="P252_ST00086" HPOS="673" VPOS="764" WIDTH="161" HEIGHT="26" CONTENT="succeeded" WC="0.92" CC="060000000"/>
						<SP ID="P252_SP00076" HPOS="834" VPOS="791" WIDTH="14"/>
						<String ID="P252_ST00087" HPOS="848" VPOS="765" WIDTH="41" HEIGHT="34" CONTENT="by" WC="1.00" CC="00"/>
						<SP ID="P252_SP00077" HPOS="889" VPOS="799" WIDTH="12"/>
						<String ID="P252_ST00088" HPOS="901" VPOS="764" WIDTH="51" HEIGHT="26" CONTENT="the" WC="0.75" CC="070"/>
						<SP ID="P252_SP00078" HPOS="952" VPOS="799" WIDTH="14"/>
						<String ID="P252_ST00089" HPOS="966" VPOS="773" WIDTH="55" HEIGHT="17" CONTENT="son" WC="1.00" CC="000"/>
						<SP ID="P252_SP00079" HPOS="1021" VPOS="799" WIDTH="15"/>
						<String ID="P252_ST00090" HPOS="1036" VPOS="763" WIDTH="33" HEIGHT="27" CONTENT="of" WC="1.00" CC="00"/>
						<SP ID="P252_SP00080" HPOS="1069" VPOS="799" WIDTH="14"/>
						<String ID="P252_ST00091" HPOS="1083" VPOS="762" WIDTH="159" HEIGHT="28" CONTENT="Hamilcar" WC="0.96" CC="30000000"/>
						<SP ID="P252_SP00081" HPOS="1242" VPOS="799" WIDTH="14"/>
						<String ID="P252_ST00092" HPOS="1256" VPOS="763" WIDTH="106" HEIGHT="32" CONTENT="Barca," WC="0.85" CC="402001"/>
						<SP ID="P252_SP00082" HPOS="1362" VPOS="799" WIDTH="16"/>
						<String ID="P252_ST00093" HPOS="1378" VPOS="772" WIDTH="18" HEIGHT="17" CONTENT="a" WC="1.00" CC="0"/>
						<SP ID="P252_SP00083" HPOS="1396" VPOS="799" WIDTH="13"/>
						<String ID="P252_ST00094" HPOS="1409" VPOS="772" WIDTH="102" HEIGHT="26" CONTENT="young" WC="0.85" CC="00070"/>
					</TextLine>
					<TextLine ID="P252_TL00012" HPOS="354" VPOS="812" WIDTH="1157" HEIGHT="37">
						<String ID="P252_ST00095" HPOS="354" VPOS="824" WIDTH="79" HEIGHT="23" CONTENT="man," WC="0.82" CC="0070"/>
						<SP ID="P252_SP00084" HPOS="433" VPOS="847" WIDTH="16"/>
						<String ID="P252_ST00096" HPOS="449" VPOS="816" WIDTH="109" HEIGHT="24" CONTENT="named" WC="0.89" CC="50000"/>
						<SP ID="P252_SP00085" HPOS="558" VPOS="847" WIDTH="20"/>
						<String ID="P252_ST00097" HPOS="578" VPOS="814" WIDTH="164" HEIGHT="31" CONTENT="Hannibal," WC="0.74" CC="400116053"/>
						<SP ID="P252_SP00086" HPOS="742" VPOS="847" WIDTH="14"/>
						<String ID="P252_ST00098" HPOS="756" VPOS="814" WIDTH="101" HEIGHT="26" CONTENT="whose" WC="0.86" CC="06000"/>
						<SP ID="P252_SP00087" HPOS="857" VPOS="847" WIDTH="20"/>
						<String ID="P252_ST00099" HPOS="877" VPOS="814" WIDTH="151" HEIGHT="35" CONTENT="precocity" WC="0.97" CC="000000200"/>
						<SP ID="P252_SP00088" HPOS="1028" VPOS="849" WIDTH="15"/>
						<String ID="P252_ST00100" HPOS="1043" VPOS="823" WIDTH="32" HEIGHT="17" CONTENT="as" WC="1.00" CC="00"/>
						<SP ID="P252_SP00089" HPOS="1075" VPOS="849" WIDTH="15"/>
						<String ID="P252_ST00101" HPOS="1090" VPOS="823" WIDTH="17" HEIGHT="16" CONTENT="a" WC="1.00" CC="0"/>
						<SP ID="P252_SP00090" HPOS="1107" VPOS="849" WIDTH="14"/>
						<String ID="P252_ST00102" HPOS="1121" VPOS="813" WIDTH="50" HEIGHT="26" CONTENT="lad" WC="0.79" CC="600"/>
						<SP ID="P252_SP00091" HPOS="1171" VPOS="849" WIDTH="15"/>
						<String ID="P252_ST00103" HPOS="1186" VPOS="822" WIDTH="62" HEIGHT="17" CONTENT="was" WC="1.00" CC="000"/>
						<SP ID="P252_SP00092" HPOS="1248" VPOS="849" WIDTH="16"/>
						<String ID="P252_ST00104" HPOS="1264" VPOS="812" WIDTH="190" HEIGHT="35" CONTENT="exemplified" WC="0.83" CC="09000042200"/>
						<SP ID="P252_SP00093" HPOS="1454" VPOS="849" WIDTH="16"/>
						<String ID="P252_ST00105" HPOS="1470" VPOS="813" WIDTH="41" HEIGHT="35" CONTENT="by" WC="1.00" CC="00"/>
					</TextLine>
					<TextLine ID="P252_TL00013" HPOS="356" VPOS="862" WIDTH="1154" HEIGHT="37">
						<String ID="P252_ST00106" HPOS="356" VPOS="873" WIDTH="38" HEIGHT="18" CONTENT="an" WC="0.90" CC="20"/>
						<SP ID="P252_SP00094" HPOS="394" VPOS="891" WIDTH="15"/>
						<String ID="P252_ST00107" HPOS="409" VPOS="865" WIDTH="86" HEIGHT="25" CONTENT="awful" WC="1.00" CC="00000"/>
						<SP ID="P252_SP00095" HPOS="495" VPOS="891" WIDTH="15"/>
						<String ID="P252_ST00108" HPOS="510" VPOS="865" WIDTH="79" HEIGHT="31" CONTENT="oath," WC="0.83" CC="20051"/>
						<SP ID="P252_SP00096" HPOS="589" VPOS="896" WIDTH="14"/>
						<String ID="P252_ST00109" HPOS="603" VPOS="864" WIDTH="97" HEIGHT="26" CONTENT="which" WC="0.83" CC="03400"/>
						<SP ID="P252_SP00097" HPOS="700" VPOS="896" WIDTH="17"/>
						<String ID="P252_ST00110" HPOS="717" VPOS="864" WIDTH="37" HEIGHT="25" CONTENT="he" WC="0.68" CC="60"/>
						<SP ID="P252_SP00098" HPOS="754" VPOS="896" WIDTH="14"/>
						<String ID="P252_ST00111" HPOS="768" VPOS="864" WIDTH="71" HEIGHT="25" CONTENT="took" WC="0.93" CC="2000"/>
						<SP ID="P252_SP00099" HPOS="839" VPOS="896" WIDTH="20"/>
						<String ID="P252_ST00112" HPOS="859" VPOS="867" WIDTH="30" HEIGHT="22" CONTENT="at" WC="0.50" CC="81"/>
						<SP ID="P252_SP00100" HPOS="889" VPOS="896" WIDTH="21"/>
						<String ID="P252_ST00113" HPOS="910" VPOS="864" WIDTH="70" HEIGHT="25" CONTENT="nine" WC="1.00" CC="0000"/>
						<SP ID="P252_SP00101" HPOS="980" VPOS="896" WIDTH="18"/>
						<String ID="P252_ST00114" HPOS="998" VPOS="872" WIDTH="87" HEIGHT="27" CONTENT="years" WC="1.00" CC="00000"/>
						<SP ID="P252_SP00102" HPOS="1085" VPOS="899" WIDTH="21"/>
						<String ID="P252_ST00115" HPOS="1106" VPOS="863" WIDTH="59" HEIGHT="32" CONTENT="old," WC="0.90" CC="1002"/>
						<SP ID="P252_SP00103" HPOS="1165" VPOS="899" WIDTH="15"/>
						<String ID="P252_ST00116" HPOS="1180" VPOS="863" WIDTH="95" HEIGHT="26" CONTENT="under" WC="0.89" CC="50000"/>
						<SP ID="P252_SP00104" HPOS="1275" VPOS="899" WIDTH="20"/>
						<String ID="P252_ST00117" HPOS="1295" VPOS="863" WIDTH="50" HEIGHT="26" CONTENT="the" WC="0.77" CC="060"/>
						<SP ID="P252_SP00105" HPOS="1345" VPOS="899" WIDTH="21"/>
						<String ID="P252_ST00118" HPOS="1366" VPOS="862" WIDTH="144" HEIGHT="27" CONTENT="direction" WC="0.95" CC="000000400"/>
					</TextLine>
					<TextLine ID="P252_TL00014" HPOS="356" VPOS="912" WIDTH="1154" HEIGHT="35">
						<String ID="P252_ST00119" HPOS="356" VPOS="913" WIDTH="31" HEIGHT="26" CONTENT="of" WC="1.00" CC="00"/>
						<SP ID="P252_SP00106" HPOS="387" VPOS="939" WIDTH="11"/>
						<String ID="P252_ST00120" HPOS="398" VPOS="914" WIDTH="44" HEIGHT="25" CONTENT="his" WC="0.75" CC="420"/>
						<SP ID="P252_SP00107" HPOS="442" VPOS="939" WIDTH="15"/>
						<String ID="P252_ST00121" HPOS="457" VPOS="913" WIDTH="103" HEIGHT="26" CONTENT="father." WC="0.91" CC="0001040"/>
						<SP ID="P252_SP00108" HPOS="560" VPOS="939" WIDTH="40"/>
						<String ID="P252_ST00122" HPOS="600" VPOS="913" WIDTH="146" HEIGHT="26" CONTENT="Whether" WC="0.83" CC="0600500"/>
						<SP ID="P252_SP00109" HPOS="746" VPOS="939" WIDTH="13"/>
						<String ID="P252_ST00123" HPOS="759" VPOS="912" WIDTH="23" HEIGHT="27" CONTENT="it" WC="0.58" CC="08"/>
						<SP ID="P252_SP00110" HPOS="782" VPOS="939" WIDTH="13"/>
						<String ID="P252_ST00124" HPOS="795" VPOS="922" WIDTH="61" HEIGHT="17" CONTENT="was" WC="1.00" CC="000"/>
						<SP ID="P252_SP00111" HPOS="856" VPOS="939" WIDTH="12"/>
						<String ID="P252_ST00125" HPOS="868" VPOS="912" WIDTH="148" HEIGHT="35" CONTENT="judicious" WC="0.94" CC="020200000"/>
						<SP ID="P252_SP00112" HPOS="1016" VPOS="947" WIDTH="15"/>
						<String ID="P252_ST00126" HPOS="1031" VPOS="912" WIDTH="33" HEIGHT="27" CONTENT="of" WC="1.00" CC="00"/>
						<SP ID="P252_SP00113" HPOS="1064" VPOS="947" WIDTH="14"/>
						<String ID="P252_ST00127" HPOS="1078" VPOS="922" WIDTH="17" HEIGHT="17" CONTENT="a" WC="1.00" CC="0"/>
						<SP ID="P252_SP00114" HPOS="1095" VPOS="947" WIDTH="15"/>
						<String ID="P252_ST00128" HPOS="1110" VPOS="917" WIDTH="106" HEIGHT="30" CONTENT="parent" WC="0.84" CC="090000"/>
						<SP ID="P252_SP00115" HPOS="1216" VPOS="947" WIDTH="21"/>
						<String ID="P252_ST00129" HPOS="1237" VPOS="917" WIDTH="30" HEIGHT="22" CONTENT="to" WC="1.00" CC="00"/>
						<SP ID="P252_SP00116" HPOS="1267" VPOS="947" WIDTH="20"/>
						<String ID="P252_ST00130" HPOS="1287" VPOS="913" WIDTH="88" HEIGHT="26" CONTENT="teach" WC="0.76" CC="00407"/>
						<SP ID="P252_SP00117" HPOS="1375" VPOS="947" WIDTH="20"/>
						<String ID="P252_ST00131" HPOS="1395" VPOS="912" WIDTH="46" HEIGHT="27" CONTENT="his" WC="0.75" CC="420"/>
						<SP ID="P252_SP00118" HPOS="1441" VPOS="947" WIDTH="16"/>
						<String ID="P252_ST00132" HPOS="1457" VPOS="921" WIDTH="53" HEIGHT="18" CONTENT="son" WC="1.00" CC="000"/>
					</TextLine>
					<TextLine ID="P252_TL00015" HPOS="355" VPOS="961" WIDTH="1155" HEIGHT="36">
						<String ID="P252_ST00133" HPOS="355" VPOS="968" WIDTH="31" HEIGHT="22" CONTENT="to" WC="1.00" CC="00"/>
						<SP ID="P252_SP00119" HPOS="386" VPOS="990" WIDTH="15"/>
						<String ID="P252_ST00134" HPOS="401" VPOS="972" WIDTH="101" HEIGHT="23" CONTENT="swear," WC="0.80" CC="000740"/>
						<SP ID="P252_SP00120" HPOS="502" VPOS="995" WIDTH="15"/>
						<String ID="P252_ST00135" HPOS="517" VPOS="963" WIDTH="24" HEIGHT="26" CONTENT="is" WC="0.79" CC="40"/>
						<SP ID="P252_SP00121" HPOS="541" VPOS="995" WIDTH="15"/>
						<String ID="P252_ST00136" HPOS="556" VPOS="972" WIDTH="17" HEIGHT="17" CONTENT="a" WC="1.00" CC="0"/>
						<SP ID="P252_SP00122" HPOS="573" VPOS="995" WIDTH="14"/>
						<String ID="P252_ST00137" HPOS="587" VPOS="962" WIDTH="136" HEIGHT="35" CONTENT="question" WC="0.99" CC="00000000"/>
						<SP ID="P252_SP00123" HPOS="723" VPOS="997" WIDTH="17"/>
						<String ID="P252_ST00138" HPOS="740" VPOS="961" WIDTH="45" HEIGHT="28" CONTENT="for" WC="0.93" CC="100"/>
						<SP ID="P252_SP00124" HPOS="785" VPOS="997" WIDTH="16"/>
						<String ID="P252_ST00139" HPOS="801" VPOS="962" WIDTH="50" HEIGHT="27" CONTENT="the" WC="0.76" CC="060"/>
						<SP ID="P252_SP00125" HPOS="851" VPOS="997" WIDTH="21"/>
						<String ID="P252_ST00140" HPOS="872" VPOS="962" WIDTH="133" HEIGHT="27" CONTENT="moralist" WC="0.82" CC="00091300"/>
						<String ID="P252_ST00141" HPOS="1016" VPOS="973" WIDTH="5" HEIGHT="21" CONTENT=";" WC="0.42" CC="5"/>
						<SP ID="P252_SP00126" HPOS="1021" VPOS="997" WIDTH="23"/>
						<String ID="P252_ST00142" HPOS="1044" VPOS="964" WIDTH="52" HEIGHT="25" CONTENT="but" WC="1.00" CC="000"/>
						<SP ID="P252_SP00127" HPOS="1096" VPOS="997" WIDTH="14"/>
						<String ID="P252_ST00143" HPOS="1110" VPOS="963" WIDTH="134" HEIGHT="26" CONTENT="whether" WC="0.85" CC="0600300"/>
						<SP ID="P252_SP00128" HPOS="1244" VPOS="997" WIDTH="15"/>
						<String ID="P252_ST00144" HPOS="1259" VPOS="972" WIDTH="16" HEIGHT="17" CONTENT="a" WC="1.00" CC="0"/>
						<SP ID="P252_SP00129" HPOS="1275" VPOS="997" WIDTH="15"/>
						<String ID="P252_ST00145" HPOS="1290" VPOS="962" WIDTH="79" HEIGHT="27" CONTENT="child" WC="0.88" CC="06000"/>
						<SP ID="P252_SP00130" HPOS="1369" VPOS="997" WIDTH="22"/>
						<String ID="P252_ST00146" HPOS="1391" VPOS="962" WIDTH="34" HEIGHT="27" CONTENT="of" WC="1.00" CC="00"/>
						<SP ID="P252_SP00131" HPOS="1425" VPOS="997" WIDTH="15"/>
						<String ID="P252_ST00147" HPOS="1440" VPOS="962" WIDTH="70" HEIGHT="27" CONTENT="nine" WC="0.60" CC="5450"/>
					</TextLine>
					<TextLine ID="P252_TL00016" HPOS="357" VPOS="1012" WIDTH="1152" HEIGHT="35">
						<String ID="P252_ST00148" HPOS="357" VPOS="1013" WIDTH="85" HEIGHT="25" CONTENT="could" WC="0.88" CC="00500"/>
						<SP ID="P252_SP00132" HPOS="442" VPOS="1038" WIDTH="19"/>
						<String ID="P252_ST00149" HPOS="461" VPOS="1013" WIDTH="76" HEIGHT="25" CONTENT="have" WC="0.82" CC="7000"/>
						<SP ID="P252_SP00133" HPOS="537" VPOS="1038" WIDTH="21"/>
						<String ID="P252_ST00150" HPOS="558" VPOS="1012" WIDTH="178" HEIGHT="26" CONTENT="understood" WC="0.95" CC="0100002000"/>
						<SP ID="P252_SP00134" HPOS="736" VPOS="1038" WIDTH="21"/>
						<String ID="P252_ST00151" HPOS="757" VPOS="1012" WIDTH="50" HEIGHT="26" CONTENT="the" WC="0.77" CC="060"/>
						<SP ID="P252_SP00135" HPOS="807" VPOS="1038" WIDTH="21"/>
						<String ID="P252_ST00152" HPOS="828" VPOS="1016" WIDTH="104" HEIGHT="22" CONTENT="nature" WC="0.84" CC="503000"/>
						<SP ID="P252_SP00136" HPOS="932" VPOS="1038" WIDTH="18"/>
						<String ID="P252_ST00153" HPOS="950" VPOS="1012" WIDTH="33" HEIGHT="26" CONTENT="of" WC="0.74" CC="05"/>
						<SP ID="P252_SP00137" HPOS="983" VPOS="1038" WIDTH="16"/>
						<String ID="P252_ST00154" HPOS="999" VPOS="1021" WIDTH="38" HEIGHT="17" CONTENT="an" WC="0.80" CC="03"/>
						<SP ID="P252_SP00138" HPOS="1037" VPOS="1038" WIDTH="19"/>
						<String ID="P252_ST00155" HPOS="1056" VPOS="1013" WIDTH="80" HEIGHT="32" CONTENT="oath," WC="0.87" CC="00060"/>
						<SP ID="P252_SP00139" HPOS="1136" VPOS="1045" WIDTH="18"/>
						<String ID="P252_ST00156" HPOS="1154" VPOS="1012" WIDTH="26" HEIGHT="26" CONTENT="is" WC="0.98" CC="00"/>
						<SP ID="P252_SP00140" HPOS="1180" VPOS="1045" WIDTH="18"/>
						<String ID="P252_ST00157" HPOS="1198" VPOS="1012" WIDTH="120" HEIGHT="35" CONTENT="usually" WC="0.84" CC="3050010"/>
						<SP ID="P252_SP00141" HPOS="1318" VPOS="1047" WIDTH="18"/>
						<String ID="P252_ST00158" HPOS="1336" VPOS="1021" WIDTH="17" HEIGHT="17" CONTENT="a" WC="1.00" CC="0"/>
						<SP ID="P252_SP00142" HPOS="1353" VPOS="1047" WIDTH="19"/>
						<String ID="P252_ST00159" HPOS="1372" VPOS="1012" WIDTH="137" HEIGHT="34" CONTENT="question" WC="0.90" CC="01000400"/>
					</TextLine>
					<TextLine ID="P252_TL00017" HPOS="356" VPOS="1061" WIDTH="1152" HEIGHT="36">
						<String ID="P252_ST00160" HPOS="356" VPOS="1061" WIDTH="44" HEIGHT="27" CONTENT="for" WC="0.81" CC="005"/>
						<SP ID="P252_SP00143" HPOS="400" VPOS="1088" WIDTH="14"/>
						<String ID="P252_ST00161" HPOS="414" VPOS="1071" WIDTH="17" HEIGHT="17" CONTENT="a" WC="1.00" CC="0"/>
						<SP ID="P252_SP00144" HPOS="431" VPOS="1088" WIDTH="11"/>
						<String ID="P252_ST00162" HPOS="442" VPOS="1062" WIDTH="91" HEIGHT="34" CONTENT="judge" WC="0.85" CC="16000"/>
						<SP ID="P252_SP00145" HPOS="533" VPOS="1096" WIDTH="11"/>
						<String ID="P252_ST00163" HPOS="544" VPOS="1072" WIDTH="5" HEIGHT="21" CONTENT=";" WC="0.71" CC="2"/>
						<SP ID="P252_SP00146" HPOS="549" VPOS="1096" WIDTH="23"/>
						<String ID="P252_ST00164" HPOS="572" VPOS="1063" WIDTH="57" HEIGHT="25" CONTENT="and" WC="0.81" CC="050"/>
						<SP ID="P252_SP00147" HPOS="629" VPOS="1096" WIDTH="22"/>
						<String ID="P252_ST00165" HPOS="651" VPOS="1071" WIDTH="58" HEIGHT="25" CONTENT="any" WC="0.56" CC="750"/>
						<SP ID="P252_SP00148" HPOS="709" VPOS="1096" WIDTH="14"/>
						<String ID="P252_ST00166" HPOS="723" VPOS="1061" WIDTH="169" HEIGHT="35" CONTENT="intelligent" WC="0.80" CC="03000030059"/>
						<SP ID="P252_SP00149" HPOS="892" VPOS="1096" WIDTH="20"/>
						<String ID="P252_ST00167" HPOS="912" VPOS="1062" WIDTH="104" HEIGHT="26" CONTENT="reader" WC="0.80" CC="000605"/>
						<SP ID="P252_SP00150" HPOS="1016" VPOS="1096" WIDTH="20"/>
						<String ID="P252_ST00168" HPOS="1036" VPOS="1072" WIDTH="69" HEIGHT="25" CONTENT="may" WC="1.00" CC="000"/>
						<SP ID="P252_SP00151" HPOS="1105" VPOS="1097" WIDTH="15"/>
						<String ID="P252_ST00169" HPOS="1120" VPOS="1061" WIDTH="95" HEIGHT="36" CONTENT="safely" WC="0.95" CC="200000"/>
						<SP ID="P252_SP00152" HPOS="1215" VPOS="1097" WIDTH="15"/>
						<String ID="P252_ST00170" HPOS="1230" VPOS="1066" WIDTH="47" HEIGHT="22" CONTENT="act" WC="0.69" CC="009"/>
						<SP ID="P252_SP00153" HPOS="1277" VPOS="1097" WIDTH="17"/>
						<String ID="P252_ST00171" HPOS="1294" VPOS="1071" WIDTH="32" HEIGHT="17" CONTENT="as" WC="1.00" CC="00"/>
						<SP ID="P252_SP00154" HPOS="1326" VPOS="1097" WIDTH="16"/>
						<String ID="P252_ST00172" HPOS="1342" VPOS="1071" WIDTH="17" HEIGHT="17" CONTENT="a" WC="1.00" CC="0"/>
						<SP ID="P252_SP00155" HPOS="1359" VPOS="1097" WIDTH="11"/>
						<String ID="P252_ST00173" HPOS="1370" VPOS="1062" WIDTH="93" HEIGHT="35" CONTENT="judge" WC="0.83" CC="16000"/>
						<SP ID="P252_SP00156" HPOS="1463" VPOS="1097" WIDTH="15"/>
						<String ID="P252_ST00174" HPOS="1478" VPOS="1062" WIDTH="30" HEIGHT="26" CONTENT="in" WC="0.88" CC="20"/>
					</TextLine>
					<TextLine ID="P252_TL00018" HPOS="355" VPOS="1111" WIDTH="355" HEIGHT="26">
						<String ID="P252_ST00175" HPOS="355" VPOS="1112" WIDTH="50" HEIGHT="25" CONTENT="the" WC="0.76" CC="520"/>
						<SP ID="P252_SP00157" HPOS="405" VPOS="1137" WIDTH="15"/>
						<String ID="P252_ST00176" HPOS="420" VPOS="1115" WIDTH="106" HEIGHT="22" CONTENT="matter" WC="1.00" CC="000000"/>
						<SP ID="P252_SP00158" HPOS="526" VPOS="1137" WIDTH="14"/>
						<String ID="P252_ST00177" HPOS="540" VPOS="1111" WIDTH="117" HEIGHT="26" CONTENT="alluded" WC="0.78" CC="9203000"/>
						<SP ID="P252_SP00159" HPOS="657" VPOS="1137" WIDTH="15"/>
						<String ID="P252_ST00178" HPOS="672" VPOS="1116" WIDTH="38" HEIGHT="21" CONTENT="to." WC="1.00" CC="000"/>
					</TextLine>
				</TextBlock>
				<TextBlock ID="P252_TB00006" HPOS="350" VPOS="1193" WIDTH="1157" HEIGHT="576" STYLEREFS="TXT_2 PAR_LEFT">
					<TextLine ID="P252_TL00019" HPOS="410" VPOS="1193" WIDTH="1097" HEIGHT="35">
						<String ID="P252_ST00179" HPOS="410" VPOS="1194" WIDTH="62" HEIGHT="25" CONTENT="The" WC="1.00" CC="000"/>
						<SP ID="P252_SP00160" HPOS="472" VPOS="1219" WIDTH="14"/>
						<String ID="P252_ST00180" HPOS="486" VPOS="1193" WIDTH="193" HEIGHT="35" CONTENT="biographers" WC="0.96" CC="00000003000"/>
						<SP ID="P252_SP00161" HPOS="679" VPOS="1228" WIDTH="15"/>
						<String ID="P252_ST00181" HPOS="694" VPOS="1193" WIDTH="32" HEIGHT="26" CONTENT="of" WC="0.79" CC="04"/>
						<SP ID="P252_SP00162" HPOS="726" VPOS="1228" WIDTH="16"/>
						<String ID="P252_ST00182" HPOS="742" VPOS="1193" WIDTH="155" HEIGHT="27" CONTENT="Hannibal" WC="0.94" CC="40000000"/>
						<SP ID="P252_SP00163" HPOS="897" VPOS="1228" WIDTH="20"/>
						<String ID="P252_ST00183" HPOS="917" VPOS="1194" WIDTH="77" HEIGHT="27" CONTENT="have" WC="0.85" CC="5000"/>
						<SP ID="P252_SP00164" HPOS="994" VPOS="1228" WIDTH="14"/>
						<String ID="P252_ST00184" HPOS="1008" VPOS="1194" WIDTH="207" HEIGHT="27" CONTENT="endeavoured" WC="0.93" CC="04000002000"/>
						<SP ID="P252_SP00165" HPOS="1215" VPOS="1228" WIDTH="19"/>
						<String ID="P252_ST00185" HPOS="1234" VPOS="1198" WIDTH="30" HEIGHT="22" CONTENT="to" WC="1.00" CC="00"/>
						<SP ID="P252_SP00166" HPOS="1264" VPOS="1228" WIDTH="15"/>
						<String ID="P252_ST00186" HPOS="1279" VPOS="1203" WIDTH="91" HEIGHT="25" CONTENT="prove" WC="1.00" CC="00000"/>
						<SP ID="P252_SP00167" HPOS="1370" VPOS="1228" WIDTH="15"/>
						<String ID="P252_ST00187" HPOS="1385" VPOS="1195" WIDTH="66" HEIGHT="26" CONTENT="that" WC="0.92" CC="0300"/>
						<SP ID="P252_SP00168" HPOS="1451" VPOS="1228" WIDTH="19"/>
						<String ID="P252_ST00188" HPOS="1470" VPOS="1195" WIDTH="37" HEIGHT="26" CONTENT="he" WC="0.64" CC="70"/>
					</TextLine>
					<TextLine ID="P252_TL00020" HPOS="357" VPOS="1243" WIDTH="1150" HEIGHT="37">
						<String ID="P252_ST00189" HPOS="357" VPOS="1251" WIDTH="61" HEIGHT="18" CONTENT="was" WC="1.00" CC="000"/>
						<SP ID="P252_SP00169" HPOS="418" VPOS="1269" WIDTH="14"/>
						<String ID="P252_ST00190" HPOS="432" VPOS="1243" WIDTH="64" HEIGHT="25" CONTENT="that" WC="0.82" CC="0700"/>
						<SP ID="P252_SP00170" HPOS="496" VPOS="1269" WIDTH="13"/>
						<String ID="P252_ST00191" HPOS="509" VPOS="1243" WIDTH="170" HEIGHT="33" CONTENT="precocious" WC="0.94" CC="0000003002"/>
						<SP ID="P252_SP00171" HPOS="679" VPOS="1276" WIDTH="15"/>
						<String ID="P252_ST00192" HPOS="694" VPOS="1243" WIDTH="150" HEIGHT="32" CONTENT="nuisance," WC="0.90" CC="006000002"/>
						<SP ID="P252_SP00172" HPOS="844" VPOS="1276" WIDTH="16"/>
						<String ID="P252_ST00193" HPOS="860" VPOS="1252" WIDTH="38" HEIGHT="17" CONTENT="an" WC="0.95" CC="00"/>
						<SP ID="P252_SP00173" HPOS="898" VPOS="1276" WIDTH="16"/>
						<String ID="P252_ST00194" HPOS="914" VPOS="1243" WIDTH="96" HEIGHT="27" CONTENT="infant" WC="0.78" CC="350030"/>
						<SP ID="P252_SP00174" HPOS="1010" VPOS="1276" WIDTH="20"/>
						<String ID="P252_ST00195" HPOS="1030" VPOS="1243" WIDTH="136" HEIGHT="36" CONTENT="prodigy," WC="0.96" CC="00003000"/>
						<SP ID="P252_SP00175" HPOS="1166" VPOS="1279" WIDTH="16"/>
						<String ID="P252_ST00196" HPOS="1182" VPOS="1244" WIDTH="138" HEIGHT="32" CONTENT="because," WC="0.84" CC="30005004"/>
						<SP ID="P252_SP00176" HPOS="1320" VPOS="1279" WIDTH="16"/>
						<String ID="P252_ST00197" HPOS="1336" VPOS="1248" WIDTH="30" HEIGHT="22" CONTENT="at" WC="0.92" CC="01"/>
						<SP ID="P252_SP00177" HPOS="1366" VPOS="1279" WIDTH="20"/>
						<String ID="P252_ST00198" HPOS="1386" VPOS="1245" WIDTH="50" HEIGHT="25" CONTENT="the" WC="0.82" CC="050"/>
						<SP ID="P252_SP00178" HPOS="1436" VPOS="1279" WIDTH="16"/>
						<String ID="P252_ST00199" HPOS="1452" VPOS="1254" WIDTH="55" HEIGHT="26" CONTENT="age" WC="1.00" CC="000"/>
					</TextLine>
					<TextLine ID="P252_TL00021" HPOS="357" VPOS="1291" WIDTH="1149" HEIGHT="37">
						<String ID="P252_ST00200" HPOS="357" VPOS="1291" WIDTH="33" HEIGHT="26" CONTENT="of" WC="1.00" CC="00"/>
						<SP ID="P252_SP00179" HPOS="390" VPOS="1317" WIDTH="14"/>
						<String ID="P252_ST00201" HPOS="404" VPOS="1292" WIDTH="78" HEIGHT="32" CONTENT="nine," WC="0.90" CC="10004"/>
						<SP ID="P252_SP00180" HPOS="482" VPOS="1324" WIDTH="15"/>
						<String ID="P252_ST00202" HPOS="497" VPOS="1292" WIDTH="37" HEIGHT="25" CONTENT="he" WC="0.82" CC="30"/>
						<SP ID="P252_SP00181" HPOS="534" VPOS="1324" WIDTH="21"/>
						<String ID="P252_ST00203" HPOS="555" VPOS="1292" WIDTH="157" HEIGHT="34" CONTENT="expressed" WC="0.95" CC="000004000"/>
						<SP ID="P252_SP00182" HPOS="712" VPOS="1326" WIDTH="21"/>
						<String ID="P252_ST00204" HPOS="733" VPOS="1301" WIDTH="16" HEIGHT="17" CONTENT="a" WC="1.00" CC="0"/>
						<SP ID="P252_SP00183" HPOS="749" VPOS="1326" WIDTH="19"/>
						<String ID="P252_ST00205" HPOS="768" VPOS="1292" WIDTH="95" HEIGHT="26" CONTENT="desire" WC="0.88" CC="000600"/>
						<SP ID="P252_SP00184" HPOS="863" VPOS="1326" WIDTH="20"/>
						<String ID="P252_ST00206" HPOS="883" VPOS="1296" WIDTH="30" HEIGHT="23" CONTENT="to" WC="1.00" CC="00"/>
						<SP ID="P252_SP00185" HPOS="913" VPOS="1326" WIDTH="21"/>
						<String ID="P252_ST00207" HPOS="934" VPOS="1301" WIDTH="184" HEIGHT="27" CONTENT="accompany" WC="0.96" CC="000000030"/>
						<SP ID="P252_SP00186" HPOS="1118" VPOS="1328" WIDTH="14"/>
						<String ID="P252_ST00208" HPOS="1132" VPOS="1292" WIDTH="47" HEIGHT="27" CONTENT="his" WC="0.63" CC="550"/>
						<SP ID="P252_SP00187" HPOS="1179" VPOS="1328" WIDTH="14"/>
						<String ID="P252_ST00209" HPOS="1193" VPOS="1292" WIDTH="98" HEIGHT="27" CONTENT="father" WC="0.94" CC="000300"/>
						<SP ID="P252_SP00188" HPOS="1291" VPOS="1328" WIDTH="13"/>
						<String ID="P252_ST00210" HPOS="1304" VPOS="1297" WIDTH="30" HEIGHT="22" CONTENT="to" WC="0.89" CC="20"/>
						<SP ID="P252_SP00189" HPOS="1334" VPOS="1328" WIDTH="14"/>
						<String ID="P252_ST00211" HPOS="1348" VPOS="1293" WIDTH="52" HEIGHT="27" CONTENT="the" WC="0.78" CC="060"/>
						<SP ID="P252_SP00190" HPOS="1400" VPOS="1328" WIDTH="13"/>
						<String ID="P252_ST00212" HPOS="1413" VPOS="1303" WIDTH="77" HEIGHT="17" CONTENT="wars" WC="1.00" CC="0000"/>
						<String ID="P252_ST00213" HPOS="1500" VPOS="1305" WIDTH="6" HEIGHT="21" CONTENT=";" WC="0.55" CC="4"/>
					</TextLine>
					<TextLine ID="P252_TL00022" HPOS="357" VPOS="1340" WIDTH="1149" HEIGHT="37">
						<String ID="P252_ST00214" HPOS="357" VPOS="1341" WIDTH="113" HEIGHT="34" CONTENT="though" WC="0.55" CC="060595"/>
						<SP ID="P252_SP00191" HPOS="470" VPOS="1375" WIDTH="14"/>
						<String ID="P252_ST00215" HPOS="484" VPOS="1341" WIDTH="81" HEIGHT="25" CONTENT="there" WC="0.72" CC="45020"/>
						<SP ID="P252_SP00192" HPOS="565" VPOS="1375" WIDTH="15"/>
						<String ID="P252_ST00216" HPOS="580" VPOS="1340" WIDTH="24" HEIGHT="26" CONTENT="is" WC="0.83" CC="30"/>
						<SP ID="P252_SP00193" HPOS="604" VPOS="1375" WIDTH="14"/>
						<String ID="P252_ST00217" HPOS="618" VPOS="1341" WIDTH="131" HEIGHT="34" CONTENT="scarcely" WC="0.92" CC="00010040"/>
						<SP ID="P252_SP00194" HPOS="749" VPOS="1375" WIDTH="14"/>
						<String ID="P252_ST00218" HPOS="763" VPOS="1349" WIDTH="38" HEIGHT="17" CONTENT="an" WC="1.00" CC="00"/>
						<SP ID="P252_SP00195" HPOS="801" VPOS="1375" WIDTH="16"/>
						<String ID="P252_ST00219" HPOS="817" VPOS="1341" WIDTH="94" HEIGHT="27" CONTENT="infant" WC="0.77" CC="030036"/>
						<SP ID="P252_SP00196" HPOS="911" VPOS="1375" WIDTH="15"/>
						<String ID="P252_ST00220" HPOS="926" VPOS="1342" WIDTH="32" HEIGHT="26" CONTENT="of" WC="1.00" CC="00"/>
						<SP ID="P252_SP00197" HPOS="958" VPOS="1375" WIDTH="9"/>
						<String ID="P252_ST00221" HPOS="967" VPOS="1342" WIDTH="86" HEIGHT="26" CONTENT="those" WC="0.93" CC="03000"/>
						<SP ID="P252_SP00198" HPOS="1053" VPOS="1375" WIDTH="14"/>
						<String ID="P252_ST00222" HPOS="1067" VPOS="1342" WIDTH="106" HEIGHT="27" CONTENT="tender" WC="1.00" CC="000000"/>
						<SP ID="P252_SP00199" HPOS="1173" VPOS="1375" WIDTH="13"/>
						<String ID="P252_ST00223" HPOS="1186" VPOS="1351" WIDTH="87" HEIGHT="26" CONTENT="years" WC="1.00" CC="00000"/>
						<SP ID="P252_SP00200" HPOS="1273" VPOS="1377" WIDTH="14"/>
						<String ID="P252_ST00224" HPOS="1287" VPOS="1343" WIDTH="77" HEIGHT="32" CONTENT="who," WC="0.77" CC="0701"/>
						<SP ID="P252_SP00201" HPOS="1364" VPOS="1377" WIDTH="16"/>
						<String ID="P252_ST00225" HPOS="1380" VPOS="1342" WIDTH="25" HEIGHT="27" CONTENT="if" WC="0.84" CC="30"/>
						<SP ID="P252_SP00202" HPOS="1405" VPOS="1377" WIDTH="10"/>
						<String ID="P252_ST00226" HPOS="1415" VPOS="1344" WIDTH="91" HEIGHT="26" CONTENT="asked" WC="0.98" CC="00000"/>
					</TextLine>
					<TextLine ID="P252_TL00023" HPOS="357" VPOS="1390" WIDTH="1150" HEIGHT="36">
						<String ID="P252_ST00227" HPOS="357" VPOS="1390" WIDTH="156" HEIGHT="25" CONTENT='"whether' WC="0.77" CC="40220305"/>
						<SP ID="P252_SP00203" HPOS="513" VPOS="1415" WIDTH="19"/>
						<String ID="P252_ST00228" HPOS="532" VPOS="1390" WIDTH="37" HEIGHT="25" CONTENT="he" WC="0.70" CC="50"/>
						<SP ID="P252_SP00204" HPOS="569" VPOS="1415" WIDTH="20"/>
						<String ID="P252_ST00229" HPOS="589" VPOS="1390" WIDTH="96" HEIGHT="25" CONTENT="would" WC="0.96" CC="00010"/>
						<SP ID="P252_SP00205" HPOS="685" VPOS="1415" WIDTH="24"/>
						<String ID="P252_ST00230" HPOS="709" VPOS="1390" WIDTH="58" HEIGHT="25" CONTENT="like" WC="1.00" CC="0000"/>
						<SP ID="P252_SP00206" HPOS="767" VPOS="1415" WIDTH="23"/>
						<String ID="P252_ST00231" HPOS="790" VPOS="1394" WIDTH="30" HEIGHT="22" CONTENT="to" WC="0.68" CC="60"/>
						<SP ID="P252_SP00207" HPOS="820" VPOS="1416" WIDTH="21"/>
						<String ID="P252_ST00232" HPOS="841" VPOS="1399" WIDTH="38" HEIGHT="26" CONTENT="go" WC="1.00" CC="00"/>
						<SP ID="P252_SP00208" HPOS="879" VPOS="1425" WIDTH="21"/>
						<String ID="P252_ST00233" HPOS="900" VPOS="1391" WIDTH="71" HEIGHT="26" CONTENT="with" WC="0.91" CC="0003"/>
						<SP ID="P252_SP00209" HPOS="971" VPOS="1425" WIDTH="23"/>
						<String ID="P252_ST00234" HPOS="994" VPOS="1392" WIDTH="46" HEIGHT="25" CONTENT="his" WC="0.60" CC="740"/>
						<SP ID="P252_SP00210" HPOS="1040" VPOS="1425" WIDTH="24"/>
						<String ID="P252_ST00235" HPOS="1064" VPOS="1392" WIDTH="108" HEIGHT="34" CONTENT='papa,"' WC="0.94" CC="000003"/>
						<SP ID="P252_SP00211" HPOS="1172" VPOS="1426" WIDTH="22"/>
						<String ID="P252_ST00236" HPOS="1194" VPOS="1392" WIDTH="98" HEIGHT="26" CONTENT="would" WC="0.77" CC="00550"/>
						<SP ID="P252_SP00212" HPOS="1292" VPOS="1426" WIDTH="25"/>
						<String ID="P252_ST00237" HPOS="1317" VPOS="1397" WIDTH="52" HEIGHT="22" CONTENT="not" WC="0.69" CC="009"/>
						<SP ID="P252_SP00213" HPOS="1369" VPOS="1426" WIDTH="23"/>
						<String ID="P252_ST00238" HPOS="1392" VPOS="1402" WIDTH="115" HEIGHT="17" CONTENT="answer" WC="0.98" CC="000001"/>
					</TextLine>
					<TextLine ID="P252_TL00024" HPOS="358" VPOS="1438" WIDTH="1149" HEIGHT="39">
						<String ID="P252_ST00239" HPOS="358" VPOS="1438" WIDTH="104" HEIGHT="35" CONTENT='"yes,"' WC="0.82" CC="400023"/>
						<SP ID="P252_SP00214" HPOS="462" VPOS="1473" WIDTH="24"/>
						<String ID="P252_ST00240" HPOS="486" VPOS="1447" WIDTH="31" HEIGHT="17" CONTENT="as" WC="1.00" CC="00"/>
						<SP ID="P252_SP00215" HPOS="517" VPOS="1473" WIDTH="23"/>
						<String ID="P252_ST00241" HPOS="540" VPOS="1447" WIDTH="17" HEIGHT="17" CONTENT="a" WC="1.00" CC="0"/>
						<SP ID="P252_SP00216" HPOS="557" VPOS="1473" WIDTH="22"/>
						<String ID="P252_ST00242" HPOS="579" VPOS="1443" WIDTH="106" HEIGHT="21" CONTENT="matter" WC="0.85" CC="026000"/>
						<SP ID="P252_SP00217" HPOS="685" VPOS="1473" WIDTH="22"/>
						<String ID="P252_ST00243" HPOS="707" VPOS="1439" WIDTH="32" HEIGHT="25" CONTENT="of" WC="1.00" CC="00"/>
						<SP ID="P252_SP00218" HPOS="739" VPOS="1473" WIDTH="17"/>
						<String ID="P252_ST00244" HPOS="756" VPOS="1448" WIDTH="111" HEIGHT="24" CONTENT="course," WC="0.95" CC="0000003"/>
						<SP ID="P252_SP00219" HPOS="867" VPOS="1473" WIDTH="21"/>
						<String ID="P252_ST00245" HPOS="888" VPOS="1441" WIDTH="124" HEIGHT="26" CONTENT="without" WC="0.84" CC="0307000"/>
						<SP ID="P252_SP00220" HPOS="1012" VPOS="1473" WIDTH="22"/>
						<String ID="P252_ST00246" HPOS="1034" VPOS="1441" WIDTH="115" HEIGHT="35" CONTENT="having" WC="0.88" CC="400200"/>
						<SP ID="P252_SP00221" HPOS="1149" VPOS="1476" WIDTH="21"/>
						<String ID="P252_ST00247" HPOS="1170" VPOS="1441" WIDTH="50" HEIGHT="27" CONTENT="the" WC="0.76" CC="070"/>
						<SP ID="P252_SP00222" HPOS="1220" VPOS="1476" WIDTH="23"/>
						<String ID="P252_ST00248" HPOS="1243" VPOS="1441" WIDTH="139" HEIGHT="36" CONTENT="slightest" WC="0.78" CC="006040007"/>
						<SP ID="P252_SP00223" HPOS="1382" VPOS="1477" WIDTH="22"/>
						<String ID="P252_ST00249" HPOS="1404" VPOS="1443" WIDTH="103" HEIGHT="26" CONTENT="notion" WC="0.92" CC="301000"/>
					</TextLine>
					<TextLine ID="P252_TL00025" HPOS="355" VPOS="1488" WIDTH="1152" HEIGHT="36">
						<String ID="P252_ST00250" HPOS="355" VPOS="1488" WIDTH="97" HEIGHT="25" CONTENT="where" WC="0.88" CC="06000"/>
						<SP ID="P252_SP00224" HPOS="452" VPOS="1513" WIDTH="23"/>
						<String ID="P252_ST00251" HPOS="475" VPOS="1488" WIDTH="35" HEIGHT="25" CONTENT="he" WC="0.70" CC="50"/>
						<SP ID="P252_SP00225" HPOS="510" VPOS="1513" WIDTH="25"/>
						<String ID="P252_ST00252" HPOS="535" VPOS="1488" WIDTH="94" HEIGHT="34" CONTENT="might" WC="0.70" CC="44060"/>
						<SP ID="P252_SP00226" HPOS="629" VPOS="1522" WIDTH="26"/>
						<String ID="P252_ST00253" HPOS="655" VPOS="1489" WIDTH="36" HEIGHT="25" CONTENT="be" WC="1.00" CC="00"/>
						<SP ID="P252_SP00227" HPOS="691" VPOS="1522" WIDTH="24"/>
						<String ID="P252_ST00254" HPOS="715" VPOS="1489" WIDTH="93" HEIGHT="35" CONTENT="going" WC="0.93" CC="00300"/>
						<SP ID="P252_SP00228" HPOS="808" VPOS="1524" WIDTH="26"/>
						<String ID="P252_ST00255" HPOS="834" VPOS="1494" WIDTH="39" HEIGHT="21" CONTENT="to." WC="0.99" CC="000"/>
						<SP ID="P252_SP00229" HPOS="873" VPOS="1524" WIDTH="40"/>
						<String ID="P252_ST00256" HPOS="913" VPOS="1490" WIDTH="110" HEIGHT="34" CONTENT="Young" WC="0.90" CC="50000"/>
						<SP ID="P252_SP00230" HPOS="1023" VPOS="1524" WIDTH="27"/>
						<String ID="P252_ST00257" HPOS="1050" VPOS="1491" WIDTH="158" HEIGHT="26" CONTENT="Hannibal" WC="0.92" CC="30002000"/>
						<SP ID="P252_SP00231" HPOS="1208" VPOS="1524" WIDTH="27"/>
						<String ID="P252_ST00258" HPOS="1235" VPOS="1491" WIDTH="24" HEIGHT="26" CONTENT="is" WC="1.00" CC="00"/>
						<SP ID="P252_SP00232" HPOS="1259" VPOS="1524" WIDTH="25"/>
						<String ID="P252_ST00259" HPOS="1284" VPOS="1491" WIDTH="65" HEIGHT="27" CONTENT="said" WC="1.00" CC="0000"/>
						<SP ID="P252_SP00233" HPOS="1349" VPOS="1524" WIDTH="27"/>
						<String ID="P252_ST00260" HPOS="1376" VPOS="1497" WIDTH="30" HEIGHT="22" CONTENT="to" WC="1.00" CC="00"/>
						<SP ID="P252_SP00234" HPOS="1406" VPOS="1524" WIDTH="24"/>
						<String ID="P252_ST00261" HPOS="1430" VPOS="1493" WIDTH="77" HEIGHT="26" CONTENT="have" WC="0.85" CC="5000"/>
					</TextLine>
					<TextLine ID="P252_TL00026" HPOS="355" VPOS="1536" WIDTH="1151" HEIGHT="40">
						<String ID="P252_ST00262" HPOS="355" VPOS="1536" WIDTH="120" HEIGHT="26" CONTENT="learned" WC="0.98" CC="0000000"/>
						<SP ID="P252_SP00235" HPOS="475" VPOS="1562" WIDTH="20"/>
						<String ID="P252_ST00263" HPOS="495" VPOS="1536" WIDTH="49" HEIGHT="27" CONTENT="the" WC="0.78" CC="230"/>
						<SP ID="P252_SP00236" HPOS="544" VPOS="1563" WIDTH="20"/>
						<String ID="P252_ST00264" HPOS="564" VPOS="1541" WIDTH="44" HEIGHT="22" CONTENT="art" WC="0.68" CC="900"/>
						<SP ID="P252_SP00237" HPOS="608" VPOS="1563" WIDTH="24"/>
						<String ID="P252_ST00265" HPOS="632" VPOS="1537" WIDTH="32" HEIGHT="26" CONTENT="of" WC="0.80" CC="03"/>
						<SP ID="P252_SP00238" HPOS="664" VPOS="1563" WIDTH="16"/>
						<String ID="P252_ST00266" HPOS="680" VPOS="1546" WIDTH="60" HEIGHT="17" CONTENT="war" WC="0.67" CC="900"/>
						<SP ID="P252_SP00239" HPOS="740" VPOS="1563" WIDTH="15"/>
						<String ID="P252_ST00267" HPOS="755" VPOS="1537" WIDTH="29" HEIGHT="26" CONTENT="in" WC="0.96" CC="00"/>
						<SP ID="P252_SP00240" HPOS="784" VPOS="1563" WIDTH="24"/>
						<String ID="P252_ST00268" HPOS="808" VPOS="1538" WIDTH="49" HEIGHT="25" CONTENT="the" WC="0.80" CC="140"/>
						<SP ID="P252_SP00241" HPOS="857" VPOS="1563" WIDTH="25"/>
						<String ID="P252_ST00269" HPOS="882" VPOS="1546" WIDTH="95" HEIGHT="27" CONTENT="camp," WC="0.95" CC="00200"/>
						<SP ID="P252_SP00242" HPOS="977" VPOS="1573" WIDTH="24"/>
						<String ID="P252_ST00270" HPOS="1001" VPOS="1541" WIDTH="59" HEIGHT="25" CONTENT="and" WC="1.00" CC="000"/>
						<SP ID="P252_SP00243" HPOS="1060" VPOS="1573" WIDTH="23"/>
						<String ID="P252_ST00271" HPOS="1083" VPOS="1545" WIDTH="30" HEIGHT="21" CONTENT="to" WC="1.00" CC="00"/>
						<SP ID="P252_SP00244" HPOS="1113" VPOS="1573" WIDTH="24"/>
						<String ID="P252_ST00272" HPOS="1137" VPOS="1541" WIDTH="77" HEIGHT="26" CONTENT="have" WC="0.85" CC="6000"/>
						<SP ID="P252_SP00245" HPOS="1214" VPOS="1573" WIDTH="23"/>
						<String ID="P252_ST00273" HPOS="1237" VPOS="1550" WIDTH="79" HEIGHT="26" CONTENT="gone" WC="0.93" CC="0020"/>
						<SP ID="P252_SP00246" HPOS="1316" VPOS="1576" WIDTH="24"/>
						<String ID="P252_ST00274" HPOS="1340" VPOS="1542" WIDTH="62" HEIGHT="26" CONTENT="into" WC="0.92" CC="3000"/>
						<SP ID="P252_SP00247" HPOS="1402" VPOS="1576" WIDTH="25"/>
						<String ID="P252_ST00275" HPOS="1427" VPOS="1552" WIDTH="79" HEIGHT="17" CONTENT="arms" WC="0.92" CC="0300"/>
					</TextLine>
					<TextLine ID="P252_TL00027" HPOS="354" VPOS="1585" WIDTH="1153" HEIGHT="43">
						<String ID="P252_ST00276" HPOS="354" VPOS="1585" WIDTH="98" HEIGHT="26" CONTENT="before" WC="0.91" CC="001030"/>
						<SP ID="P252_SP00248" HPOS="452" VPOS="1611" WIDTH="19"/>
						<String ID="P252_ST00277" HPOS="471" VPOS="1585" WIDTH="37" HEIGHT="27" CONTENT="he" WC="0.75" CC="40"/>
						<SP ID="P252_SP00249" HPOS="508" VPOS="1612" WIDTH="21"/>
						<String ID="P252_ST00278" HPOS="529" VPOS="1586" WIDTH="85" HEIGHT="26" CONTENT="could" WC="1.00" CC="00000"/>
						<SP ID="P252_SP00250" HPOS="614" VPOS="1612" WIDTH="23"/>
						<String ID="P252_ST00279" HPOS="637" VPOS="1587" WIDTH="37" HEIGHT="26" CONTENT="be" WC="1.00" CC="00"/>
						<SP ID="P252_SP00251" HPOS="674" VPOS="1613" WIDTH="20"/>
						<String ID="P252_ST00280" HPOS="694" VPOS="1587" WIDTH="173" HEIGHT="26" CONTENT="considered" WC="1.00" CC="0000000000"/>
						<SP ID="P252_SP00252" HPOS="867" VPOS="1613" WIDTH="22"/>
						<String ID="P252_ST00281" HPOS="889" VPOS="1587" WIDTH="88" HEIGHT="37" CONTENT="fairly" WC="0.88" CC="002400"/>
						<SP ID="P252_SP00253" HPOS="977" VPOS="1624" WIDTH="20"/>
						<String ID="P252_ST00282" HPOS="997" VPOS="1594" WIDTH="50" HEIGHT="21" CONTENT="out" WC="1.00" CC="000"/>
						<SP ID="P252_SP00254" HPOS="1047" VPOS="1624" WIDTH="24"/>
						<String ID="P252_ST00283" HPOS="1071" VPOS="1589" WIDTH="32" HEIGHT="26" CONTENT="of" WC="1.00" CC="00"/>
						<SP ID="P252_SP00255" HPOS="1103" VPOS="1624" WIDTH="20"/>
						<String ID="P252_ST00284" HPOS="1123" VPOS="1591" WIDTH="91" HEIGHT="25" CONTENT="them." WC="0.89" CC="03001"/>
						<SP ID="P252_SP00256" HPOS="1214" VPOS="1624" WIDTH="40"/>
						<String ID="P252_ST00285" HPOS="1254" VPOS="1591" WIDTH="108" HEIGHT="27" CONTENT="Before" WC="0.84" CC="500030"/>
						<SP ID="P252_SP00257" HPOS="1362" VPOS="1624" WIDTH="23"/>
						<String ID="P252_ST00286" HPOS="1385" VPOS="1592" WIDTH="122" HEIGHT="36" CONTENT="leaving" WC="0.97" CC="0000010"/>
					</TextLine>
					<TextLine ID="P252_TL00028" HPOS="354" VPOS="1635" WIDTH="1152" HEIGHT="39">
						<String ID="P252_ST00287" HPOS="354" VPOS="1635" WIDTH="156" HEIGHT="35" CONTENT="Carthage," WC="0.90" CC="000060000"/>
						<SP ID="P252_SP00258" HPOS="510" VPOS="1670" WIDTH="27"/>
						<String ID="P252_ST00288" HPOS="537" VPOS="1635" WIDTH="46" HEIGHT="26" CONTENT="his" WC="0.60" CC="560"/>
						<SP ID="P252_SP00259" HPOS="583" VPOS="1670" WIDTH="32"/>
						<String ID="P252_ST00289" HPOS="615" VPOS="1635" WIDTH="95" HEIGHT="27" CONTENT="father" WC="0.86" CC="000502"/>
						<SP ID="P252_SP00260" HPOS="710" VPOS="1670" WIDTH="26"/>
						<String ID="P252_ST00290" HPOS="736" VPOS="1637" WIDTH="212" HEIGHT="27" CONTENT="administered" WC="0.86" CC="000206050200"/>
						<SP ID="P252_SP00261" HPOS="948" VPOS="1670" WIDTH="29"/>
						<String ID="P252_ST00291" HPOS="977" VPOS="1644" WIDTH="30" HEIGHT="21" CONTENT="to" WC="1.00" CC="00"/>
						<SP ID="P252_SP00262" HPOS="1007" VPOS="1670" WIDTH="30"/>
						<String ID="P252_ST00292" HPOS="1037" VPOS="1639" WIDTH="61" HEIGHT="26" CONTENT="him" WC="0.62" CC="650"/>
						<SP ID="P252_SP00263" HPOS="1098" VPOS="1670" WIDTH="32"/>
						<String ID="P252_ST00293" HPOS="1130" VPOS="1648" WIDTH="17" HEIGHT="17" CONTENT="a" WC="1.00" CC="0"/>
						<SP ID="P252_SP00264" HPOS="1147" VPOS="1670" WIDTH="27"/>
						<String ID="P252_ST00294" HPOS="1174" VPOS="1640" WIDTH="135" HEIGHT="27" CONTENT="soldier's" WC="0.91" CC="000000240"/>
						<SP ID="P252_SP00265" HPOS="1309" VPOS="1670" WIDTH="27"/>
						<String ID="P252_ST00295" HPOS="1336" VPOS="1642" WIDTH="80" HEIGHT="32" CONTENT="oath," WC="0.78" CC="00162"/>
						<SP ID="P252_SP00266" HPOS="1416" VPOS="1674" WIDTH="31"/>
						<String ID="P252_ST00296" HPOS="1447" VPOS="1644" WIDTH="59" HEIGHT="25" CONTENT="and" WC="0.83" CC="040"/>
					</TextLine>
					<TextLine ID="P252_TL00029" HPOS="353" VPOS="1684" WIDTH="1152" HEIGHT="37">
						<String ID="P252_ST00297" HPOS="353" VPOS="1684" WIDTH="50" HEIGHT="26" CONTENT="the" WC="0.73" CC="160"/>
						<SP ID="P252_SP00267" HPOS="403" VPOS="1710" WIDTH="34"/>
						<String ID="P252_ST00298" HPOS="437" VPOS="1684" WIDTH="60" HEIGHT="35" CONTENT="boy" WC="0.83" CC="400"/>
						<SP ID="P252_SP00268" HPOS="497" VPOS="1719" WIDTH="32"/>
						<String ID="P252_ST00299" HPOS="529" VPOS="1693" WIDTH="91" HEIGHT="18" CONTENT="swore" WC="0.85" CC="07000"/>
						<SP ID="P252_SP00269" HPOS="620" VPOS="1719" WIDTH="26"/>
						<String ID="P252_ST00300" HPOS="646" VPOS="1685" WIDTH="59" HEIGHT="27" CONTENT="like" WC="0.87" CC="0310"/>
						<SP ID="P252_SP00270" HPOS="705" VPOS="1719" WIDTH="27"/>
						<String ID="P252_ST00301" HPOS="732" VPOS="1695" WIDTH="17" HEIGHT="17" CONTENT="a" WC="1.00" CC="0"/>
						<SP ID="P252_SP00271" HPOS="749" VPOS="1719" WIDTH="26"/>
						<String ID="P252_ST00302" HPOS="775" VPOS="1690" WIDTH="118" HEIGHT="31" CONTENT="trooper" WC="0.88" CC="0200004"/>
						<SP ID="P252_SP00272" HPOS="893" VPOS="1721" WIDTH="32"/>
						<String ID="P252_ST00303" HPOS="925" VPOS="1688" WIDTH="64" HEIGHT="26" CONTENT="that" WC="0.52" CC="3708"/>
						<SP ID="P252_SP00273" HPOS="989" VPOS="1721" WIDTH="33"/>
						<String ID="P252_ST00304" HPOS="1022" VPOS="1689" WIDTH="38" HEIGHT="26" CONTENT="he" WC="0.69" CC="60"/>
						<SP ID="P252_SP00274" HPOS="1060" VPOS="1721" WIDTH="22"/>
						<String ID="P252_ST00305" HPOS="1082" VPOS="1690" WIDTH="99" HEIGHT="25" CONTENT="would" WC="1.00" CC="00000"/>
						<SP ID="P252_SP00275" HPOS="1181" VPOS="1721" WIDTH="35"/>
						<String ID="P252_ST00306" HPOS="1216" VPOS="1690" WIDTH="37" HEIGHT="27" CONTENT="be" WC="1.00" CC="00"/>
						<SP ID="P252_SP00276" HPOS="1253" VPOS="1721" WIDTH="36"/>
						<String ID="P252_ST00307" HPOS="1289" VPOS="1690" WIDTH="125" HEIGHT="28" CONTENT="Rome's" WC="0.93" CC="000040"/>
						<SP ID="P252_SP00277" HPOS="1414" VPOS="1721" WIDTH="37"/>
						<String ID="P252_ST00308" HPOS="1451" VPOS="1692" WIDTH="54" HEIGHT="26" CONTENT="im" SUBS_TYPE="HypPart1" SUBS_CONTENT="implacable" WC="0.86" CC="400"/>
						<HYP CONTENT="-"/>
					</TextLine>
					<TextLine ID="P252_TL00030" HPOS="351" VPOS="1734" WIDTH="266" HEIGHT="35">
						<String ID="P252_ST00309" HPOS="351" VPOS="1734" WIDTH="135" HEIGHT="33" CONTENT="placable" SUBS_TYPE="HypPart2" SUBS_CONTENT="implacable" WC="0.93" CC="00000130"/>
						<SP ID="P252_SP00278" HPOS="486" VPOS="1767" WIDTH="17"/>
						<String ID="P252_ST00310" HPOS="503" VPOS="1743" WIDTH="114" HEIGHT="26" CONTENT="enemy." WC="0.98" CC="010000"/>
					</TextLine>
				</TextBlock>
				<TextBlock ID="P252_TB00007" HPOS="346" VPOS="1816" WIDTH="1160" HEIGHT="390" STYLEREFS="TXT_2 PAR_LEFT">
					<TextLine ID="P252_TL00031" HPOS="408" VPOS="1816" WIDTH="1096" HEIGHT="45">
						<String ID="P252_ST00311" HPOS="408" VPOS="1816" WIDTH="47" HEIGHT="26" CONTENT="On" WC="0.58" CC="34"/>
						<SP ID="P252_SP00279" HPOS="455" VPOS="1842" WIDTH="14"/>
						<String ID="P252_ST00312" HPOS="469" VPOS="1817" WIDTH="177" HEIGHT="35" CONTENT="succeeding" WC="0.97" CC="0200000000"/>
						<SP ID="P252_SP00280" HPOS="646" VPOS="1852" WIDTH="13"/>
						<String ID="P252_ST00313" HPOS="659" VPOS="1822" WIDTH="30" HEIGHT="22" CONTENT="to" WC="1.00" CC="00"/>
						<SP ID="P252_SP00281" HPOS="689" VPOS="1852" WIDTH="14"/>
						<String ID="P252_ST00314" HPOS="703" VPOS="1818" WIDTH="49" HEIGHT="27" CONTENT="the" WC="0.74" CC="240"/>
						<SP ID="P252_SP00282" HPOS="752" VPOS="1852" WIDTH="15"/>
						<String ID="P252_ST00315" HPOS="767" VPOS="1822" WIDTH="158" HEIGHT="25" CONTENT="command" WC="0.92" CC="0000230"/>
						<SP ID="P252_SP00283" HPOS="925" VPOS="1852" WIDTH="15"/>
						<String ID="P252_ST00316" HPOS="940" VPOS="1822" WIDTH="29" HEIGHT="26" CONTENT="in" WC="1.00" CC="00"/>
						<SP ID="P252_SP00284" HPOS="969" VPOS="1852" WIDTH="16"/>
						<String ID="P252_ST00317" HPOS="985" VPOS="1822" WIDTH="104" HEIGHT="35" CONTENT="Spain," WC="0.85" CC="000530"/>
						<SP ID="P252_SP00285" HPOS="1089" VPOS="1857" WIDTH="15"/>
						<String ID="P252_ST00318" HPOS="1104" VPOS="1824" WIDTH="38" HEIGHT="26" CONTENT="he" WC="0.71" CC="50"/>
						<SP ID="P252_SP00286" HPOS="1142" VPOS="1857" WIDTH="11"/>
						<String ID="P252_ST00319" HPOS="1153" VPOS="1833" WIDTH="62" HEIGHT="17" CONTENT="was" WC="1.00" CC="000"/>
						<SP ID="P252_SP00287" HPOS="1215" VPOS="1857" WIDTH="15"/>
						<String ID="P252_ST00320" HPOS="1230" VPOS="1826" WIDTH="174" HEIGHT="35" CONTENT="twenty-six" WC="0.84" CC="1004002006"/>
						<SP ID="P252_SP00288" HPOS="1404" VPOS="1861" WIDTH="13"/>
						<String ID="P252_ST00321" HPOS="1417" VPOS="1835" WIDTH="87" HEIGHT="26" CONTENT="years" WC="1.00" CC="00000"/>
					</TextLine>
					<TextLine ID="P252_TL00032" HPOS="352" VPOS="1866" WIDTH="1151" HEIGHT="43">
						<String ID="P252_ST00322" HPOS="352" VPOS="1866" WIDTH="84" HEIGHT="25" CONTENT="old—" WC="0.84" CC="0600"/>
						<String ID="P252_ST00323" HPOS="439" VPOS="1874" WIDTH="16" HEIGHT="17" CONTENT="a" WC="1.00" CC="0"/>
						<SP ID="P252_SP00289" HPOS="455" VPOS="1891" WIDTH="15"/>
						<String ID="P252_ST00324" HPOS="470" VPOS="1866" WIDTH="88" HEIGHT="34" CONTENT="proof" WC="0.96" CC="02000"/>
						<SP ID="P252_SP00290" HPOS="558" VPOS="1900" WIDTH="16"/>
						<String ID="P252_ST00325" HPOS="574" VPOS="1867" WIDTH="63" HEIGHT="27" CONTENT="that" WC="0.82" CC="0105"/>
						<SP ID="P252_SP00291" HPOS="637" VPOS="1900" WIDTH="20"/>
						<String ID="P252_ST00326" HPOS="657" VPOS="1868" WIDTH="168" HEIGHT="33" CONTENT="promotion" WC="0.92" CC="040000200"/>
						<SP ID="P252_SP00292" HPOS="825" VPOS="1901" WIDTH="20"/>
						<String ID="P252_ST00327" HPOS="845" VPOS="1870" WIDTH="60" HEIGHT="26" CONTENT="had" WC="0.78" CC="600"/>
						<SP ID="P252_SP00293" HPOS="905" VPOS="1901" WIDTH="20"/>
						<String ID="P252_ST00328" HPOS="925" VPOS="1872" WIDTH="76" HEIGHT="27" CONTENT="been" WC="1.00" CC="0000"/>
						<SP ID="P252_SP00294" HPOS="1001" VPOS="1901" WIDTH="15"/>
						<String ID="P252_ST00329" HPOS="1016" VPOS="1882" WIDTH="72" HEIGHT="27" CONTENT="very" WC="0.94" CC="0020"/>
						<SP ID="P252_SP00295" HPOS="1088" VPOS="1909" WIDTH="14"/>
						<String ID="P252_ST00330" HPOS="1102" VPOS="1873" WIDTH="85" HEIGHT="35" CONTENT="rapid" WC="1.00" CC="00000"/>
						<SP ID="P252_SP00296" HPOS="1187" VPOS="1909" WIDTH="22"/>
						<String ID="P252_ST00331" HPOS="1209" VPOS="1874" WIDTH="29" HEIGHT="26" CONTENT="in" WC="1.00" CC="00"/>
						<SP ID="P252_SP00297" HPOS="1238" VPOS="1909" WIDTH="21"/>
						<String ID="P252_ST00332" HPOS="1259" VPOS="1875" WIDTH="47" HEIGHT="25" CONTENT="his" WC="0.75" CC="420"/>
						<SP ID="P252_SP00298" HPOS="1306" VPOS="1909" WIDTH="21"/>
						<String ID="P252_ST00333" HPOS="1327" VPOS="1883" WIDTH="69" HEIGHT="18" CONTENT="case" WC="1.00" CC="0000"/>
						<String ID="P252_ST00334" HPOS="1406" VPOS="1886" WIDTH="5" HEIGHT="20" CONTENT=";" WC="1.00" CC="0"/>
						<SP ID="P252_SP00299" HPOS="1411" VPOS="1909" WIDTH="24"/>
						<String ID="P252_ST00335" HPOS="1435" VPOS="1877" WIDTH="68" HEIGHT="32" CONTENT="and," WC="0.77" CC="0503"/>
					</TextLine>
					<TextLine ID="P252_TL00033" HPOS="350" VPOS="1915" WIDTH="1154" HEIGHT="43">
						<String ID="P252_ST00336" HPOS="350" VPOS="1915" WIDTH="144" HEIGHT="34" CONTENT="although" WC="0.82" CC="00052007"/>
						<SP ID="P252_SP00300" HPOS="494" VPOS="1949" WIDTH="21"/>
						<String ID="P252_ST00337" HPOS="515" VPOS="1916" WIDTH="86" HEIGHT="27" CONTENT="merit" WC="0.87" CC="60000"/>
						<SP ID="P252_SP00301" HPOS="601" VPOS="1949" WIDTH="21"/>
						<String ID="P252_ST00338" HPOS="622" VPOS="1926" WIDTH="68" HEIGHT="26" CONTENT="may" WC="1.00" CC="000"/>
						<SP ID="P252_SP00302" HPOS="690" VPOS="1952" WIDTH="13"/>
						<String ID="P252_ST00339" HPOS="703" VPOS="1918" WIDTH="77" HEIGHT="26" CONTENT="have" WC="0.85" CC="5000"/>
						<SP ID="P252_SP00303" HPOS="780" VPOS="1952" WIDTH="20"/>
						<String ID="P252_ST00340" HPOS="800" VPOS="1920" WIDTH="59" HEIGHT="26" CONTENT="had" WC="0.87" CC="300"/>
						<SP ID="P252_SP00304" HPOS="859" VPOS="1952" WIDTH="22"/>
						<String ID="P252_ST00341" HPOS="881" VPOS="1922" WIDTH="172" HEIGHT="36" CONTENT="something" WC="0.92" CC="000006000"/>
						<SP ID="P252_SP00305" HPOS="1053" VPOS="1958" WIDTH="19"/>
						<String ID="P252_ST00342" HPOS="1072" VPOS="1928" WIDTH="31" HEIGHT="21" CONTENT="to" WC="1.00" CC="00"/>
						<SP ID="P252_SP00306" HPOS="1103" VPOS="1958" WIDTH="21"/>
						<String ID="P252_ST00343" HPOS="1124" VPOS="1924" WIDTH="38" HEIGHT="25" CONTENT="do" WC="1.00" CC="00"/>
						<SP ID="P252_SP00307" HPOS="1162" VPOS="1958" WIDTH="14"/>
						<String ID="P252_ST00344" HPOS="1176" VPOS="1924" WIDTH="72" HEIGHT="25" CONTENT="with" WC="0.89" CC="0004"/>
						<SP ID="P252_SP00308" HPOS="1248" VPOS="1958" WIDTH="20"/>
						<String ID="P252_ST00345" HPOS="1268" VPOS="1925" WIDTH="46" HEIGHT="25" CONTENT="his" WC="0.86" CC="400"/>
						<SP ID="P252_SP00309" HPOS="1314" VPOS="1958" WIDTH="22"/>
						<String ID="P252_ST00346" HPOS="1336" VPOS="1925" WIDTH="66" HEIGHT="32" CONTENT="rise," WC="0.96" CC="10000"/>
						<SP ID="P252_SP00310" HPOS="1402" VPOS="1958" WIDTH="19"/>
						<String ID="P252_ST00347" HPOS="1421" VPOS="1926" WIDTH="83" HEIGHT="27" CONTENT="there" WC="0.89" CC="05000"/>
					</TextLine>
					<TextLine ID="P252_TL00034" HPOS="350" VPOS="1965" WIDTH="1154" HEIGHT="46">
						<String ID="P252_ST00348" HPOS="350" VPOS="1973" WIDTH="54" HEIGHT="17" CONTENT="can" WC="0.78" CC="006"/>
						<SP ID="P252_SP00311" HPOS="404" VPOS="1990" WIDTH="21"/>
						<String ID="P252_ST00349" HPOS="425" VPOS="1966" WIDTH="37" HEIGHT="25" CONTENT="be" WC="0.86" CC="20"/>
						<SP ID="P252_SP00312" HPOS="462" VPOS="1991" WIDTH="20"/>
						<String ID="P252_ST00350" HPOS="482" VPOS="1965" WIDTH="76" HEIGHT="27" CONTENT="little" WC="0.88" CC="004020"/>
						<SP ID="P252_SP00313" HPOS="558" VPOS="1992" WIDTH="20"/>
						<String ID="P252_ST00351" HPOS="578" VPOS="1966" WIDTH="91" HEIGHT="27" CONTENT="doubt" WC="1.00" CC="00000"/>
						<SP ID="P252_SP00314" HPOS="669" VPOS="1993" WIDTH="21"/>
						<String ID="P252_ST00352" HPOS="690" VPOS="1968" WIDTH="65" HEIGHT="26" CONTENT="that" WC="0.85" CC="0500"/>
						<SP ID="P252_SP00315" HPOS="755" VPOS="1994" WIDTH="22"/>
						<String ID="P252_ST00353" HPOS="777" VPOS="1969" WIDTH="37" HEIGHT="26" CONTENT="he" WC="0.79" CC="40"/>
						<SP ID="P252_SP00316" HPOS="814" VPOS="1995" WIDTH="22"/>
						<String ID="P252_ST00354" HPOS="836" VPOS="1972" WIDTH="83" HEIGHT="25" CONTENT="owed" WC="1.00" CC="0000"/>
						<SP ID="P252_SP00317" HPOS="919" VPOS="1997" WIDTH="22"/>
						<String ID="P252_ST00355" HPOS="941" VPOS="1973" WIDTH="87" HEIGHT="26" CONTENT="much" WC="0.87" CC="0103"/>
						<SP ID="P252_SP00318" HPOS="1028" VPOS="1999" WIDTH="22"/>
						<String ID="P252_ST00356" HPOS="1050" VPOS="1978" WIDTH="31" HEIGHT="21" CONTENT="to" WC="1.00" CC="00"/>
						<SP ID="P252_SP00319" HPOS="1081" VPOS="1999" WIDTH="21"/>
						<String ID="P252_ST00357" HPOS="1102" VPOS="1974" WIDTH="132" HEIGHT="28" CONTENT="interest." WC="0.99" CC="100000000"/>
						<SP ID="P252_SP00320" HPOS="1234" VPOS="2002" WIDTH="40"/>
						<String ID="P252_ST00358" HPOS="1274" VPOS="1975" WIDTH="160" HEIGHT="36" CONTENT="Adopting" WC="0.95" CC="00000040"/>
						<SP ID="P252_SP00321" HPOS="1434" VPOS="2011" WIDTH="19"/>
						<String ID="P252_ST00359" HPOS="1453" VPOS="1977" WIDTH="51" HEIGHT="27" CONTENT="the" WC="0.58" CC="145"/>
					</TextLine>
					<TextLine ID="P252_TL00035" HPOS="348" VPOS="2014" WIDTH="1155" HEIGHT="46">
						<String ID="P252_ST00360" HPOS="348" VPOS="2014" WIDTH="99" HEIGHT="35" CONTENT="policy" WC="0.90" CC="000500"/>
						<SP ID="P252_SP00322" HPOS="447" VPOS="2049" WIDTH="13"/>
						<String ID="P252_ST00361" HPOS="460" VPOS="2015" WIDTH="33" HEIGHT="26" CONTENT="of" WC="1.00" CC="00"/>
						<SP ID="P252_SP00323" HPOS="493" VPOS="2049" WIDTH="15"/>
						<String ID="P252_ST00362" HPOS="508" VPOS="2016" WIDTH="46" HEIGHT="26" CONTENT="his" WC="0.84" CC="400"/>
						<SP ID="P252_SP00324" HPOS="554" VPOS="2049" WIDTH="16"/>
						<String ID="P252_ST00363" HPOS="570" VPOS="2016" WIDTH="199" HEIGHT="34" CONTENT="predecessor," WC="0.98" CC="000000000001"/>
						<SP ID="P252_SP00325" HPOS="769" VPOS="2050" WIDTH="16"/>
						<String ID="P252_ST00364" HPOS="785" VPOS="2019" WIDTH="37" HEIGHT="26" CONTENT="he" WC="0.94" CC="10"/>
						<SP ID="P252_SP00326" HPOS="822" VPOS="2050" WIDTH="19"/>
						<String ID="P252_ST00365" HPOS="841" VPOS="2023" WIDTH="165" HEIGHT="33" CONTENT="attempted" WC="0.92" CC="141000000"/>
						<SP ID="P252_SP00327" HPOS="1006" VPOS="2056" WIDTH="21"/>
						<String ID="P252_ST00366" HPOS="1027" VPOS="2027" WIDTH="30" HEIGHT="22" CONTENT="to" WC="0.97" CC="00"/>
						<SP ID="P252_SP00328" HPOS="1057" VPOS="2056" WIDTH="20"/>
						<String ID="P252_ST00367" HPOS="1077" VPOS="2032" WIDTH="130" HEIGHT="28" CONTENT="engrave" WC="0.94" CC="0400000"/>
						<SP ID="P252_SP00329" HPOS="1207" VPOS="2060" WIDTH="18"/>
						<String ID="P252_ST00368" HPOS="1225" VPOS="2026" WIDTH="47" HEIGHT="26" CONTENT="his" WC="0.80" CC="500"/>
						<SP ID="P252_SP00330" HPOS="1272" VPOS="2060" WIDTH="21"/>
						<String ID="P252_ST00369" HPOS="1293" VPOS="2035" WIDTH="88" HEIGHT="18" CONTENT="name" WC="0.98" CC="0000"/>
						<SP ID="P252_SP00331" HPOS="1381" VPOS="2060" WIDTH="21"/>
						<String ID="P252_ST00370" HPOS="1402" VPOS="2027" WIDTH="31" HEIGHT="26" CONTENT="in" WC="1.00" CC="00"/>
						<SP ID="P252_SP00332" HPOS="1433" VPOS="2060" WIDTH="20"/>
						<String ID="P252_ST00371" HPOS="1453" VPOS="2028" WIDTH="50" HEIGHT="26" CONTENT="the" WC="0.73" CC="160"/>
					</TextLine>
					<TextLine ID="P252_TL00036" HPOS="348" VPOS="2064" WIDTH="1155" HEIGHT="50">
						<String ID="P252_ST00372" HPOS="348" VPOS="2064" WIDTH="99" HEIGHT="27" CONTENT="hearts" WC="0.89" CC="600000"/>
						<SP ID="P252_SP00333" HPOS="447" VPOS="2091" WIDTH="15"/>
						<String ID="P252_ST00373" HPOS="462" VPOS="2065" WIDTH="33" HEIGHT="26" CONTENT="of" WC="1.00" CC="00"/>
						<SP ID="P252_SP00334" HPOS="495" VPOS="2091" WIDTH="13"/>
						<String ID="P252_ST00374" HPOS="508" VPOS="2065" WIDTH="50" HEIGHT="27" CONTENT="the" WC="0.82" CC="050"/>
						<SP ID="P252_SP00335" HPOS="558" VPOS="2092" WIDTH="15"/>
						<String ID="P252_ST00375" HPOS="573" VPOS="2065" WIDTH="164" HEIGHT="36" CONTENT="Spaniards" WC="0.99" CC="000000100"/>
						<SP ID="P252_SP00336" HPOS="737" VPOS="2101" WIDTH="15"/>
						<String ID="P252_ST00376" HPOS="752" VPOS="2069" WIDTH="41" HEIGHT="35" CONTENT="by" WC="1.00" CC="00"/>
						<SP ID="P252_SP00337" HPOS="793" VPOS="2104" WIDTH="13"/>
						<String ID="P252_ST00377" HPOS="806" VPOS="2070" WIDTH="50" HEIGHT="26" CONTENT="the" WC="0.82" CC="050"/>
						<SP ID="P252_SP00338" HPOS="856" VPOS="2104" WIDTH="15"/>
						<String ID="P252_ST00378" HPOS="871" VPOS="2079" WIDTH="117" HEIGHT="29" CONTENT="agency" WC="0.94" CC="000300"/>
						<SP ID="P252_SP00339" HPOS="988" VPOS="2108" WIDTH="14"/>
						<String ID="P252_ST00379" HPOS="1002" VPOS="2073" WIDTH="32" HEIGHT="26" CONTENT="of" WC="1.00" CC="00"/>
						<SP ID="P252_SP00340" HPOS="1034" VPOS="2108" WIDTH="16"/>
						<String ID="P252_ST00380" HPOS="1050" VPOS="2075" WIDTH="50" HEIGHT="26" CONTENT="the" WC="0.73" CC="520"/>
						<SP ID="P252_SP00341" HPOS="1100" VPOS="2108" WIDTH="15"/>
						<String ID="P252_ST00381" HPOS="1115" VPOS="2076" WIDTH="96" HEIGHT="26" CONTENT="sword" WC="1.00" CC="00000"/>
						<String ID="P252_ST00382" HPOS="1222" VPOS="2087" WIDTH="5" HEIGHT="21" CONTENT=";" WC="1.00" CC="0"/>
						<SP ID="P252_SP00342" HPOS="1227" VPOS="2108" WIDTH="24"/>
						<String ID="P252_ST00383" HPOS="1251" VPOS="2078" WIDTH="58" HEIGHT="25" CONTENT="and" WC="0.96" CC="010"/>
						<SP ID="P252_SP00343" HPOS="1309" VPOS="2108" WIDTH="22"/>
						<String ID="P252_ST00384" HPOS="1331" VPOS="2077" WIDTH="37" HEIGHT="27" CONTENT="he" WC="0.71" CC="50"/>
						<SP ID="P252_SP00344" HPOS="1368" VPOS="2108" WIDTH="15"/>
						<String ID="P252_ST00385" HPOS="1383" VPOS="2087" WIDTH="69" HEIGHT="27" CONTENT="may" WC="1.00" CC="000"/>
						<SP ID="P252_SP00345" HPOS="1452" VPOS="2114" WIDTH="15"/>
						<String ID="P252_ST00386" HPOS="1467" VPOS="2079" WIDTH="36" HEIGHT="25" CONTENT="be" WC="1.00" CC="00"/>
					</TextLine>
					<TextLine ID="P252_TL00037" HPOS="348" VPOS="2114" WIDTH="1155" HEIGHT="49">
						<String ID="P252_ST00387" HPOS="348" VPOS="2114" WIDTH="64" HEIGHT="26" CONTENT="said" WC="0.88" CC="0040"/>
						<SP ID="P252_SP00346" HPOS="412" VPOS="2140" WIDTH="20"/>
						<String ID="P252_ST00388" HPOS="432" VPOS="2119" WIDTH="30" HEIGHT="22" CONTENT="to" WC="0.83" CC="30"/>
						<SP ID="P252_SP00347" HPOS="462" VPOS="2141" WIDTH="20"/>
						<String ID="P252_ST00389" HPOS="482" VPOS="2115" WIDTH="76" HEIGHT="27" CONTENT="have" WC="0.89" CC="4000"/>
						<SP ID="P252_SP00348" HPOS="558" VPOS="2142" WIDTH="20"/>
						<String ID="P252_ST00390" HPOS="578" VPOS="2115" WIDTH="129" HEIGHT="38" CONTENT="literally" WC="0.86" CC="007000040"/>
						<SP ID="P252_SP00349" HPOS="707" VPOS="2153" WIDTH="20"/>
						<String ID="P252_ST00391" HPOS="727" VPOS="2119" WIDTH="96" HEIGHT="27" CONTENT="thrust" WC="0.69" CC="052604"/>
						<SP ID="P252_SP00350" HPOS="823" VPOS="2153" WIDTH="21"/>
						<String ID="P252_ST00392" HPOS="844" VPOS="2121" WIDTH="123" HEIGHT="27" CONTENT="himself" WC="0.84" CC="7030000"/>
						<SP ID="P252_SP00351" HPOS="967" VPOS="2153" WIDTH="17"/>
						<String ID="P252_ST00393" HPOS="984" VPOS="2132" WIDTH="81" HEIGHT="26" CONTENT="upon" WC="0.63" CC="5045"/>
						<SP ID="P252_SP00352" HPOS="1065" VPOS="2158" WIDTH="21"/>
						<String ID="P252_ST00394" HPOS="1086" VPOS="2125" WIDTH="90" HEIGHT="33" CONTENT="them," WC="0.69" CC="73003"/>
						<SP ID="P252_SP00353" HPOS="1176" VPOS="2158" WIDTH="22"/>
						<String ID="P252_ST00395" HPOS="1198" VPOS="2126" WIDTH="116" HEIGHT="35" CONTENT="though" WC="0.79" CC="330005"/>
						<SP ID="P252_SP00354" HPOS="1314" VPOS="2161" WIDTH="21"/>
						<String ID="P252_ST00396" HPOS="1335" VPOS="2127" WIDTH="73" HEIGHT="36" CONTENT="they" WC="0.72" CC="5500"/>
						<SP ID="P252_SP00355" HPOS="1408" VPOS="2163" WIDTH="18"/>
						<String ID="P252_ST00397" HPOS="1426" VPOS="2137" WIDTH="77" HEIGHT="18" CONTENT="were" WC="1.00" CC="0000"/>
					</TextLine>
					<TextLine ID="P252_TL00038" HPOS="347" VPOS="2164" WIDTH="1159" HEIGHT="42">
						<String ID="P252_ST00398" HPOS="347" VPOS="2164" WIDTH="78" HEIGHT="27" CONTENT="often" WC="0.90" CC="40000"/>
						<SP ID="P252_SP00356" HPOS="425" VPOS="2191" WIDTH="15"/>
						<String ID="P252_ST00399" HPOS="440" VPOS="2165" WIDTH="90" HEIGHT="27" CONTENT="bored" WC="0.93" CC="00300"/>
						<SP ID="P252_SP00357" HPOS="530" VPOS="2192" WIDTH="15"/>
						<String ID="P252_ST00400" HPOS="545" VPOS="2170" WIDTH="29" HEIGHT="22" CONTENT="to" WC="0.94" CC="10"/>
						<SP ID="P252_SP00358" HPOS="574" VPOS="2192" WIDTH="16"/>
						<String ID="P252_ST00401" HPOS="590" VPOS="2167" WIDTH="89" HEIGHT="26" CONTENT="death" WC="0.76" CC="00083"/>
						<SP ID="P252_SP00359" HPOS="679" VPOS="2193" WIDTH="14"/>
						<String ID="P252_ST00402" HPOS="693" VPOS="2169" WIDTH="41" HEIGHT="34" CONTENT="by" WC="1.00" CC="00"/>
						<SP ID="P252_SP00360" HPOS="734" VPOS="2203" WIDTH="13"/>
						<String ID="P252_ST00403" HPOS="747" VPOS="2169" WIDTH="46" HEIGHT="27" CONTENT="his" WC="0.85" CC="400"/>
						<SP ID="P252_SP00361" HPOS="793" VPOS="2203" WIDTH="15"/>
						<String ID="P252_ST00404" HPOS="808" VPOS="2175" WIDTH="49" HEIGHT="22" CONTENT="too" WC="1.00" CC="000"/>
						<SP ID="P252_SP00362" HPOS="857" VPOS="2203" WIDTH="15"/>
						<String ID="P252_ST00405" HPOS="872" VPOS="2171" WIDTH="122" HEIGHT="35" CONTENT="pointed" WC="0.80" CC="0040900"/>
						<SP ID="P252_SP00363" HPOS="994" VPOS="2206" WIDTH="16"/>
						<String ID="P252_ST00406" HPOS="1010" VPOS="2176" WIDTH="172" HEIGHT="27" CONTENT="attentions." WC="0.98" CC="00000010000"/>
						<SP ID="P252_SP00364" HPOS="1182" VPOS="2206" WIDTH="40"/>
						<String ID="P252_ST00407" HPOS="1222" VPOS="2176" WIDTH="53" HEIGHT="27" CONTENT="All" WC="0.80" CC="023"/>
						<SP ID="P252_SP00365" HPOS="1275" VPOS="2206" WIDTH="21"/>
						<String ID="P252_ST00408" HPOS="1296" VPOS="2177" WIDTH="50" HEIGHT="27" CONTENT="the" WC="0.80" CC="050"/>
						<SP ID="P252_SP00366" HPOS="1346" VPOS="2206" WIDTH="17"/>
						<String ID="P252_ST00409" HPOS="1363" VPOS="2177" WIDTH="96" HEIGHT="28" CONTENT="South" WC="0.77" CC="00406"/>
						<SP ID="P252_SP00367" HPOS="1459" VPOS="2206" WIDTH="15"/>
						<String ID="P252_ST00410" HPOS="1474" VPOS="2179" WIDTH="32" HEIGHT="26" CONTENT="of" WC="1.00" CC="00"/>
					</TextLine>
				</TextBlock>
			</PrintSpace>
		</Page>
	</Layout>
</alto>
