<?xml version="1.0" encoding="UTF-8"?>
<alto xmlns:xsi="http://www.w3.org/2001/XMLSchema-instance" xsi:noNamespaceSchemaLocation="http://www.bl.uk/schemas/alto/alto-1-4.xsd" xmlns:xlink="http://www.w3.org/1999/xlink">
	<Description>
		<MeasurementUnit>mm10</MeasurementUnit>
		<sourceImageInformation>
			<fileName>//head1/IN/2008-39/A0012093469/009140.jp2</fileName>
		</sourceImageInformation>
		<OCRProcessing ID="OCRPROCESSING_1">
			<preProcessingStep>
				<processingSoftware>
					<softwareCreator>CCS Content Conversion Specialists GmbH, Germany</softwareCreator>
					<softwareName>CCS docWORKS</softwareName>
					<softwareVersion>6.1-0.67</softwareVersion>
				</processingSoftware>
			</preProcessingStep>
			<ocrProcessingStep>
				<processingSoftware>
					<softwareCreator>ABBYY (BIT Software), Russia</softwareCreator>
					<softwareName>Finereader</softwareName>
				</processingSoftware>
			</ocrProcessingStep>
		</OCRProcessing>
	</Description>
	<Styles>
		<TextStyle ID="TXT_0" FONTSIZE="11" FONTFAMILY="Courier New"/>
		<TextStyle ID="TXT_1" FONTSIZE="10" FONTFAMILY="Courier New"/>
		<TextStyle ID="TXT_2" FONTSIZE="9" FONTFAMILY="Courier New"/>
		<ParagraphStyle ID="PAR_RIGHT" ALIGN="Right"/>
		<ParagraphStyle ID="PAR_LEFT" ALIGN="Left"/>
	</Styles>
	<Layout>
		<Page ID="P284" PHYSICAL_IMG_NR="284" HEIGHT="2518" WIDTH="1698" PRINTED_IMG_NR="249" POSITION="Left" ACCURACY="85.72">
			<TopMargin ID="P284_TM00001" HPOS="0" VPOS="0" WIDTH="1698" HEIGHT="318">
				<TextBlock ID="P284_TB00001" HPOS="580" VPOS="259" WIDTH="634" HEIGHT="59" STYLEREFS="TXT_0 PAR_RIGHT">
					<TextLine ID="P284_TL00001" HPOS="582" VPOS="259" WIDTH="632" HEIGHT="59">
						<String ID="P284_ST00001" HPOS="582" VPOS="259" WIDTH="150" HEIGHT="44" CONTENT="Comic" WC="1.00" CC="00000"/>
						<SP ID="P284_SP00001" HPOS="732" VPOS="303" WIDTH="30"/>
						<String ID="P284_ST00002" HPOS="762" VPOS="259" WIDTH="193" HEIGHT="59" CONTENT="History" WC="0.79" CC="0706000"/>
						<SP ID="P284_SP00002" HPOS="955" VPOS="318" WIDTH="33"/>
						<String ID="P284_ST00003" HPOS="988" VPOS="263" WIDTH="55" HEIGHT="55" CONTENT="of" WC="0.74" CC="50"/>
						<SP ID="P284_SP00003" HPOS="1043" VPOS="318" WIDTH="19"/>
						<String ID="P284_ST00004" HPOS="1062" VPOS="261" WIDTH="152" HEIGHT="44" CONTENT="Rome." WC="0.92" CC="00004"/>
					</TextLine>
				</TextBlock>
				<TextBlock ID="P284_TB00002" HPOS="324" VPOS="277" WIDTH="61" HEIGHT="30" STYLEREFS="TXT_1 PAR_LEFT">
					<TextLine ID="P284_TL00002" HPOS="324" VPOS="277" WIDTH="61" HEIGHT="30">
						<String ID="P284_ST00005" HPOS="324" VPOS="277" WIDTH="61" HEIGHT="30" CONTENT="249" WC="0.98" CC="000"/>
					</TextLine>
				</TextBlock>
				<TextBlock ID="P284_TB00003" HPOS="1309" VPOS="284" WIDTH="172" HEIGHT="23" STYLEREFS="TXT_2 PAR_RIGHT">
					<TextLine ID="P284_TL00003" HPOS="1310" VPOS="284" WIDTH="171" HEIGHT="23">
						<String ID="P284_ST00006" HPOS="1310" VPOS="286" WIDTH="74" HEIGHT="21" CONTENT="[Chap." WC="0.60" CC="009670"/>
						<SP ID="P284_SP00004" HPOS="1384" VPOS="307" WIDTH="14"/>
						<String ID="P284_ST00007" HPOS="1398" VPOS="284" WIDTH="83" HEIGHT="18" CONTENT="XVIII." WC="0.76" CC="004630"/>
					</TextLine>
				</TextBlock>
			</TopMargin>
			<LeftMargin ID="P284_LM00001" HPOS="0" VPOS="309" WIDTH="322" HEIGHT="1889"/>
			<RightMargin ID="P284_RM00001" HPOS="1488" VPOS="309" WIDTH="210" HEIGHT="1889"/>
			<BottomMargin ID="P284_BM00001" HPOS="0" VPOS="2198" WIDTH="1698" HEIGHT="319"/>
			<PrintSpace ID="P284_PS00001" HPOS="322" VPOS="309" WIDTH="1166" HEIGHT="1889">
				<TextBlock ID="P284_TB00004" HPOS="322" VPOS="375" WIDTH="1161" HEIGHT="427" STYLEREFS="TXT_2 PAR_LEFT">
					<TextLine ID="P284_TL00004" HPOS="381" VPOS="376" WIDTH="1102" HEIGHT="36">
						<String ID="P284_ST00008" HPOS="381" VPOS="377" WIDTH="64" HEIGHT="26" CONTENT="The" WC="0.63" CC="460"/>
						<SP ID="P284_SP00005" HPOS="445" VPOS="403" WIDTH="27"/>
						<String ID="P284_ST00009" HPOS="472" VPOS="376" WIDTH="99" HEIGHT="36" CONTENT="lovely" WC="0.79" CC="500060"/>
						<SP ID="P284_SP00006" HPOS="571" VPOS="412" WIDTH="22"/>
						<String ID="P284_ST00010" HPOS="593" VPOS="380" WIDTH="133" HEIGHT="23" CONTENT="creature" WC="0.91" CC="02200200"/>
						<SP ID="P284_SP00007" HPOS="726" VPOS="412" WIDTH="28"/>
						<String ID="P284_ST00011" HPOS="754" VPOS="376" WIDTH="162" HEIGHT="35" CONTENT="admitting" WC="0.83" CC="000400360"/>
						<SP ID="P284_SP00008" HPOS="916" VPOS="412" WIDTH="26"/>
						<String ID="P284_ST00012" HPOS="942" VPOS="377" WIDTH="65" HEIGHT="26" CONTENT="that" WC="0.83" CC="0600"/>
						<SP ID="P284_SP00009" HPOS="1007" VPOS="412" WIDTH="28"/>
						<String ID="P284_ST00013" HPOS="1035" VPOS="377" WIDTH="51" HEIGHT="26" CONTENT="she" WC="0.78" CC="060"/>
						<SP ID="P284_SP00010" HPOS="1086" VPOS="412" WIDTH="27"/>
						<String ID="P284_ST00014" HPOS="1113" VPOS="386" WIDTH="61" HEIGHT="17" CONTENT="was" WC="1.00" CC="000"/>
						<SP ID="P284_SP00011" HPOS="1174" VPOS="412" WIDTH="28"/>
						<String ID="P284_ST00015" HPOS="1202" VPOS="376" WIDTH="196" HEIGHT="35" CONTENT="vanquished," WC="0.73" CC="50404007023"/>
						<SP ID="P284_SP00012" HPOS="1398" VPOS="412" WIDTH="25"/>
						<String ID="P284_ST00016" HPOS="1423" VPOS="376" WIDTH="60" HEIGHT="25" CONTENT="and" WC="0.84" CC="040"/>
					</TextLine>
					<TextLine ID="P284_TL00005" HPOS="324" VPOS="425" WIDTH="1159" HEIGHT="37">
						<String ID="P284_ST00017" HPOS="324" VPOS="426" WIDTH="154" HEIGHT="36" CONTENT="declaring" WC="0.94" CC="000000140"/>
						<SP ID="P284_SP00013" HPOS="478" VPOS="462" WIDTH="23"/>
						<String ID="P284_ST00018" HPOS="501" VPOS="427" WIDTH="64" HEIGHT="26" CONTENT="that" WC="0.83" CC="0600"/>
						<SP ID="P284_SP00014" HPOS="565" VPOS="462" WIDTH="23"/>
						<String ID="P284_ST00019" HPOS="588" VPOS="425" WIDTH="112" HEIGHT="27" CONTENT="further" WC="0.88" CC="0000402"/>
						<SP ID="P284_SP00015" HPOS="700" VPOS="462" WIDTH="21"/>
						<String ID="P284_ST00020" HPOS="721" VPOS="425" WIDTH="172" HEIGHT="34" CONTENT="opposition" WC="0.88" CC="0000003305"/>
						<SP ID="P284_SP00016" HPOS="893" VPOS="462" WIDTH="22"/>
						<String ID="P284_ST00021" HPOS="915" VPOS="426" WIDTH="99" HEIGHT="27" CONTENT="would" WC="0.84" CC="00610"/>
						<SP ID="P284_SP00017" HPOS="1014" VPOS="462" WIDTH="24"/>
						<String ID="P284_ST00022" HPOS="1038" VPOS="427" WIDTH="37" HEIGHT="26" CONTENT="be" WC="1.00" CC="00"/>
						<SP ID="P284_SP00018" HPOS="1075" VPOS="462" WIDTH="23"/>
						<String ID="P284_ST00023" HPOS="1098" VPOS="426" WIDTH="80" HEIGHT="33" CONTENT="vain," WC="0.94" CC="00200"/>
						<SP ID="P284_SP00019" HPOS="1178" VPOS="462" WIDTH="23"/>
						<String ID="P284_ST00024" HPOS="1201" VPOS="426" WIDTH="156" HEIGHT="34" CONTENT="appealed," WC="0.95" CC="000000400"/>
						<SP ID="P284_SP00020" HPOS="1357" VPOS="462" WIDTH="22"/>
						<String ID="P284_ST00025" HPOS="1379" VPOS="425" WIDTH="31" HEIGHT="25" CONTENT="in" WC="0.51" CC="36"/>
						<SP ID="P284_SP00021" HPOS="1410" VPOS="462" WIDTH="23"/>
						<String ID="P284_ST00026" HPOS="1433" VPOS="425" WIDTH="50" HEIGHT="25" CONTENT="the" WC="0.68" CC="063"/>
					</TextLine>
					<TextLine ID="P284_TL00006" HPOS="323" VPOS="475" WIDTH="1159" HEIGHT="37">
						<String ID="P284_ST00027" HPOS="323" VPOS="478" WIDTH="154" HEIGHT="25" CONTENT="character" WC="0.82" CC="060060002"/>
						<SP ID="P284_SP00022" HPOS="477" VPOS="503" WIDTH="19"/>
						<String ID="P284_ST00028" HPOS="496" VPOS="476" WIDTH="33" HEIGHT="27" CONTENT="of" WC="1.00" CC="00"/>
						<SP ID="P284_SP00023" HPOS="529" VPOS="503" WIDTH="19"/>
						<String ID="P284_ST00029" HPOS="548" VPOS="486" WIDTH="38" HEIGHT="17" CONTENT="an" WC="0.81" CC="03"/>
						<SP ID="P284_SP00024" HPOS="586" VPOS="503" WIDTH="21"/>
						<String ID="P284_ST00030" HPOS="607" VPOS="476" WIDTH="193" HEIGHT="34" CONTENT="unprotected" WC="0.98" CC="20000000000"/>
						<SP ID="P284_SP00025" HPOS="800" VPOS="510" WIDTH="21"/>
						<String ID="P284_ST00031" HPOS="821" VPOS="475" WIDTH="116" HEIGHT="33" CONTENT="female," WC="0.84" CC="0007200"/>
						<SP ID="P284_SP00026" HPOS="937" VPOS="510" WIDTH="16"/>
						<String ID="P284_ST00032" HPOS="953" VPOS="481" WIDTH="29" HEIGHT="22" CONTENT="to" WC="1.00" CC="00"/>
						<SP ID="P284_SP00027" HPOS="982" VPOS="510" WIDTH="21"/>
						<String ID="P284_ST00033" HPOS="1003" VPOS="477" WIDTH="50" HEIGHT="26" CONTENT="the" WC="0.87" CC="030"/>
						<SP ID="P284_SP00028" HPOS="1053" VPOS="510" WIDTH="15"/>
						<String ID="P284_ST00034" HPOS="1068" VPOS="477" WIDTH="173" HEIGHT="35" CONTENT="generosity" WC="0.96" CC="0300000000"/>
						<SP ID="P284_SP00029" HPOS="1241" VPOS="512" WIDTH="15"/>
						<String ID="P284_ST00035" HPOS="1256" VPOS="475" WIDTH="33" HEIGHT="28" CONTENT="of" WC="0.96" CC="00"/>
						<SP ID="P284_SP00030" HPOS="1289" VPOS="512" WIDTH="19"/>
						<String ID="P284_ST00036" HPOS="1308" VPOS="475" WIDTH="174" HEIGHT="27" CONTENT="Masinissa." WC="0.79" CC="0620650000"/>
					</TextLine>
					<TextLine ID="P284_TL00007" HPOS="324" VPOS="525" WIDTH="1159" HEIGHT="37">
						<String ID="P284_ST00037" HPOS="324" VPOS="527" WIDTH="187" HEIGHT="35" CONTENT="Expressing" WC="0.86" CC="3005000400"/>
						<SP ID="P284_SP00031" HPOS="511" VPOS="562" WIDTH="19"/>
						<String ID="P284_ST00038" HPOS="530" VPOS="527" WIDTH="50" HEIGHT="25" CONTENT="the" WC="0.80" CC="050"/>
						<SP ID="P284_SP00032" HPOS="580" VPOS="562" WIDTH="20"/>
						<String ID="P284_ST00039" HPOS="600" VPOS="530" WIDTH="111" HEIGHT="22" CONTENT="utmost" WC="0.79" CC="000029"/>
						<SP ID="P284_SP00033" HPOS="711" VPOS="562" WIDTH="21"/>
						<String ID="P284_ST00040" HPOS="732" VPOS="526" WIDTH="103" HEIGHT="26" CONTENT="horror" WC="0.91" CC="500000"/>
						<SP ID="P284_SP00034" HPOS="835" VPOS="562" WIDTH="20"/>
						<String ID="P284_ST00041" HPOS="855" VPOS="530" WIDTH="30" HEIGHT="22" CONTENT="at" WC="0.88" CC="02"/>
						<SP ID="P284_SP00035" HPOS="885" VPOS="562" WIDTH="20"/>
						<String ID="P284_ST00042" HPOS="905" VPOS="526" WIDTH="93" HEIGHT="35" CONTENT="being" WC="0.90" CC="00040"/>
						<SP ID="P284_SP00036" HPOS="998" VPOS="562" WIDTH="20"/>
						<String ID="P284_ST00043" HPOS="1018" VPOS="527" WIDTH="106" HEIGHT="34" CONTENT="placed" WC="0.94" CC="030000"/>
						<SP ID="P284_SP00037" HPOS="1124" VPOS="562" WIDTH="22"/>
						<String ID="P284_ST00044" HPOS="1146" VPOS="536" WIDTH="32" HEIGHT="16" CONTENT="as" WC="1.00" CC="00"/>
						<SP ID="P284_SP00038" HPOS="1178" VPOS="562" WIDTH="22"/>
						<String ID="P284_ST00045" HPOS="1200" VPOS="536" WIDTH="17" HEIGHT="16" CONTENT="a" WC="1.00" CC="0"/>
						<SP ID="P284_SP00039" HPOS="1217" VPOS="562" WIDTH="21"/>
						<String ID="P284_ST00046" HPOS="1238" VPOS="526" WIDTH="118" HEIGHT="34" CONTENT="captive" WC="0.83" CC="0500006"/>
						<SP ID="P284_SP00040" HPOS="1356" VPOS="562" WIDTH="14"/>
						<String ID="P284_ST00047" HPOS="1370" VPOS="525" WIDTH="113" HEIGHT="26" CONTENT="behind" WC="0.89" CC="006000"/>
					</TextLine>
					<TextLine ID="P284_TL00008" HPOS="325" VPOS="575" WIDTH="1158" HEIGHT="36">
						<String ID="P284_ST00048" HPOS="325" VPOS="578" WIDTH="51" HEIGHT="25" CONTENT="the" WC="0.84" CC="040"/>
						<SP ID="P284_SP00041" HPOS="376" VPOS="603" WIDTH="22"/>
						<String ID="P284_ST00049" HPOS="398" VPOS="586" WIDTH="50" HEIGHT="17" CONTENT="car" WC="0.99" CC="000"/>
						<SP ID="P284_SP00042" HPOS="448" VPOS="603" WIDTH="23"/>
						<String ID="P284_ST00050" HPOS="471" VPOS="576" WIDTH="32" HEIGHT="26" CONTENT="of" WC="1.00" CC="00"/>
						<SP ID="P284_SP00043" HPOS="503" VPOS="603" WIDTH="20"/>
						<String ID="P284_ST00051" HPOS="523" VPOS="575" WIDTH="110" HEIGHT="36" CONTENT="Scipio," WC="0.85" CC="0020602"/>
						<SP ID="P284_SP00044" HPOS="633" VPOS="611" WIDTH="25"/>
						<String ID="P284_ST00052" HPOS="658" VPOS="576" WIDTH="52" HEIGHT="26" CONTENT="she" WC="0.76" CC="070"/>
						<SP ID="P284_SP00045" HPOS="710" VPOS="611" WIDTH="21"/>
						<String ID="P284_ST00053" HPOS="731" VPOS="576" WIDTH="154" HEIGHT="26" CONTENT="entreated" WC="1.00" CC="000000000"/>
						<SP ID="P284_SP00046" HPOS="885" VPOS="611" WIDTH="26"/>
						<String ID="P284_ST00054" HPOS="911" VPOS="576" WIDTH="52" HEIGHT="26" CONTENT="the" WC="0.82" CC="050"/>
						<SP ID="P284_SP00047" HPOS="963" VPOS="611" WIDTH="25"/>
						<String ID="P284_ST00055" HPOS="988" VPOS="576" WIDTH="167" HEIGHT="35" CONTENT="protection" WC="0.90" CC="0300000600"/>
						<SP ID="P284_SP00048" HPOS="1155" VPOS="611" WIDTH="28"/>
						<String ID="P284_ST00056" HPOS="1183" VPOS="576" WIDTH="33" HEIGHT="26" CONTENT="of" WC="1.00" CC="00"/>
						<SP ID="P284_SP00049" HPOS="1216" VPOS="611" WIDTH="22"/>
						<String ID="P284_ST00057" HPOS="1238" VPOS="577" WIDTH="53" HEIGHT="25" CONTENT="her" WC="0.66" CC="603"/>
						<SP ID="P284_SP00050" HPOS="1291" VPOS="611" WIDTH="27"/>
						<String ID="P284_ST00058" HPOS="1318" VPOS="575" WIDTH="165" HEIGHT="26" CONTENT="husband's" WC="0.77" CC="670006010"/>
					</TextLine>
					<TextLine ID="P284_TL00009" HPOS="326" VPOS="626" WIDTH="1157" HEIGHT="36">
						<String ID="P284_ST00059" HPOS="326" VPOS="636" WIDTH="177" HEIGHT="26" CONTENT="conqueror;" WC="0.89" CC="0050400000"/>
						<SP ID="P284_SP00051" HPOS="503" VPOS="662" WIDTH="23"/>
						<String ID="P284_ST00060" HPOS="526" VPOS="628" WIDTH="58" HEIGHT="25" CONTENT="and" WC="0.90" CC="002"/>
						<SP ID="P284_SP00052" HPOS="584" VPOS="662" WIDTH="21"/>
						<String ID="P284_ST00061" HPOS="605" VPOS="626" WIDTH="172" HEIGHT="32" CONTENT="Masinissa," WC="0.80" CC="9000060003"/>
						<SP ID="P284_SP00053" HPOS="777" VPOS="662" WIDTH="16"/>
						<String ID="P284_ST00062" HPOS="793" VPOS="630" WIDTH="51" HEIGHT="22" CONTENT="not" WC="0.88" CC="003"/>
						<SP ID="P284_SP00054" HPOS="844" VPOS="662" WIDTH="19"/>
						<String ID="P284_ST00063" HPOS="863" VPOS="626" WIDTH="146" HEIGHT="35" CONTENT="knowing" WC="0.62" CC="9009230"/>
						<SP ID="P284_SP00055" HPOS="1009" VPOS="662" WIDTH="14"/>
						<String ID="P284_ST00064" HPOS="1023" VPOS="627" WIDTH="119" HEIGHT="35" CONTENT="exactly" WC="0.92" CC="0000050"/>
						<SP ID="P284_SP00056" HPOS="1142" VPOS="662" WIDTH="13"/>
						<String ID="P284_ST00065" HPOS="1155" VPOS="627" WIDTH="81" HEIGHT="26" CONTENT="what" WC="0.82" CC="0700"/>
						<SP ID="P284_SP00057" HPOS="1236" VPOS="662" WIDTH="14"/>
						<String ID="P284_ST00066" HPOS="1250" VPOS="630" WIDTH="30" HEIGHT="22" CONTENT="to" WC="0.74" CC="50"/>
						<SP ID="P284_SP00058" HPOS="1280" VPOS="662" WIDTH="16"/>
						<String ID="P284_ST00067" HPOS="1296" VPOS="626" WIDTH="47" HEIGHT="31" CONTENT="do," WC="0.97" CC="000"/>
						<SP ID="P284_SP00059" HPOS="1343" VPOS="662" WIDTH="15"/>
						<String ID="P284_ST00068" HPOS="1358" VPOS="626" WIDTH="125" HEIGHT="35" CONTENT="politely" WC="1.00" CC="00000000"/>
					</TextLine>
					<TextLine ID="P284_TL00010" HPOS="326" VPOS="676" WIDTH="1157" HEIGHT="37">
						<String ID="P284_ST00069" HPOS="326" VPOS="679" WIDTH="108" HEIGHT="25" CONTENT="offered" WC="1.00" CC="0000000"/>
						<SP ID="P284_SP00060" HPOS="434" VPOS="704" WIDTH="22"/>
						<String ID="P284_ST00070" HPOS="456" VPOS="682" WIDTH="29" HEIGHT="22" CONTENT="to" WC="1.00" CC="00"/>
						<SP ID="P284_SP00061" HPOS="485" VPOS="704" WIDTH="21"/>
						<String ID="P284_ST00071" HPOS="506" VPOS="686" WIDTH="99" HEIGHT="27" CONTENT="marry" WC="1.00" CC="00000"/>
						<SP ID="P284_SP00062" HPOS="605" VPOS="713" WIDTH="13"/>
						<String ID="P284_ST00072" HPOS="618" VPOS="678" WIDTH="61" HEIGHT="25" CONTENT="her." WC="0.85" CC="5000"/>
						<SP ID="P284_SP00063" HPOS="679" VPOS="713" WIDTH="41"/>
						<String ID="P284_ST00073" HPOS="720" VPOS="676" WIDTH="61" HEIGHT="26" CONTENT="She" WC="0.81" CC="050"/>
						<SP ID="P284_SP00064" HPOS="781" VPOS="713" WIDTH="23"/>
						<String ID="P284_ST00074" HPOS="804" VPOS="680" WIDTH="29" HEIGHT="22" CONTENT="at" WC="0.51" CC="09"/>
						<SP ID="P284_SP00065" HPOS="833" VPOS="713" WIDTH="21"/>
						<String ID="P284_ST00075" HPOS="854" VPOS="685" WIDTH="73" HEIGHT="17" CONTENT="once" WC="1.00" CC="0000"/>
						<SP ID="P284_SP00066" HPOS="927" VPOS="713" WIDTH="21"/>
						<String ID="P284_ST00076" HPOS="948" VPOS="677" WIDTH="162" HEIGHT="25" CONTENT="consented" WC="1.00" CC="000000000"/>
						<SP ID="P284_SP00067" HPOS="1110" VPOS="713" WIDTH="13"/>
						<String ID="P284_ST00077" HPOS="1123" VPOS="687" WIDTH="6" HEIGHT="20" CONTENT=";" WC="0.90" CC="0"/>
						<SP ID="P284_SP00068" HPOS="1129" VPOS="713" WIDTH="23"/>
						<String ID="P284_ST00078" HPOS="1152" VPOS="677" WIDTH="68" HEIGHT="32" CONTENT="and," WC="0.89" CC="0004"/>
						<SP ID="P284_SP00069" HPOS="1220" VPOS="713" WIDTH="17"/>
						<String ID="P284_ST00079" HPOS="1237" VPOS="676" WIDTH="75" HEIGHT="26" CONTENT="aster" WC="0.67" CC="08800"/>
						<SP ID="P284_SP00070" HPOS="1312" VPOS="713" WIDTH="21"/>
						<String ID="P284_ST00080" HPOS="1333" VPOS="685" WIDTH="17" HEIGHT="17" CONTENT="a" WC="1.00" CC="0"/>
						<SP ID="P284_SP00071" HPOS="1350" VPOS="713" WIDTH="13"/>
						<String ID="P284_ST00081" HPOS="1363" VPOS="676" WIDTH="120" HEIGHT="26" CONTENT="widow" SUBS_TYPE="HypPart1" SUBS_CONTENT="widowhood" WC="0.78" CC="046001"/>
						<HYP CONTENT="-"/>
					</TextLine>
					<TextLine ID="P284_TL00011" HPOS="325" VPOS="726" WIDTH="1155" HEIGHT="35">
						<String ID="P284_ST00082" HPOS="325" VPOS="728" WIDTH="78" HEIGHT="25" CONTENT="hood" SUBS_TYPE="HypPart2" SUBS_CONTENT="widowhood" WC="0.87" CC="5000"/>
						<SP ID="P284_SP00072" HPOS="403" VPOS="753" WIDTH="15"/>
						<String ID="P284_ST00083" HPOS="418" VPOS="727" WIDTH="32" HEIGHT="26" CONTENT="of" WC="1.00" CC="00"/>
						<SP ID="P284_SP00073" HPOS="450" VPOS="753" WIDTH="11"/>
						<String ID="P284_ST00084" HPOS="461" VPOS="735" WIDTH="16" HEIGHT="17" CONTENT="a" WC="1.00" CC="0"/>
						<SP ID="P284_SP00074" HPOS="477" VPOS="753" WIDTH="13"/>
						<String ID="P284_ST00085" HPOS="490" VPOS="727" WIDTH="55" HEIGHT="26" CONTENT="few" WC="0.85" CC="400"/>
						<SP ID="P284_SP00075" HPOS="545" VPOS="753" WIDTH="11"/>
						<String ID="P284_ST00086" HPOS="556" VPOS="727" WIDTH="98" HEIGHT="31" CONTENT="hours," WC="0.83" CC="603000"/>
						<SP ID="P284_SP00076" HPOS="654" VPOS="758" WIDTH="13"/>
						<String ID="P284_ST00087" HPOS="667" VPOS="726" WIDTH="52" HEIGHT="26" CONTENT="she" WC="0.80" CC="050"/>
						<SP ID="P284_SP00077" HPOS="719" VPOS="758" WIDTH="11"/>
						<String ID="P284_ST00088" HPOS="730" VPOS="735" WIDTH="60" HEIGHT="17" CONTENT="was" WC="1.00" CC="000"/>
						<SP ID="P284_SP00078" HPOS="790" VPOS="758" WIDTH="14"/>
						<String ID="P284_ST00089" HPOS="804" VPOS="727" WIDTH="160" HEIGHT="34" CONTENT="presented" WC="0.90" CC="040000400"/>
						<SP ID="P284_SP00079" HPOS="964" VPOS="761" WIDTH="15"/>
						<String ID="P284_ST00090" HPOS="979" VPOS="730" WIDTH="30" HEIGHT="23" CONTENT="to" WC="0.88" CC="20"/>
						<SP ID="P284_SP00080" HPOS="1009" VPOS="761" WIDTH="15"/>
						<String ID="P284_ST00091" HPOS="1024" VPOS="726" WIDTH="119" HEIGHT="33" CONTENT="Lælius," WC="0.96" CC="1000000"/>
						<SP ID="P284_SP00081" HPOS="1143" VPOS="761" WIDTH="13"/>
						<String ID="P284_ST00092" HPOS="1156" VPOS="727" WIDTH="51" HEIGHT="25" CONTENT="the" WC="0.72" CC="025"/>
						<SP ID="P284_SP00082" HPOS="1207" VPOS="761" WIDTH="14"/>
						<String ID="P284_ST00093" HPOS="1221" VPOS="727" WIDTH="122" HEIGHT="25" CONTENT="Roman" WC="0.99" CC="00000"/>
						<SP ID="P284_SP00083" HPOS="1343" VPOS="761" WIDTH="16"/>
						<String ID="P284_ST00094" HPOS="1359" VPOS="726" WIDTH="121" HEIGHT="32" CONTENT="Consul," WC="0.78" CC="3720001"/>
					</TextLine>
					<TextLine ID="P284_TL00012" HPOS="326" VPOS="777" WIDTH="348" HEIGHT="25">
						<String ID="P284_ST00095" HPOS="326" VPOS="777" WIDTH="30" HEIGHT="25" CONTENT="in" WC="0.96" CC="00"/>
						<SP ID="P284_SP00084" HPOS="356" VPOS="802" WIDTH="14"/>
						<String ID="P284_ST00096" HPOS="370" VPOS="778" WIDTH="53" HEIGHT="24" CONTENT="her" WC="0.68" CC="603"/>
						<SP ID="P284_SP00085" HPOS="423" VPOS="802" WIDTH="14"/>
						<String ID="P284_ST00097" HPOS="437" VPOS="786" WIDTH="64" HEIGHT="16" CONTENT="new" WC="1.00" CC="000"/>
						<SP ID="P284_SP00086" HPOS="501" VPOS="802" WIDTH="14"/>
						<String ID="P284_ST00098" HPOS="515" VPOS="778" WIDTH="159" HEIGHT="24" CONTENT="character." WC="0.92" CC="0700000000"/>
					</TextLine>
				</TextBlock>
				<TextBlock ID="P284_TB00005" HPOS="327" VPOS="857" WIDTH="1156" HEIGHT="381" STYLEREFS="TXT_2 PAR_LEFT">
					<TextLine ID="P284_TL00013" HPOS="384" VPOS="857" WIDTH="1099" HEIGHT="37">
						<String ID="P284_ST00099" HPOS="384" VPOS="859" WIDTH="132" HEIGHT="35" CONTENT="Syphax," WC="0.95" CC="0003000"/>
						<SP ID="P284_SP00087" HPOS="516" VPOS="894" WIDTH="17"/>
						<String ID="P284_ST00100" HPOS="533" VPOS="862" WIDTH="52" HEIGHT="22" CONTENT="not" WC="0.76" CC="700"/>
						<SP ID="P284_SP00088" HPOS="585" VPOS="894" WIDTH="19"/>
						<String ID="P284_ST00101" HPOS="604" VPOS="858" WIDTH="92" HEIGHT="36" CONTENT="being" WC="0.91" CC="00400"/>
						<SP ID="P284_SP00089" HPOS="696" VPOS="894" WIDTH="20"/>
						<String ID="P284_ST00102" HPOS="716" VPOS="858" WIDTH="85" HEIGHT="32" CONTENT="dead," WC="0.92" CC="00003"/>
						<SP ID="P284_SP00090" HPOS="801" VPOS="894" WIDTH="14"/>
						<String ID="P284_ST00103" HPOS="815" VPOS="867" WIDTH="62" HEIGHT="17" CONTENT="was" WC="1.00" CC="000"/>
						<SP ID="P284_SP00091" HPOS="877" VPOS="894" WIDTH="21"/>
						<String ID="P284_ST00104" HPOS="898" VPOS="857" WIDTH="33" HEIGHT="27" CONTENT="of" WC="1.00" CC="00"/>
						<SP ID="P284_SP00092" HPOS="931" VPOS="894" WIDTH="19"/>
						<String ID="P284_ST00105" HPOS="950" VPOS="867" WIDTH="103" HEIGHT="17" CONTENT="course" WC="0.94" CC="000300"/>
						<SP ID="P284_SP00093" HPOS="1053" VPOS="894" WIDTH="21"/>
						<String ID="P284_ST00106" HPOS="1074" VPOS="860" WIDTH="100" HEIGHT="24" CONTENT="rather" WC="0.76" CC="000770"/>
						<SP ID="P284_SP00094" HPOS="1174" VPOS="894" WIDTH="17"/>
						<String ID="P284_ST00107" HPOS="1191" VPOS="858" WIDTH="149" HEIGHT="36" CONTENT="painfully" WC="0.83" CC="004004600"/>
						<SP ID="P284_SP00095" HPOS="1340" VPOS="894" WIDTH="15"/>
						<String ID="P284_ST00108" HPOS="1355" VPOS="859" WIDTH="76" HEIGHT="26" CONTENT="alive" WC="0.81" CC="05400"/>
						<SP ID="P284_SP00096" HPOS="1431" VPOS="894" WIDTH="22"/>
						<String ID="P284_ST00109" HPOS="1453" VPOS="864" WIDTH="30" HEIGHT="21" CONTENT="to" WC="1.00" CC="00"/>
					</TextLine>
					<TextLine ID="P284_TL00014" HPOS="328" VPOS="907" WIDTH="1155" HEIGHT="37">
						<String ID="P284_ST00110" HPOS="328" VPOS="910" WIDTH="49" HEIGHT="25" CONTENT="the" WC="0.75" CC="070"/>
						<SP ID="P284_SP00097" HPOS="377" VPOS="935" WIDTH="15"/>
						<String ID="P284_ST00111" HPOS="392" VPOS="910" WIDTH="125" HEIGHT="25" CONTENT="conduct" WC="0.86" CC="0020302"/>
						<SP ID="P284_SP00098" HPOS="517" VPOS="935" WIDTH="14"/>
						<String ID="P284_ST00112" HPOS="531" VPOS="908" WIDTH="32" HEIGHT="26" CONTENT="of" WC="1.00" CC="00"/>
						<SP ID="P284_SP00099" HPOS="563" VPOS="935" WIDTH="9"/>
						<String ID="P284_ST00113" HPOS="572" VPOS="908" WIDTH="47" HEIGHT="26" CONTENT="his" WC="0.61" CC="640"/>
						<SP ID="P284_SP00100" HPOS="619" VPOS="935" WIDTH="14"/>
						<String ID="P284_ST00114" HPOS="633" VPOS="908" WIDTH="74" HEIGHT="32" CONTENT="wife," WC="0.92" CC="04000"/>
						<SP ID="P284_SP00101" HPOS="707" VPOS="940" WIDTH="16"/>
						<String ID="P284_ST00115" HPOS="723" VPOS="908" WIDTH="59" HEIGHT="25" CONTENT="and" WC="1.00" CC="000"/>
						<SP ID="P284_SP00102" HPOS="782" VPOS="940" WIDTH="17"/>
						<String ID="P284_ST00116" HPOS="799" VPOS="907" WIDTH="114" HEIGHT="35" CONTENT="having" WC="0.79" CC="700500"/>
						<SP ID="P284_SP00103" HPOS="913" VPOS="942" WIDTH="20"/>
						<String ID="P284_ST00117" HPOS="933" VPOS="908" WIDTH="105" HEIGHT="25" CONTENT="hinted" WC="0.84" CC="710000"/>
						<SP ID="P284_SP00104" HPOS="1038" VPOS="942" WIDTH="21"/>
						<String ID="P284_ST00118" HPOS="1059" VPOS="912" WIDTH="30" HEIGHT="22" CONTENT="to" WC="0.76" CC="04"/>
						<SP ID="P284_SP00105" HPOS="1089" VPOS="942" WIDTH="23"/>
						<String ID="P284_ST00119" HPOS="1112" VPOS="907" WIDTH="101" HEIGHT="36" CONTENT="Scipio" WC="0.82" CC="004060"/>
						<SP ID="P284_SP00106" HPOS="1213" VPOS="943" WIDTH="22"/>
						<String ID="P284_ST00120" HPOS="1235" VPOS="909" WIDTH="66" HEIGHT="25" CONTENT="that" WC="0.84" CC="0501"/>
						<SP ID="P284_SP00107" HPOS="1301" VPOS="943" WIDTH="18"/>
						<String ID="P284_ST00121" HPOS="1319" VPOS="909" WIDTH="54" HEIGHT="25" CONTENT="she" WC="0.75" CC="070"/>
						<SP ID="P284_SP00108" HPOS="1373" VPOS="943" WIDTH="13"/>
						<String ID="P284_ST00122" HPOS="1386" VPOS="909" WIDTH="97" HEIGHT="35" CONTENT="might" WC="0.80" CC="02070"/>
					</TextLine>
					<TextLine ID="P284_TL00015" HPOS="328" VPOS="957" WIDTH="1155" HEIGHT="37">
						<String ID="P284_ST00123" HPOS="328" VPOS="959" WIDTH="36" HEIGHT="25" CONTENT="be" WC="1.00" CC="00"/>
						<SP ID="P284_SP00109" HPOS="364" VPOS="984" WIDTH="22"/>
						<String ID="P284_ST00124" HPOS="386" VPOS="959" WIDTH="50" HEIGHT="25" CONTENT="the" WC="0.90" CC="030"/>
						<SP ID="P284_SP00110" HPOS="436" VPOS="984" WIDTH="20"/>
						<String ID="P284_ST00125" HPOS="456" VPOS="967" WIDTH="88" HEIGHT="17" CONTENT="cause" WC="1.00" CC="00000"/>
						<SP ID="P284_SP00111" HPOS="544" VPOS="984" WIDTH="20"/>
						<String ID="P284_ST00126" HPOS="564" VPOS="958" WIDTH="32" HEIGHT="26" CONTENT="of" WC="1.00" CC="00"/>
						<SP ID="P284_SP00112" HPOS="596" VPOS="984" WIDTH="17"/>
						<String ID="P284_ST00127" HPOS="613" VPOS="958" WIDTH="111" HEIGHT="25" CONTENT="further" WC="0.82" CC="0230600"/>
						<SP ID="P284_SP00113" HPOS="724" VPOS="984" WIDTH="20"/>
						<String ID="P284_ST00128" HPOS="744" VPOS="957" WIDTH="143" HEIGHT="32" CONTENT="mischief," WC="0.82" CC="060050003"/>
						<SP ID="P284_SP00114" HPOS="887" VPOS="989" WIDTH="17"/>
						<String ID="P284_ST00129" HPOS="904" VPOS="967" WIDTH="36" HEIGHT="16" CONTENT="an" WC="0.67" CC="06"/>
						<SP ID="P284_SP00115" HPOS="940" VPOS="989" WIDTH="24"/>
						<String ID="P284_ST00130" HPOS="964" VPOS="958" WIDTH="86" HEIGHT="25" CONTENT="order" WC="1.00" CC="00000"/>
						<SP ID="P284_SP00116" HPOS="1050" VPOS="989" WIDTH="14"/>
						<String ID="P284_ST00131" HPOS="1064" VPOS="967" WIDTH="60" HEIGHT="16" CONTENT="was" WC="0.73" CC="070"/>
						<SP ID="P284_SP00117" HPOS="1124" VPOS="989" WIDTH="22"/>
						<String ID="P284_ST00132" HPOS="1146" VPOS="958" WIDTH="205" HEIGHT="36" CONTENT="immediately" WC="0.92" CC="00400000040"/>
						<SP ID="P284_SP00118" HPOS="1351" VPOS="994" WIDTH="15"/>
						<String ID="P284_ST00133" HPOS="1366" VPOS="963" WIDTH="66" HEIGHT="22" CONTENT="sent" WC="1.00" CC="0000"/>
						<SP ID="P284_SP00119" HPOS="1432" VPOS="994" WIDTH="21"/>
						<String ID="P284_ST00134" HPOS="1453" VPOS="963" WIDTH="30" HEIGHT="22" CONTENT="to" WC="1.00" CC="00"/>
					</TextLine>
					<TextLine ID="P284_TL00016" HPOS="329" VPOS="1007" WIDTH="1152" HEIGHT="34">
						<String ID="P284_ST00135" HPOS="329" VPOS="1007" WIDTH="160" HEIGHT="26" CONTENT="Masinissa" WC="0.92" CC="000020300"/>
						<SP ID="P284_SP00120" HPOS="489" VPOS="1033" WIDTH="21"/>
						<String ID="P284_ST00136" HPOS="510" VPOS="1011" WIDTH="30" HEIGHT="22" CONTENT="to" WC="1.00" CC="00"/>
						<SP ID="P284_SP00121" HPOS="540" VPOS="1033" WIDTH="21"/>
						<String ID="P284_ST00137" HPOS="561" VPOS="1008" WIDTH="72" HEIGHT="25" CONTENT="send" WC="0.93" CC="0020"/>
						<SP ID="P284_SP00122" HPOS="633" VPOS="1033" WIDTH="22"/>
						<String ID="P284_ST00138" HPOS="655" VPOS="1007" WIDTH="53" HEIGHT="26" CONTENT="her" WC="0.74" CC="502"/>
						<SP ID="P284_SP00123" HPOS="708" VPOS="1033" WIDTH="19"/>
						<String ID="P284_ST00139" HPOS="727" VPOS="1007" WIDTH="77" HEIGHT="26" CONTENT="back" WC="1.00" CC="0000"/>
						<SP ID="P284_SP00124" HPOS="804" VPOS="1033" WIDTH="21"/>
						<String ID="P284_ST00140" HPOS="825" VPOS="1008" WIDTH="40" HEIGHT="33" CONTENT="by" WC="0.76" CC="40"/>
						<SP ID="P284_SP00125" HPOS="865" VPOS="1041" WIDTH="14"/>
						<String ID="P284_ST00141" HPOS="879" VPOS="1007" WIDTH="50" HEIGHT="26" CONTENT="the" WC="0.76" CC="070"/>
						<SP ID="P284_SP00126" HPOS="929" VPOS="1041" WIDTH="19"/>
						<String ID="P284_ST00142" HPOS="948" VPOS="1007" WIDTH="114" HEIGHT="26" CONTENT="bearer." WC="0.89" CC="0025000"/>
						<SP ID="P284_SP00127" HPOS="1062" VPOS="1041" WIDTH="40"/>
						<String ID="P284_ST00143" HPOS="1102" VPOS="1007" WIDTH="73" HEIGHT="26" CONTENT="This" WC="0.85" CC="0050"/>
						<SP ID="P284_SP00128" HPOS="1175" VPOS="1041" WIDTH="21"/>
						<String ID="P284_ST00144" HPOS="1196" VPOS="1008" WIDTH="54" HEIGHT="25" CONTENT="her" WC="0.78" CC="600"/>
						<SP ID="P284_SP00129" HPOS="1250" VPOS="1041" WIDTH="16"/>
						<String ID="P284_ST00145" HPOS="1266" VPOS="1016" WIDTH="65" HEIGHT="18" CONTENT="new" WC="1.00" CC="000"/>
						<SP ID="P284_SP00130" HPOS="1331" VPOS="1041" WIDTH="14"/>
						<String ID="P284_ST00146" HPOS="1345" VPOS="1009" WIDTH="136" HEIGHT="25" CONTENT="husband" WC="0.78" CC="7000070"/>
					</TextLine>
					<TextLine ID="P284_TL00017" HPOS="329" VPOS="1056" WIDTH="1154" HEIGHT="36">
						<String ID="P284_ST00147" HPOS="329" VPOS="1066" WIDTH="61" HEIGHT="17" CONTENT="was" WC="1.00" CC="000"/>
						<SP ID="P284_SP00131" HPOS="390" VPOS="1083" WIDTH="19"/>
						<String ID="P284_ST00148" HPOS="409" VPOS="1057" WIDTH="157" HEIGHT="34" CONTENT="unwilling" WC="0.89" CC="010400300"/>
						<SP ID="P284_SP00132" HPOS="566" VPOS="1091" WIDTH="22"/>
						<String ID="P284_ST00149" HPOS="588" VPOS="1060" WIDTH="30" HEIGHT="23" CONTENT="to" WC="1.00" CC="00"/>
						<SP ID="P284_SP00133" HPOS="618" VPOS="1091" WIDTH="23"/>
						<String ID="P284_ST00150" HPOS="641" VPOS="1057" WIDTH="47" HEIGHT="31" CONTENT="do," WC="1.00" CC="000"/>
						<SP ID="P284_SP00134" HPOS="688" VPOS="1091" WIDTH="15"/>
						<String ID="P284_ST00151" HPOS="703" VPOS="1057" WIDTH="52" HEIGHT="26" CONTENT="but" WC="1.00" CC="000"/>
						<SP ID="P284_SP00135" HPOS="755" VPOS="1091" WIDTH="20"/>
						<String ID="P284_ST00152" HPOS="775" VPOS="1057" WIDTH="37" HEIGHT="25" CONTENT="he" WC="0.89" CC="20"/>
						<SP ID="P284_SP00136" HPOS="812" VPOS="1091" WIDTH="20"/>
						<String ID="P284_ST00153" HPOS="832" VPOS="1056" WIDTH="165" HEIGHT="27" CONTENT="forwarded" WC="0.66" CC="502983000"/>
						<SP ID="P284_SP00137" HPOS="997" VPOS="1091" WIDTH="22"/>
						<String ID="P284_ST00154" HPOS="1019" VPOS="1057" WIDTH="53" HEIGHT="26" CONTENT="her" WC="0.83" CC="500"/>
						<SP ID="P284_SP00138" HPOS="1072" VPOS="1091" WIDTH="20"/>
						<String ID="P284_ST00155" HPOS="1092" VPOS="1066" WIDTH="17" HEIGHT="17" CONTENT="a" WC="1.00" CC="0"/>
						<SP ID="P284_SP00139" HPOS="1109" VPOS="1091" WIDTH="21"/>
						<String ID="P284_ST00156" HPOS="1130" VPOS="1066" WIDTH="57" HEIGHT="26" CONTENT="cup" WC="0.73" CC="520"/>
						<SP ID="P284_SP00140" HPOS="1187" VPOS="1092" WIDTH="20"/>
						<String ID="P284_ST00157" HPOS="1207" VPOS="1057" WIDTH="33" HEIGHT="26" CONTENT="of" WC="1.00" CC="00"/>
						<SP ID="P284_SP00141" HPOS="1240" VPOS="1092" WIDTH="14"/>
						<String ID="P284_ST00158" HPOS="1254" VPOS="1058" WIDTH="117" HEIGHT="34" CONTENT="poison," WC="0.79" CC="0030064"/>
						<SP ID="P284_SP00142" HPOS="1371" VPOS="1092" WIDTH="15"/>
						<String ID="P284_ST00159" HPOS="1386" VPOS="1059" WIDTH="97" HEIGHT="25" CONTENT="which" WC="0.50" CC="94306"/>
					</TextLine>
					<TextLine ID="P284_TL00018" HPOS="331" VPOS="1105" WIDTH="1152" HEIGHT="38">
						<String ID="P284_ST00160" HPOS="331" VPOS="1107" WIDTH="52" HEIGHT="25" CONTENT="she" WC="0.53" CC="670"/>
						<SP ID="P284_SP00143" HPOS="383" VPOS="1132" WIDTH="14"/>
						<String ID="P284_ST00161" HPOS="397" VPOS="1106" WIDTH="94" HEIGHT="26" CONTENT="drank" WC="0.80" CC="04050"/>
						<SP ID="P284_SP00144" HPOS="491" VPOS="1132" WIDTH="14"/>
						<String ID="P284_ST00162" HPOS="505" VPOS="1106" WIDTH="42" HEIGHT="26" CONTENT="off" WC="1.00" CC="000"/>
						<SP ID="P284_SP00145" HPOS="547" VPOS="1132" WIDTH="15"/>
						<String ID="P284_ST00163" HPOS="562" VPOS="1106" WIDTH="71" HEIGHT="26" CONTENT="with" WC="0.70" CC="0047"/>
						<SP ID="P284_SP00146" HPOS="633" VPOS="1132" WIDTH="15"/>
						<String ID="P284_ST00164" HPOS="648" VPOS="1106" WIDTH="50" HEIGHT="26" CONTENT="the" WC="0.78" CC="060"/>
						<SP ID="P284_SP00147" HPOS="698" VPOS="1132" WIDTH="20"/>
						<String ID="P284_ST00165" HPOS="718" VPOS="1106" WIDTH="44" HEIGHT="26" CONTENT="air" WC="0.85" CC="040"/>
						<SP ID="P284_SP00148" HPOS="762" VPOS="1132" WIDTH="21"/>
						<String ID="P284_ST00166" HPOS="783" VPOS="1105" WIDTH="33" HEIGHT="27" CONTENT="of" WC="1.00" CC="00"/>
						<SP ID="P284_SP00149" HPOS="816" VPOS="1132" WIDTH="16"/>
						<String ID="P284_ST00167" HPOS="832" VPOS="1115" WIDTH="17" HEIGHT="17" CONTENT="a" WC="1.00" CC="0"/>
						<SP ID="P284_SP00150" HPOS="849" VPOS="1132" WIDTH="16"/>
						<String ID="P284_ST00168" HPOS="865" VPOS="1107" WIDTH="127" HEIGHT="35" CONTENT="tragedy" WC="0.95" CC="3000000"/>
						<SP ID="P284_SP00151" HPOS="992" VPOS="1142" WIDTH="13"/>
						<String ID="P284_ST00169" HPOS="1005" VPOS="1116" WIDTH="105" HEIGHT="24" CONTENT="queen," WC="0.74" CC="060053"/>
						<SP ID="P284_SP00152" HPOS="1110" VPOS="1142" WIDTH="16"/>
						<String ID="P284_ST00170" HPOS="1126" VPOS="1110" WIDTH="59" HEIGHT="23" CONTENT="and" WC="0.54" CC="039"/>
						<SP ID="P284_SP00153" HPOS="1185" VPOS="1142" WIDTH="16"/>
						<String ID="P284_ST00171" HPOS="1201" VPOS="1108" WIDTH="68" HEIGHT="25" CONTENT="died" WC="0.84" CC="0600"/>
						<SP ID="P284_SP00154" HPOS="1269" VPOS="1142" WIDTH="14"/>
						<String ID="P284_ST00172" HPOS="1283" VPOS="1108" WIDTH="72" HEIGHT="26" CONTENT="with" WC="0.65" CC="0283"/>
						<SP ID="P284_SP00155" HPOS="1355" VPOS="1142" WIDTH="15"/>
						<String ID="P284_ST00173" HPOS="1370" VPOS="1117" WIDTH="17" HEIGHT="16" CONTENT="a" WC="1.00" CC="0"/>
						<SP ID="P284_SP00156" HPOS="1387" VPOS="1142" WIDTH="15"/>
						<String ID="P284_ST00174" HPOS="1402" VPOS="1109" WIDTH="81" HEIGHT="34" CONTENT="clap" SUBS_TYPE="HypPart1" SUBS_CONTENT="claptrap" WC="0.87" CC="02003"/>
						<HYP CONTENT="-"/>
					</TextLine>
					<TextLine ID="P284_TL00019" HPOS="329" VPOS="1155" WIDTH="1154" HEIGHT="34">
						<String ID="P284_ST00175" HPOS="329" VPOS="1160" WIDTH="66" HEIGHT="29" CONTENT="trap" SUBS_TYPE="HypPart2" SUBS_CONTENT="claptrap" WC="0.90" CC="0003"/>
						<SP ID="P284_SP00157" HPOS="395" VPOS="1189" WIDTH="21"/>
						<String ID="P284_ST00176" HPOS="416" VPOS="1156" WIDTH="29" HEIGHT="25" CONTENT="in" WC="0.67" CC="06"/>
						<SP ID="P284_SP00158" HPOS="445" VPOS="1189" WIDTH="22"/>
						<String ID="P284_ST00177" HPOS="467" VPOS="1156" WIDTH="52" HEIGHT="25" CONTENT="her" WC="0.83" CC="500"/>
						<SP ID="P284_SP00159" HPOS="519" VPOS="1189" WIDTH="20"/>
						<String ID="P284_ST00178" HPOS="539" VPOS="1155" WIDTH="111" HEIGHT="32" CONTENT="mouth," WC="0.78" CC="004070"/>
						<SP ID="P284_SP00160" HPOS="650" VPOS="1189" WIDTH="15"/>
						<String ID="P284_ST00179" HPOS="665" VPOS="1155" WIDTH="97" HEIGHT="27" CONTENT="which" WC="0.77" CC="05500"/>
						<SP ID="P284_SP00161" HPOS="762" VPOS="1189" WIDTH="14"/>
						<String ID="P284_ST00180" HPOS="776" VPOS="1165" WIDTH="61" HEIGHT="17" CONTENT="was" WC="1.00" CC="000"/>
						<SP ID="P284_SP00162" HPOS="837" VPOS="1189" WIDTH="22"/>
						<String ID="P284_ST00181" HPOS="859" VPOS="1156" WIDTH="108" HEIGHT="26" CONTENT="almost" WC="0.94" CC="030000"/>
						<SP ID="P284_SP00163" HPOS="967" VPOS="1189" WIDTH="22"/>
						<String ID="P284_ST00182" HPOS="989" VPOS="1165" WIDTH="32" HEIGHT="17" CONTENT="as" WC="0.72" CC="50"/>
						<SP ID="P284_SP00164" HPOS="1021" VPOS="1189" WIDTH="23"/>
						<String ID="P284_ST00183" HPOS="1044" VPOS="1165" WIDTH="147" HEIGHT="17" CONTENT="nauseous" WC="0.83" CC="70040000"/>
						<SP ID="P284_SP00165" HPOS="1191" VPOS="1189" WIDTH="16"/>
						<String ID="P284_ST00184" HPOS="1207" VPOS="1165" WIDTH="33" HEIGHT="17" CONTENT="as" WC="1.00" CC="00"/>
						<SP ID="P284_SP00166" HPOS="1240" VPOS="1189" WIDTH="18"/>
						<String ID="P284_ST00185" HPOS="1258" VPOS="1157" WIDTH="50" HEIGHT="26" CONTENT="the" WC="0.74" CC="060"/>
						<SP ID="P284_SP00167" HPOS="1308" VPOS="1189" WIDTH="21"/>
						<String ID="P284_ST00186" HPOS="1329" VPOS="1157" WIDTH="74" HEIGHT="26" CONTENT="stuff" WC="1.00" CC="00000"/>
						<SP ID="P284_SP00168" HPOS="1403" VPOS="1189" WIDTH="15"/>
						<String ID="P284_ST00187" HPOS="1418" VPOS="1158" WIDTH="65" HEIGHT="26" CONTENT="that" WC="0.70" CC="5600"/>
					</TextLine>
					<TextLine ID="P284_TL00020" HPOS="331" VPOS="1205" WIDTH="525" HEIGHT="33">
						<String ID="P284_ST00188" HPOS="331" VPOS="1206" WIDTH="51" HEIGHT="25" CONTENT="she" WC="0.78" CC="060"/>
						<SP ID="P284_SP00169" HPOS="382" VPOS="1231" WIDTH="14"/>
						<String ID="P284_ST00189" HPOS="396" VPOS="1214" WIDTH="60" HEIGHT="18" CONTENT="was" WC="1.00" CC="000"/>
						<SP ID="P284_SP00170" HPOS="456" VPOS="1232" WIDTH="15"/>
						<String ID="P284_ST00190" HPOS="471" VPOS="1205" WIDTH="94" HEIGHT="26" CONTENT="called" WC="0.97" CC="000100"/>
						<SP ID="P284_SP00171" HPOS="565" VPOS="1232" WIDTH="14"/>
						<String ID="P284_ST00191" HPOS="579" VPOS="1214" WIDTH="79" HEIGHT="24" CONTENT="upon" WC="0.45" CC="6905"/>
						<SP ID="P284_SP00172" HPOS="658" VPOS="1238" WIDTH="14"/>
						<String ID="P284_ST00192" HPOS="672" VPOS="1209" WIDTH="30" HEIGHT="21" CONTENT="to" WC="0.40" CC="92"/>
						<SP ID="P284_SP00173" HPOS="702" VPOS="1238" WIDTH="16"/>
						<String ID="P284_ST00193" HPOS="718" VPOS="1205" WIDTH="138" HEIGHT="27" CONTENT="swallow." WC="0.67" CC="09060090"/>
					</TextLine>
				</TextBlock>
				<TextBlock ID="P284_TB00006" HPOS="324" VPOS="1286" WIDTH="1164" HEIGHT="828" STYLEREFS="TXT_2 PAR_LEFT">
					<TextLine ID="P284_TL00021" HPOS="385" VPOS="1286" WIDTH="1099" HEIGHT="39">
						<String ID="P284_ST00194" HPOS="385" VPOS="1287" WIDTH="61" HEIGHT="25" CONTENT="The" WC="0.81" CC="050"/>
						<SP ID="P284_SP00174" HPOS="446" VPOS="1312" WIDTH="16"/>
						<String ID="P284_ST00195" HPOS="462" VPOS="1286" WIDTH="229" HEIGHT="34" CONTENT="Carthaginians" WC="0.83" CC="0000700182020"/>
						<SP ID="P284_SP00175" HPOS="691" VPOS="1320" WIDTH="15"/>
						<String ID="P284_ST00196" HPOS="706" VPOS="1295" WIDTH="66" HEIGHT="17" CONTENT="now" WC="1.00" CC="000"/>
						<SP ID="P284_SP00176" HPOS="772" VPOS="1320" WIDTH="13"/>
						<String ID="P284_ST00197" HPOS="785" VPOS="1287" WIDTH="100" HEIGHT="33" CONTENT="began" WC="0.92" CC="40000"/>
						<SP ID="P284_SP00177" HPOS="885" VPOS="1320" WIDTH="14"/>
						<String ID="P284_ST00198" HPOS="899" VPOS="1291" WIDTH="31" HEIGHT="22" CONTENT="to" WC="0.94" CC="10"/>
						<SP ID="P284_SP00178" HPOS="930" VPOS="1320" WIDTH="13"/>
						<String ID="P284_ST00199" HPOS="943" VPOS="1287" WIDTH="57" HEIGHT="26" CONTENT="feel" WC="0.92" CC="2000"/>
						<SP ID="P284_SP00179" HPOS="1000" VPOS="1320" WIDTH="14"/>
						<String ID="P284_ST00200" HPOS="1014" VPOS="1288" WIDTH="66" HEIGHT="26" CONTENT="that" WC="0.76" CC="2600"/>
						<SP ID="P284_SP00180" HPOS="1080" VPOS="1320" WIDTH="15"/>
						<String ID="P284_ST00201" HPOS="1095" VPOS="1289" WIDTH="179" HEIGHT="35" CONTENT="everything" WC="0.87" CC="0000002009"/>
						<SP ID="P284_SP00181" HPOS="1274" VPOS="1324" WIDTH="12"/>
						<String ID="P284_ST00202" HPOS="1286" VPOS="1293" WIDTH="80" HEIGHT="22" CONTENT="went" WC="0.92" CC="0002"/>
						<SP ID="P284_SP00182" HPOS="1366" VPOS="1324" WIDTH="13"/>
						<String ID="P284_ST00203" HPOS="1379" VPOS="1298" WIDTH="105" HEIGHT="27" CONTENT="wrong" WC="0.83" CC="03040"/>
					</TextLine>
					<TextLine ID="P284_TL00022" HPOS="330" VPOS="1336" WIDTH="1153" HEIGHT="36">
						<String ID="P284_ST00204" HPOS="330" VPOS="1336" WIDTH="31" HEIGHT="25" CONTENT="in" WC="0.84" CC="30"/>
						<SP ID="P284_SP00183" HPOS="361" VPOS="1361" WIDTH="22"/>
						<String ID="P284_ST00205" HPOS="383" VPOS="1337" WIDTH="49" HEIGHT="25" CONTENT="the" WC="0.80" CC="060"/>
						<SP ID="P284_SP00184" HPOS="432" VPOS="1362" WIDTH="24"/>
						<String ID="P284_ST00206" HPOS="456" VPOS="1337" WIDTH="125" HEIGHT="24" CONTENT="absence" WC="0.95" CC="0000003"/>
						<SP ID="P284_SP00185" HPOS="581" VPOS="1362" WIDTH="24"/>
						<String ID="P284_ST00207" HPOS="605" VPOS="1336" WIDTH="33" HEIGHT="25" CONTENT="of" WC="1.00" CC="00"/>
						<SP ID="P284_SP00186" HPOS="638" VPOS="1362" WIDTH="17"/>
						<String ID="P284_ST00208" HPOS="655" VPOS="1336" WIDTH="164" HEIGHT="32" CONTENT="Hannibal," WC="0.71" CC="304260043"/>
						<SP ID="P284_SP00187" HPOS="819" VPOS="1368" WIDTH="16"/>
						<String ID="P284_ST00209" HPOS="835" VPOS="1337" WIDTH="96" HEIGHT="25" CONTENT="whom" WC="0.87" CC="0500"/>
						<SP ID="P284_SP00188" HPOS="931" VPOS="1368" WIDTH="22"/>
						<String ID="P284_ST00210" HPOS="953" VPOS="1337" WIDTH="71" HEIGHT="35" CONTENT="they" WC="0.91" CC="0300"/>
						<SP ID="P284_SP00189" HPOS="1024" VPOS="1372" WIDTH="20"/>
						<String ID="P284_ST00211" HPOS="1044" VPOS="1337" WIDTH="113" HEIGHT="27" CONTENT="invited" WC="0.81" CC="0500700"/>
						<SP ID="P284_SP00190" HPOS="1157" VPOS="1372" WIDTH="20"/>
						<String ID="P284_ST00212" HPOS="1177" VPOS="1338" WIDTH="98" HEIGHT="33" CONTENT="home," WC="0.75" CC="00704"/>
						<SP ID="P284_SP00191" HPOS="1275" VPOS="1372" WIDTH="20"/>
						<String ID="P284_ST00213" HPOS="1295" VPOS="1340" WIDTH="59" HEIGHT="25" CONTENT="and" WC="0.85" CC="040"/>
						<SP ID="P284_SP00192" HPOS="1354" VPOS="1372" WIDTH="23"/>
						<String ID="P284_ST00214" HPOS="1377" VPOS="1349" WIDTH="37" HEIGHT="16" CONTENT="on" WC="1.00" CC="00"/>
						<SP ID="P284_SP00193" HPOS="1414" VPOS="1372" WIDTH="23"/>
						<String ID="P284_ST00215" HPOS="1437" VPOS="1341" WIDTH="46" HEIGHT="25" CONTENT="his" WC="0.53" CC="562"/>
					</TextLine>
					<TextLine ID="P284_TL00023" HPOS="331" VPOS="1385" WIDTH="1154" HEIGHT="39">
						<String ID="P284_ST00216" HPOS="331" VPOS="1385" WIDTH="106" HEIGHT="25" CONTENT="arrival" WC="0.97" CC="0100000"/>
						<SP ID="P284_SP00194" HPOS="437" VPOS="1410" WIDTH="22"/>
						<String ID="P284_ST00217" HPOS="459" VPOS="1385" WIDTH="36" HEIGHT="25" CONTENT="he" WC="0.68" CC="60"/>
						<SP ID="P284_SP00195" HPOS="495" VPOS="1410" WIDTH="15"/>
						<String ID="P284_ST00218" HPOS="510" VPOS="1393" WIDTH="59" HEIGHT="17" CONTENT="was" WC="1.00" CC="000"/>
						<SP ID="P284_SP00196" HPOS="569" VPOS="1410" WIDTH="22"/>
						<String ID="P284_ST00219" HPOS="591" VPOS="1385" WIDTH="92" HEIGHT="34" CONTENT="really" WC="0.81" CC="000640"/>
						<SP ID="P284_SP00197" HPOS="683" VPOS="1419" WIDTH="15"/>
						<String ID="P284_ST00220" HPOS="698" VPOS="1385" WIDTH="125" HEIGHT="25" CONTENT="anxious" WC="0.79" CC="0391000"/>
						<SP ID="P284_SP00198" HPOS="823" VPOS="1419" WIDTH="21"/>
						<String ID="P284_ST00221" HPOS="844" VPOS="1385" WIDTH="45" HEIGHT="26" CONTENT="for" WC="0.91" CC="002"/>
						<SP ID="P284_SP00199" HPOS="889" VPOS="1419" WIDTH="20"/>
						<String ID="P284_ST00222" HPOS="909" VPOS="1395" WIDTH="92" HEIGHT="24" CONTENT="peace" WC="1.00" CC="00000"/>
						<SP ID="P284_SP00200" HPOS="1001" VPOS="1419" WIDTH="22"/>
						<String ID="P284_ST00223" HPOS="1023" VPOS="1387" WIDTH="59" HEIGHT="26" CONTENT="and" WC="0.74" CC="070"/>
						<SP ID="P284_SP00201" HPOS="1082" VPOS="1419" WIDTH="24"/>
						<String ID="P284_ST00224" HPOS="1106" VPOS="1387" WIDTH="162" HEIGHT="34" CONTENT="quietness." WC="0.89" CC="0144000000"/>
						<SP ID="P284_SP00202" HPOS="1268" VPOS="1421" WIDTH="42"/>
						<String ID="P284_ST00225" HPOS="1310" VPOS="1388" WIDTH="102" HEIGHT="36" CONTENT="Scipio" WC="0.86" CC="006010"/>
						<SP ID="P284_SP00203" HPOS="1412" VPOS="1424" WIDTH="20"/>
						<String ID="P284_ST00226" HPOS="1432" VPOS="1390" WIDTH="53" HEIGHT="26" CONTENT="felt" WC="1.00" CC="0000"/>
					</TextLine>
					<TextLine ID="P284_TL00024" HPOS="331" VPOS="1434" WIDTH="1153" HEIGHT="37">
						<String ID="P284_ST00227" HPOS="331" VPOS="1434" WIDTH="87" HEIGHT="25" CONTENT="much" WC="0.96" CC="0100"/>
						<SP ID="P284_SP00204" HPOS="418" VPOS="1459" WIDTH="22"/>
						<String ID="P284_ST00228" HPOS="440" VPOS="1434" WIDTH="49" HEIGHT="25" CONTENT="the" WC="0.73" CC="160"/>
						<SP ID="P284_SP00205" HPOS="489" VPOS="1459" WIDTH="24"/>
						<String ID="P284_ST00229" HPOS="513" VPOS="1442" WIDTH="89" HEIGHT="23" CONTENT="same," WC="0.85" CC="00042"/>
						<SP ID="P284_SP00206" HPOS="602" VPOS="1465" WIDTH="16"/>
						<String ID="P284_ST00230" HPOS="618" VPOS="1435" WIDTH="59" HEIGHT="24" CONTENT="and" WC="1.00" CC="000"/>
						<SP ID="P284_SP00207" HPOS="677" VPOS="1465" WIDTH="22"/>
						<String ID="P284_ST00231" HPOS="699" VPOS="1435" WIDTH="49" HEIGHT="24" CONTENT="the" WC="0.78" CC="060"/>
						<SP ID="P284_SP00208" HPOS="748" VPOS="1465" WIDTH="18"/>
						<String ID="P284_ST00232" HPOS="766" VPOS="1439" WIDTH="58" HEIGHT="21" CONTENT="two" WC="1.00" CC="000"/>
						<SP ID="P284_SP00209" HPOS="824" VPOS="1465" WIDTH="24"/>
						<String ID="P284_ST00233" HPOS="848" VPOS="1436" WIDTH="147" HEIGHT="33" CONTENT="generals," WC="0.97" CC="000020000"/>
						<SP ID="P284_SP00210" HPOS="995" VPOS="1469" WIDTH="15"/>
						<String ID="P284_ST00234" HPOS="1010" VPOS="1436" WIDTH="114" HEIGHT="35" CONTENT="having" WC="0.79" CC="600500"/>
						<SP ID="P284_SP00211" HPOS="1124" VPOS="1471" WIDTH="21"/>
						<String ID="P284_ST00235" HPOS="1145" VPOS="1442" WIDTH="69" HEIGHT="27" CONTENT="met," WC="0.96" CC="0001"/>
						<SP ID="P284_SP00212" HPOS="1214" VPOS="1471" WIDTH="15"/>
						<String ID="P284_ST00236" HPOS="1229" VPOS="1438" WIDTH="110" HEIGHT="26" CONTENT="looked" WC="0.88" CC="700000"/>
						<SP ID="P284_SP00213" HPOS="1339" VPOS="1471" WIDTH="21"/>
						<String ID="P284_ST00237" HPOS="1360" VPOS="1444" WIDTH="30" HEIGHT="21" CONTENT="at" WC="0.90" CC="20"/>
						<SP ID="P284_SP00214" HPOS="1390" VPOS="1471" WIDTH="22"/>
						<String ID="P284_ST00238" HPOS="1412" VPOS="1441" WIDTH="72" HEIGHT="24" CONTENT="each" WC="0.88" CC="0004"/>
					</TextLine>
					<TextLine ID="P284_TL00025" HPOS="330" VPOS="1484" WIDTH="1154" HEIGHT="39">
						<String ID="P284_ST00239" HPOS="330" VPOS="1484" WIDTH="84" HEIGHT="25" CONTENT="other" WC="0.89" CC="00500"/>
						<SP ID="P284_SP00215" HPOS="414" VPOS="1509" WIDTH="31"/>
						<String ID="P284_ST00240" HPOS="445" VPOS="1484" WIDTH="44" HEIGHT="25" CONTENT="for" WC="1.00" CC="000"/>
						<SP ID="P284_SP00216" HPOS="489" VPOS="1509" WIDTH="25"/>
						<String ID="P284_ST00241" HPOS="514" VPOS="1492" WIDTH="80" HEIGHT="17" CONTENT="some" WC="1.00" CC="0000"/>
						<SP ID="P284_SP00217" HPOS="594" VPOS="1509" WIDTH="28"/>
						<String ID="P284_ST00242" HPOS="622" VPOS="1484" WIDTH="70" HEIGHT="25" CONTENT="time" WC="0.86" CC="0500"/>
						<SP ID="P284_SP00218" HPOS="692" VPOS="1509" WIDTH="34"/>
						<String ID="P284_ST00243" HPOS="726" VPOS="1484" WIDTH="29" HEIGHT="25" CONTENT="in" WC="0.92" CC="01"/>
						<SP ID="P284_SP00219" HPOS="755" VPOS="1509" WIDTH="29"/>
						<String ID="P284_ST00244" HPOS="784" VPOS="1485" WIDTH="87" HEIGHT="25" CONTENT="silent" WC="0.84" CC="004003"/>
						<SP ID="P284_SP00220" HPOS="871" VPOS="1510" WIDTH="27"/>
						<String ID="P284_ST00245" HPOS="898" VPOS="1486" WIDTH="189" HEIGHT="27" CONTENT="admiration." WC="0.96" CC="00001002000"/>
						<SP ID="P284_SP00221" HPOS="1087" VPOS="1513" WIDTH="49"/>
						<String ID="P284_ST00246" HPOS="1136" VPOS="1487" WIDTH="28" HEIGHT="26" CONTENT="It" WC="0.90" CC="10"/>
						<SP ID="P284_SP00222" HPOS="1164" VPOS="1513" WIDTH="27"/>
						<String ID="P284_ST00247" HPOS="1191" VPOS="1497" WIDTH="71" HEIGHT="26" CONTENT="may" WC="0.95" CC="100"/>
						<SP ID="P284_SP00223" HPOS="1262" VPOS="1523" WIDTH="26"/>
						<String ID="P284_ST00248" HPOS="1288" VPOS="1490" WIDTH="37" HEIGHT="24" CONTENT="be" WC="1.00" CC="00"/>
						<SP ID="P284_SP00224" HPOS="1325" VPOS="1523" WIDTH="28"/>
						<String ID="P284_ST00249" HPOS="1353" VPOS="1490" WIDTH="131" HEIGHT="25" CONTENT="doubted" WC="0.89" CC="0020500"/>
					</TextLine>
					<TextLine ID="P284_TL00026" HPOS="329" VPOS="1533" WIDTH="1155" HEIGHT="41">
						<String ID="P284_ST00250" HPOS="329" VPOS="1533" WIDTH="131" HEIGHT="25" CONTENT="whether" WC="0.84" CC="0500500"/>
						<SP ID="P284_SP00225" HPOS="460" VPOS="1558" WIDTH="13"/>
						<String ID="P284_ST00251" HPOS="473" VPOS="1533" WIDTH="70" HEIGHT="35" CONTENT="they" WC="0.84" CC="0600"/>
						<SP ID="P284_SP00226" HPOS="543" VPOS="1568" WIDTH="13"/>
						<String ID="P284_ST00252" HPOS="556" VPOS="1537" WIDTH="52" HEIGHT="31" CONTENT="got" WC="0.80" CC="006"/>
						<SP ID="P284_SP00227" HPOS="608" VPOS="1568" WIDTH="15"/>
						<String ID="P284_ST00253" HPOS="623" VPOS="1542" WIDTH="59" HEIGHT="26" CONTENT="any" WC="1.00" CC="000"/>
						<SP ID="P284_SP00228" HPOS="682" VPOS="1568" WIDTH="13"/>
						<String ID="P284_ST00254" HPOS="695" VPOS="1533" WIDTH="113" HEIGHT="26" CONTENT="further" WC="0.66" CC="0309603"/>
						<SP ID="P284_SP00229" HPOS="808" VPOS="1568" WIDTH="13"/>
						<String ID="P284_ST00255" HPOS="821" VPOS="1535" WIDTH="72" HEIGHT="25" CONTENT="than" WC="0.70" CC="0560"/>
						<SP ID="P284_SP00230" HPOS="893" VPOS="1568" WIDTH="22"/>
						<String ID="P284_ST00256" HPOS="915" VPOS="1535" WIDTH="59" HEIGHT="27" CONTENT="this" WC="0.93" CC="0200"/>
						<SP ID="P284_SP00231" HPOS="974" VPOS="1568" WIDTH="21"/>
						<String ID="P284_ST00257" HPOS="995" VPOS="1536" WIDTH="94" HEIGHT="34" CONTENT="point," WC="0.94" CC="002001"/>
						<SP ID="P284_SP00232" HPOS="1089" VPOS="1570" WIDTH="16"/>
						<String ID="P284_ST00258" HPOS="1105" VPOS="1536" WIDTH="44" HEIGHT="27" CONTENT="for" WC="0.88" CC="003"/>
						<SP ID="P284_SP00233" HPOS="1149" VPOS="1570" WIDTH="20"/>
						<String ID="P284_ST00259" HPOS="1169" VPOS="1546" WIDTH="74" HEIGHT="18" CONTENT="even" WC="0.90" CC="0400"/>
						<SP ID="P284_SP00234" HPOS="1243" VPOS="1570" WIDTH="22"/>
						<String ID="P284_ST00260" HPOS="1265" VPOS="1539" WIDTH="25" HEIGHT="25" CONTENT="if" WC="0.91" CC="10"/>
						<SP ID="P284_SP00235" HPOS="1290" VPOS="1570" WIDTH="17"/>
						<String ID="P284_ST00261" HPOS="1307" VPOS="1540" WIDTH="71" HEIGHT="34" CONTENT="they" WC="0.76" CC="2700"/>
						<SP ID="P284_SP00236" HPOS="1378" VPOS="1574" WIDTH="14"/>
						<String ID="P284_ST00262" HPOS="1392" VPOS="1540" WIDTH="60" HEIGHT="25" CONTENT="had" WC="0.84" CC="400"/>
						<SP ID="P284_SP00237" HPOS="1452" VPOS="1574" WIDTH="15"/>
						<String ID="P284_ST00263" HPOS="1467" VPOS="1549" WIDTH="17" HEIGHT="17" CONTENT="a" WC="1.00" CC="0"/>
					</TextLine>
					<TextLine ID="P284_TL00027" HPOS="329" VPOS="1581" WIDTH="1155" HEIGHT="42">
						<String ID="P284_ST00264" HPOS="329" VPOS="1581" WIDTH="54" HEIGHT="26" CONTENT="few" WC="1.00" CC="000"/>
						<SP ID="P284_SP00238" HPOS="383" VPOS="1607" WIDTH="13"/>
						<String ID="P284_ST00265" HPOS="396" VPOS="1582" WIDTH="104" HEIGHT="31" CONTENT="words," WC="1.00" CC="000000"/>
						<SP ID="P284_SP00239" HPOS="500" VPOS="1613" WIDTH="17"/>
						<String ID="P284_ST00266" HPOS="517" VPOS="1582" WIDTH="21" HEIGHT="25" CONTENT="it" WC="0.61" CC="34"/>
						<SP ID="P284_SP00240" HPOS="538" VPOS="1613" WIDTH="14"/>
						<String ID="P284_ST00267" HPOS="552" VPOS="1582" WIDTH="50" HEIGHT="25" CONTENT="did" WC="0.84" CC="040"/>
						<SP ID="P284_SP00241" HPOS="602" VPOS="1613" WIDTH="14"/>
						<String ID="P284_ST00268" HPOS="616" VPOS="1586" WIDTH="51" HEIGHT="22" CONTENT="not" WC="0.61" CC="704"/>
						<SP ID="P284_SP00242" HPOS="667" VPOS="1613" WIDTH="15"/>
						<String ID="P284_ST00269" HPOS="682" VPOS="1588" WIDTH="122" HEIGHT="29" CONTENT="prevent" WC="0.95" CC="0200000"/>
						<SP ID="P284_SP00243" HPOS="804" VPOS="1617" WIDTH="15"/>
						<String ID="P284_ST00270" HPOS="819" VPOS="1585" WIDTH="80" HEIGHT="25" CONTENT="them" WC="0.82" CC="0700"/>
						<SP ID="P284_SP00244" HPOS="899" VPOS="1617" WIDTH="18"/>
						<String ID="P284_ST00271" HPOS="917" VPOS="1585" WIDTH="75" HEIGHT="26" CONTENT="from" WC="0.98" CC="0000"/>
						<SP ID="P284_SP00245" HPOS="992" VPOS="1617" WIDTH="22"/>
						<String ID="P284_ST00272" HPOS="1014" VPOS="1586" WIDTH="169" HEIGHT="36" CONTENT="ultimately" WC="0.88" CC="0030500020"/>
						<SP ID="P284_SP00246" HPOS="1183" VPOS="1622" WIDTH="14"/>
						<String ID="P284_ST00273" HPOS="1197" VPOS="1588" WIDTH="122" HEIGHT="35" CONTENT="coming" WC="0.88" CC="000510"/>
						<SP ID="P284_SP00247" HPOS="1319" VPOS="1623" WIDTH="21"/>
						<String ID="P284_ST00274" HPOS="1340" VPOS="1593" WIDTH="30" HEIGHT="22" CONTENT="to" WC="0.71" CC="50"/>
						<SP ID="P284_SP00248" HPOS="1370" VPOS="1623" WIDTH="20"/>
						<String ID="P284_ST00275" HPOS="1390" VPOS="1591" WIDTH="94" HEIGHT="25" CONTENT="blows" WC="0.91" CC="04000"/>
					</TextLine>
					<TextLine ID="P284_TL00028" HPOS="329" VPOS="1632" WIDTH="1155" HEIGHT="41">
						<String ID="P284_ST00276" HPOS="329" VPOS="1636" WIDTH="29" HEIGHT="21" CONTENT="at" WC="1.00" CC="00"/>
						<SP ID="P284_SP00249" HPOS="358" VPOS="1657" WIDTH="21"/>
						<String ID="P284_ST00277" HPOS="379" VPOS="1632" WIDTH="50" HEIGHT="25" CONTENT="the" WC="0.77" CC="150"/>
						<SP ID="P284_SP00250" HPOS="429" VPOS="1657" WIDTH="22"/>
						<String ID="P284_ST00278" HPOS="451" VPOS="1636" WIDTH="83" HEIGHT="30" CONTENT="great" WC="0.90" CC="05000"/>
						<SP ID="P284_SP00251" HPOS="534" VPOS="1666" WIDTH="22"/>
						<String ID="P284_ST00279" HPOS="556" VPOS="1632" WIDTH="58" HEIGHT="25" CONTENT="and" WC="0.61" CC="830"/>
						<SP ID="P284_SP00252" HPOS="614" VPOS="1666" WIDTH="22"/>
						<String ID="P284_ST00280" HPOS="636" VPOS="1633" WIDTH="129" HEIGHT="25" CONTENT="decisive" WC="0.93" CC="00000400"/>
						<SP ID="P284_SP00253" HPOS="765" VPOS="1666" WIDTH="20"/>
						<String ID="P284_ST00281" HPOS="785" VPOS="1634" WIDTH="94" HEIGHT="25" CONTENT="battle" WC="0.98" CC="000000"/>
						<SP ID="P284_SP00254" HPOS="879" VPOS="1666" WIDTH="21"/>
						<String ID="P284_ST00282" HPOS="900" VPOS="1634" WIDTH="32" HEIGHT="26" CONTENT="of" WC="0.89" CC="20"/>
						<SP ID="P284_SP00255" HPOS="932" VPOS="1666" WIDTH="16"/>
						<String ID="P284_ST00283" HPOS="948" VPOS="1635" WIDTH="100" HEIGHT="27" CONTENT="Zama." WC="1.00" CC="00000"/>
						<SP ID="P284_SP00256" HPOS="1048" VPOS="1666" WIDTH="43"/>
						<String ID="P284_ST00284" HPOS="1091" VPOS="1636" WIDTH="157" HEIGHT="27" CONTENT="Hannibal" WC="0.73" CC="26271000"/>
						<SP ID="P284_SP00257" HPOS="1248" VPOS="1666" WIDTH="21"/>
						<String ID="P284_ST00285" HPOS="1269" VPOS="1639" WIDTH="132" HEIGHT="34" CONTENT="brought" WC="0.78" CC="0000059"/>
						<SP ID="P284_SP00258" HPOS="1401" VPOS="1673" WIDTH="21"/>
						<String ID="P284_ST00286" HPOS="1422" VPOS="1640" WIDTH="62" HEIGHT="26" CONTENT="into" WC="0.90" CC="2100"/>
					</TextLine>
					<TextLine ID="P284_TL00029" HPOS="328" VPOS="1680" WIDTH="1156" HEIGHT="41">
						<String ID="P284_ST00287" HPOS="328" VPOS="1681" WIDTH="49" HEIGHT="26" CONTENT="the" WC="0.76" CC="070"/>
						<SP ID="P284_SP00259" HPOS="377" VPOS="1707" WIDTH="13"/>
						<String ID="P284_ST00288" HPOS="390" VPOS="1680" WIDTH="69" HEIGHT="27" CONTENT="field" WC="0.90" CC="22000"/>
						<SP ID="P284_SP00260" HPOS="459" VPOS="1707" WIDTH="19"/>
						<String ID="P284_ST00289" HPOS="478" VPOS="1690" WIDTH="100" HEIGHT="24" CONTENT="50,000" WC="1.00" CC="000000"/>
						<SP ID="P284_SP00261" HPOS="578" VPOS="1714" WIDTH="20"/>
						<String ID="P284_ST00290" HPOS="598" VPOS="1690" WIDTH="77" HEIGHT="24" CONTENT="men," WC="0.95" CC="2000"/>
						<SP ID="P284_SP00262" HPOS="675" VPOS="1714" WIDTH="16"/>
						<String ID="P284_ST00291" HPOS="691" VPOS="1684" WIDTH="59" HEIGHT="24" CONTENT="and" WC="0.68" CC="035"/>
						<SP ID="P284_SP00263" HPOS="750" VPOS="1714" WIDTH="22"/>
						<String ID="P284_ST00292" HPOS="772" VPOS="1684" WIDTH="91" HEIGHT="25" CONTENT="about" WC="0.94" CC="00030"/>
						<SP ID="P284_SP00264" HPOS="863" VPOS="1714" WIDTH="21"/>
						<String ID="P284_ST00293" HPOS="884" VPOS="1684" WIDTH="104" HEIGHT="36" CONTENT="eighty" WC="0.80" CC="050600"/>
						<SP ID="P284_SP00265" HPOS="988" VPOS="1720" WIDTH="13"/>
						<String ID="P284_ST00294" HPOS="1001" VPOS="1686" WIDTH="63" HEIGHT="26" CONTENT="real" WC="0.89" CC="3001"/>
						<SP ID="P284_SP00266" HPOS="1064" VPOS="1720" WIDTH="22"/>
						<String ID="P284_ST00295" HPOS="1086" VPOS="1686" WIDTH="156" HEIGHT="35" CONTENT="elephants" WC="0.92" CC="000070000"/>
						<SP ID="P284_SP00267" HPOS="1242" VPOS="1721" WIDTH="13"/>
						<String ID="P284_ST00296" HPOS="1255" VPOS="1699" WIDTH="6" HEIGHT="20" CONTENT=";" WC="0.59" CC="4"/>
						<SP ID="P284_SP00268" HPOS="1261" VPOS="1721" WIDTH="22"/>
						<String ID="P284_ST00297" HPOS="1283" VPOS="1690" WIDTH="53" HEIGHT="25" CONTENT="but" WC="0.60" CC="343"/>
						<SP ID="P284_SP00269" HPOS="1336" VPOS="1721" WIDTH="20"/>
						<String ID="P284_ST00298" HPOS="1356" VPOS="1690" WIDTH="47" HEIGHT="26" CONTENT="his" WC="0.80" CC="500"/>
						<SP ID="P284_SP00270" HPOS="1403" VPOS="1721" WIDTH="23"/>
						<String ID="P284_ST00299" HPOS="1426" VPOS="1691" WIDTH="58" HEIGHT="26" CONTENT="sol" SUBS_TYPE="HypPart1" SUBS_CONTENT="soldiers" WC="0.74" CC="0072"/>
						<HYP CONTENT="-"/>
					</TextLine>
					<TextLine ID="P284_TL00030" HPOS="328" VPOS="1730" WIDTH="1156" HEIGHT="45">
						<String ID="P284_ST00300" HPOS="328" VPOS="1730" WIDTH="76" HEIGHT="26" CONTENT="diers" SUBS_TYPE="HypPart2" SUBS_CONTENT="soldiers" WC="0.92" CC="03000"/>
						<SP ID="P284_SP00271" HPOS="404" VPOS="1756" WIDTH="14"/>
						<String ID="P284_ST00301" HPOS="418" VPOS="1740" WIDTH="76" HEIGHT="16" CONTENT="were" WC="0.85" CC="0050"/>
						<SP ID="P284_SP00272" HPOS="494" VPOS="1756" WIDTH="15"/>
						<String ID="P284_ST00302" HPOS="509" VPOS="1735" WIDTH="76" HEIGHT="21" CONTENT="most" WC="0.78" CC="0008"/>
						<SP ID="P284_SP00273" HPOS="585" VPOS="1756" WIDTH="15"/>
						<String ID="P284_ST00303" HPOS="600" VPOS="1731" WIDTH="33" HEIGHT="26" CONTENT="of" WC="1.00" CC="00"/>
						<SP ID="P284_SP00274" HPOS="633" VPOS="1757" WIDTH="19"/>
						<String ID="P284_ST00304" HPOS="652" VPOS="1732" WIDTH="80" HEIGHT="25" CONTENT="them" WC="0.86" CC="0500"/>
						<SP ID="P284_SP00275" HPOS="732" VPOS="1757" WIDTH="16"/>
						<String ID="P284_ST00305" HPOS="748" VPOS="1741" WIDTH="68" HEIGHT="24" CONTENT="raw," WC="0.67" CC="5700"/>
						<SP ID="P284_SP00276" HPOS="816" VPOS="1765" WIDTH="17"/>
						<String ID="P284_ST00306" HPOS="833" VPOS="1734" WIDTH="59" HEIGHT="25" CONTENT="and" WC="1.00" CC="000"/>
						<SP ID="P284_SP00277" HPOS="892" VPOS="1765" WIDTH="15"/>
						<String ID="P284_ST00307" HPOS="907" VPOS="1734" WIDTH="90" HEIGHT="27" CONTENT="liable" WC="0.97" CC="000010"/>
						<SP ID="P284_SP00278" HPOS="997" VPOS="1765" WIDTH="14"/>
						<String ID="P284_ST00308" HPOS="1011" VPOS="1740" WIDTH="31" HEIGHT="22" CONTENT="to" WC="0.65" CC="60"/>
						<SP ID="P284_SP00279" HPOS="1042" VPOS="1765" WIDTH="15"/>
						<String ID="P284_ST00309" HPOS="1057" VPOS="1736" WIDTH="36" HEIGHT="26" CONTENT="be" WC="1.00" CC="00"/>
						<SP ID="P284_SP00280" HPOS="1093" VPOS="1765" WIDTH="15"/>
						<String ID="P284_ST00310" HPOS="1108" VPOS="1738" WIDTH="120" HEIGHT="25" CONTENT="roasted" WC="0.82" CC="2009000"/>
						<SP ID="P284_SP00281" HPOS="1228" VPOS="1765" WIDTH="15"/>
						<String ID="P284_ST00311" HPOS="1243" VPOS="1747" WIDTH="37" HEIGHT="17" CONTENT="on" WC="0.72" CC="05"/>
						<SP ID="P284_SP00282" HPOS="1280" VPOS="1765" WIDTH="22"/>
						<String ID="P284_ST00312" HPOS="1302" VPOS="1740" WIDTH="51" HEIGHT="25" CONTENT="the" WC="0.76" CC="070"/>
						<SP ID="P284_SP00283" HPOS="1353" VPOS="1765" WIDTH="14"/>
						<String ID="P284_ST00313" HPOS="1367" VPOS="1741" WIDTH="117" HEIGHT="34" CONTENT="ground" WC="0.83" CC="000540"/>
					</TextLine>
					<TextLine ID="P284_TL00031" HPOS="328" VPOS="1779" WIDTH="1156" HEIGHT="43">
						<String ID="P284_ST00314" HPOS="328" VPOS="1779" WIDTH="32" HEIGHT="26" CONTENT="of" WC="0.92" CC="10"/>
						<SP ID="P284_SP00284" HPOS="360" VPOS="1805" WIDTH="28"/>
						<String ID="P284_ST00315" HPOS="388" VPOS="1784" WIDTH="130" HEIGHT="22" CONTENT="extreme" WC="0.77" CC="0096000"/>
						<SP ID="P284_SP00285" HPOS="518" VPOS="1806" WIDTH="33"/>
						<String ID="P284_ST00316" HPOS="551" VPOS="1781" WIDTH="228" HEIGHT="27" CONTENT="awkwardness." WC="0.87" CC="000084001000"/>
						<SP ID="P284_SP00286" HPOS="779" VPOS="1808" WIDTH="48"/>
						<String ID="P284_ST00317" HPOS="827" VPOS="1783" WIDTH="49" HEIGHT="26" CONTENT="He" WC="0.82" CC="30"/>
						<SP ID="P284_SP00287" HPOS="876" VPOS="1809" WIDTH="28"/>
						<String ID="P284_ST00318" HPOS="904" VPOS="1789" WIDTH="52" HEIGHT="28" CONTENT="put" WC="1.00" CC="000"/>
						<SP ID="P284_SP00288" HPOS="956" VPOS="1817" WIDTH="29"/>
						<String ID="P284_ST00319" HPOS="985" VPOS="1785" WIDTH="50" HEIGHT="26" CONTENT="the" WC="0.52" CC="354"/>
						<SP ID="P284_SP00289" HPOS="1035" VPOS="1817" WIDTH="33"/>
						<String ID="P284_ST00320" HPOS="1068" VPOS="1785" WIDTH="111" HEIGHT="33" CONTENT="Moors," WC="1.00" CC="000000"/>
						<SP ID="P284_SP00290" HPOS="1179" VPOS="1818" WIDTH="32"/>
						<String ID="P284_ST00321" HPOS="1211" VPOS="1788" WIDTH="50" HEIGHT="26" CONTENT="the" WC="0.78" CC="060"/>
						<SP ID="P284_SP00291" HPOS="1261" VPOS="1818" WIDTH="29"/>
						<String ID="P284_ST00322" HPOS="1290" VPOS="1789" WIDTH="102" HEIGHT="33" CONTENT="Gauls," WC="0.82" CC="006102"/>
						<SP ID="P284_SP00292" HPOS="1392" VPOS="1822" WIDTH="32"/>
						<String ID="P284_ST00323" HPOS="1424" VPOS="1791" WIDTH="60" HEIGHT="26" CONTENT="and" WC="0.83" CC="050"/>
					</TextLine>
					<TextLine ID="P284_TL00032" HPOS="326" VPOS="1828" WIDTH="1158" HEIGHT="47">
						<String ID="P284_ST00324" HPOS="326" VPOS="1828" WIDTH="141" HEIGHT="36" CONTENT="Libyans," WC="0.81" CC="30203400"/>
						<SP ID="P284_SP00293" HPOS="467" VPOS="1864" WIDTH="15"/>
						<String ID="P284_ST00325" HPOS="482" VPOS="1830" WIDTH="30" HEIGHT="26" CONTENT="in" WC="0.73" CC="50"/>
						<SP ID="P284_SP00294" HPOS="512" VPOS="1864" WIDTH="22"/>
						<String ID="P284_ST00326" HPOS="534" VPOS="1830" WIDTH="86" HEIGHT="32" CONTENT="front," WC="0.90" CC="000202"/>
						<SP ID="P284_SP00295" HPOS="620" VPOS="1864" WIDTH="16"/>
						<String ID="P284_ST00327" HPOS="636" VPOS="1832" WIDTH="50" HEIGHT="25" CONTENT="the" WC="0.87" CC="030"/>
						<SP ID="P284_SP00296" HPOS="686" VPOS="1864" WIDTH="21"/>
						<String ID="P284_ST00328" HPOS="707" VPOS="1832" WIDTH="217" HEIGHT="35" CONTENT="Carthaginian" WC="0.83" CC="102070030400"/>
						<SP ID="P284_SP00297" HPOS="924" VPOS="1867" WIDTH="24"/>
						<String ID="P284_ST00329" HPOS="948" VPOS="1836" WIDTH="132" HEIGHT="25" CONTENT="cowards" WC="0.91" CC="0000050"/>
						<SP ID="P284_SP00298" HPOS="1080" VPOS="1867" WIDTH="22"/>
						<String ID="P284_ST00330" HPOS="1102" VPOS="1835" WIDTH="29" HEIGHT="27" CONTENT="in" WC="0.53" CC="54"/>
						<SP ID="P284_SP00299" HPOS="1131" VPOS="1867" WIDTH="21"/>
						<String ID="P284_ST00331" HPOS="1152" VPOS="1837" WIDTH="50" HEIGHT="25" CONTENT="the" WC="0.77" CC="140"/>
						<SP ID="P284_SP00300" HPOS="1202" VPOS="1867" WIDTH="20"/>
						<String ID="P284_ST00332" HPOS="1222" VPOS="1843" WIDTH="109" HEIGHT="28" CONTENT="centre," WC="0.96" CC="0000002"/>
						<SP ID="P284_SP00301" HPOS="1331" VPOS="1871" WIDTH="15"/>
						<String ID="P284_ST00333" HPOS="1346" VPOS="1839" WIDTH="45" HEIGHT="26" CONTENT="for" WC="0.91" CC="002"/>
						<SP ID="P284_SP00302" HPOS="1391" VPOS="1871" WIDTH="21"/>
						<String ID="P284_ST00334" HPOS="1412" VPOS="1840" WIDTH="72" HEIGHT="35" CONTENT="they" WC="0.78" CC="1700"/>
					</TextLine>
					<TextLine ID="P284_TL00033" HPOS="324" VPOS="1881" WIDTH="1164" HEIGHT="39">
						<String ID="P284_ST00335" HPOS="324" VPOS="1889" WIDTH="77" HEIGHT="17" CONTENT="were" WC="0.97" CC="0010"/>
						<SP ID="P284_SP00303" HPOS="401" VPOS="1906" WIDTH="20"/>
						<String ID="P284_ST00336" HPOS="421" VPOS="1881" WIDTH="52" HEIGHT="25" CONTENT="but" WC="0.67" CC="152"/>
						<SP ID="P284_SP00304" HPOS="473" VPOS="1906" WIDTH="16"/>
						<String ID="P284_ST00337" HPOS="489" VPOS="1889" WIDTH="16" HEIGHT="17" CONTENT="a" WC="1.00" CC="0"/>
						<SP ID="P284_SP00305" HPOS="505" VPOS="1906" WIDTH="14"/>
						<String ID="P284_ST00338" HPOS="519" VPOS="1881" WIDTH="149" HEIGHT="35" CONTENT="middling" WC="0.87" CC="40030120"/>
						<SP ID="P284_SP00306" HPOS="668" VPOS="1916" WIDTH="20"/>
						<String ID="P284_ST00339" HPOS="688" VPOS="1886" WIDTH="52" HEIGHT="28" CONTENT="set," WC="0.91" CC="0003"/>
						<SP ID="P284_SP00307" HPOS="740" VPOS="1916" WIDTH="17"/>
						<String ID="P284_ST00340" HPOS="757" VPOS="1883" WIDTH="58" HEIGHT="26" CONTENT="and" WC="0.81" CC="050"/>
						<SP ID="P284_SP00308" HPOS="815" VPOS="1916" WIDTH="20"/>
						<String ID="P284_ST00341" HPOS="835" VPOS="1883" WIDTH="38" HEIGHT="26" CONTENT="he" WC="0.65" CC="60"/>
						<SP ID="P284_SP00309" HPOS="873" VPOS="1916" WIDTH="20"/>
						<String ID="P284_ST00342" HPOS="893" VPOS="1884" WIDTH="131" HEIGHT="36" CONTENT="brought" WC="0.62" CC="0406069"/>
						<SP ID="P284_SP00310" HPOS="1024" VPOS="1920" WIDTH="20"/>
						<String ID="P284_ST00343" HPOS="1044" VPOS="1895" WIDTH="39" HEIGHT="25" CONTENT="up" WC="0.86" CC="20"/>
						<SP ID="P284_SP00311" HPOS="1083" VPOS="1920" WIDTH="22"/>
						<String ID="P284_ST00344" HPOS="1105" VPOS="1887" WIDTH="50" HEIGHT="25" CONTENT="the" WC="0.63" CC="460"/>
						<SP ID="P284_SP00312" HPOS="1155" VPOS="1920" WIDTH="20"/>
						<String ID="P284_ST00345" HPOS="1175" VPOS="1896" WIDTH="67" HEIGHT="17" CONTENT="rear" WC="0.88" CC="4000"/>
						<SP ID="P284_SP00313" HPOS="1242" VPOS="1920" WIDTH="13"/>
						<String ID="P284_ST00346" HPOS="1255" VPOS="1888" WIDTH="72" HEIGHT="26" CONTENT="with" WC="0.66" CC="0157"/>
						<SP ID="P284_SP00314" HPOS="1327" VPOS="1920" WIDTH="21"/>
						<String ID="P284_ST00347" HPOS="1348" VPOS="1898" WIDTH="18" HEIGHT="17" CONTENT="a" WC="1.00" CC="0"/>
						<SP ID="P284_SP00315" HPOS="1366" VPOS="1920" WIDTH="19"/>
						<String ID="P284_ST00348" HPOS="1385" VPOS="1889" WIDTH="56" HEIGHT="27" CONTENT="few" WC="0.67" CC="009"/>
						<SP ID="P284_SP00316" HPOS="1441" VPOS="1920" WIDTH="15"/>
						<String ID="P284_ST00349" HPOS="1456" VPOS="1890" WIDTH="32" HEIGHT="26" CONTENT="of" WC="1.00" CC="00"/>
					</TextLine>
					<TextLine ID="P284_TL00034" HPOS="325" VPOS="1929" WIDTH="1159" HEIGHT="44">
						<String ID="P284_ST00350" HPOS="325" VPOS="1929" WIDTH="46" HEIGHT="26" CONTENT="his" WC="0.85" CC="400"/>
						<SP ID="P284_SP00317" HPOS="371" VPOS="1955" WIDTH="14"/>
						<String ID="P284_ST00351" HPOS="385" VPOS="1930" WIDTH="66" HEIGHT="25" CONTENT="best" WC="1.00" CC="0000"/>
						<SP ID="P284_SP00318" HPOS="451" VPOS="1955" WIDTH="15"/>
						<String ID="P284_ST00352" HPOS="466" VPOS="1930" WIDTH="132" HEIGHT="26" CONTENT="soldiers." WC="0.82" CC="002010470"/>
						<SP ID="P284_SP00319" HPOS="598" VPOS="1956" WIDTH="41"/>
						<String ID="P284_ST00353" HPOS="639" VPOS="1930" WIDTH="102" HEIGHT="35" CONTENT="Scipio" WC="0.81" CC="004060"/>
						<SP ID="P284_SP00320" HPOS="741" VPOS="1965" WIDTH="15"/>
						<String ID="P284_ST00354" HPOS="756" VPOS="1933" WIDTH="154" HEIGHT="26" CONTENT="exhibited" WC="0.90" CC="002006000"/>
						<SP ID="P284_SP00321" HPOS="910" VPOS="1965" WIDTH="21"/>
						<String ID="P284_ST00355" HPOS="931" VPOS="1943" WIDTH="83" HEIGHT="18" CONTENT="some" WC="1.00" CC="0000"/>
						<SP ID="P284_SP00322" HPOS="1014" VPOS="1965" WIDTH="14"/>
						<String ID="P284_ST00356" HPOS="1028" VPOS="1944" WIDTH="72" HEIGHT="26" CONTENT="very" WC="1.00" CC="0000"/>
						<SP ID="P284_SP00323" HPOS="1100" VPOS="1970" WIDTH="15"/>
						<String ID="P284_ST00357" HPOS="1115" VPOS="1936" WIDTH="100" HEIGHT="26" CONTENT="skilful" WC="0.91" CC="0020030"/>
						<SP ID="P284_SP00324" HPOS="1215" VPOS="1970" WIDTH="21"/>
						<String ID="P284_ST00358" HPOS="1236" VPOS="1938" WIDTH="195" HEIGHT="35" CONTENT="generalship" WC="0.87" CC="00005010430"/>
						<SP ID="P284_SP00325" HPOS="1431" VPOS="1973" WIDTH="15"/>
						<String ID="P284_ST00359" HPOS="1446" VPOS="1948" WIDTH="38" HEIGHT="18" CONTENT="on" WC="0.68" CC="06"/>
					</TextLine>
					<TextLine ID="P284_TL00035" HPOS="325" VPOS="1978" WIDTH="1158" HEIGHT="43">
						<String ID="P284_ST00360" HPOS="325" VPOS="1978" WIDTH="59" HEIGHT="26" CONTENT="this" WC="0.82" CC="0420"/>
						<SP ID="P284_SP00326" HPOS="384" VPOS="2004" WIDTH="14"/>
						<String ID="P284_ST00361" HPOS="398" VPOS="1983" WIDTH="186" HEIGHT="22" CONTENT="momentous" WC="0.75" CC="910050050"/>
						<SP ID="P284_SP00327" HPOS="584" VPOS="2005" WIDTH="16"/>
						<String ID="P284_ST00362" HPOS="600" VPOS="1980" WIDTH="146" HEIGHT="32" CONTENT="occasion," WC="0.92" CC="000005010"/>
						<SP ID="P284_SP00328" HPOS="746" VPOS="2012" WIDTH="17"/>
						<String ID="P284_ST00363" HPOS="763" VPOS="1982" WIDTH="58" HEIGHT="25" CONTENT="and" WC="1.00" CC="000"/>
						<SP ID="P284_SP00329" HPOS="821" VPOS="2012" WIDTH="22"/>
						<String ID="P284_ST00364" HPOS="843" VPOS="1983" WIDTH="40" HEIGHT="34" CONTENT="by" WC="1.00" CC="00"/>
						<SP ID="P284_SP00330" HPOS="883" VPOS="2017" WIDTH="15"/>
						<String ID="P284_ST00365" HPOS="898" VPOS="1991" WIDTH="17" HEIGHT="18" CONTENT="a" WC="1.00" CC="0"/>
						<SP ID="P284_SP00331" HPOS="915" VPOS="2017" WIDTH="14"/>
						<String ID="P284_ST00366" HPOS="929" VPOS="1983" WIDTH="97" HEIGHT="27" CONTENT="clever" WC="0.94" CC="000003"/>
						<SP ID="P284_SP00332" HPOS="1026" VPOS="2017" WIDTH="15"/>
						<String ID="P284_ST00367" HPOS="1041" VPOS="1991" WIDTH="212" HEIGHT="30" CONTENT="arrangement" WC="0.81" CC="90500001022"/>
						<SP ID="P284_SP00333" HPOS="1253" VPOS="2021" WIDTH="16"/>
						<String ID="P284_ST00368" HPOS="1269" VPOS="1987" WIDTH="33" HEIGHT="26" CONTENT="of" WC="1.00" CC="00"/>
						<SP ID="P284_SP00334" HPOS="1302" VPOS="2021" WIDTH="16"/>
						<String ID="P284_ST00369" HPOS="1318" VPOS="1988" WIDTH="47" HEIGHT="27" CONTENT="his" WC="0.74" CC="510"/>
						<SP ID="P284_SP00335" HPOS="1365" VPOS="2021" WIDTH="13"/>
						<String ID="P284_ST00370" HPOS="1378" VPOS="1988" WIDTH="105" HEIGHT="33" CONTENT="forces," WC="0.96" CC="0000002"/>
					</TextLine>
					<TextLine ID="P284_TL00036" HPOS="324" VPOS="2027" WIDTH="1161" HEIGHT="43">
						<String ID="P284_ST00371" HPOS="324" VPOS="2028" WIDTH="38" HEIGHT="26" CONTENT="he" WC="0.70" CC="60"/>
						<SP ID="P284_SP00336" HPOS="362" VPOS="2054" WIDTH="23"/>
						<String ID="P284_ST00372" HPOS="385" VPOS="2027" WIDTH="50" HEIGHT="27" CONTENT="left" WC="0.93" CC="2000"/>
						<SP ID="P284_SP00337" HPOS="435" VPOS="2054" WIDTH="24"/>
						<String ID="P284_ST00373" HPOS="459" VPOS="2037" WIDTH="81" HEIGHT="17" CONTENT="room" WC="1.00" CC="0000"/>
						<SP ID="P284_SP00338" HPOS="540" VPOS="2054" WIDTH="22"/>
						<String ID="P284_ST00374" HPOS="562" VPOS="2028" WIDTH="44" HEIGHT="26" CONTENT="for" WC="0.82" CC="500"/>
						<SP ID="P284_SP00339" HPOS="606" VPOS="2054" WIDTH="23"/>
						<String ID="P284_ST00375" HPOS="629" VPOS="2030" WIDTH="49" HEIGHT="25" CONTENT="the" WC="0.71" CC="250"/>
						<SP ID="P284_SP00340" HPOS="678" VPOS="2055" WIDTH="26"/>
						<String ID="P284_ST00376" HPOS="704" VPOS="2031" WIDTH="155" HEIGHT="34" CONTENT="elephants" WC="0.87" CC="020050300"/>
						<SP ID="P284_SP00341" HPOS="859" VPOS="2065" WIDTH="25"/>
						<String ID="P284_ST00377" HPOS="884" VPOS="2037" WIDTH="30" HEIGHT="21" CONTENT="to" WC="1.00" CC="00"/>
						<SP ID="P284_SP00342" HPOS="914" VPOS="2065" WIDTH="24"/>
						<String ID="P284_ST00378" HPOS="938" VPOS="2042" WIDTH="54" HEIGHT="17" CONTENT="run" WC="0.78" CC="014"/>
						<SP ID="P284_SP00343" HPOS="992" VPOS="2065" WIDTH="23"/>
						<String ID="P284_ST00379" HPOS="1015" VPOS="2034" WIDTH="131" HEIGHT="36" CONTENT="through" WC="0.78" CC="0600206"/>
						<SP ID="P284_SP00344" HPOS="1146" VPOS="2070" WIDTH="23"/>
						<String ID="P284_ST00380" HPOS="1169" VPOS="2037" WIDTH="50" HEIGHT="25" CONTENT="the" WC="0.80" CC="050"/>
						<SP ID="P284_SP00345" HPOS="1219" VPOS="2070" WIDTH="25"/>
						<String ID="P284_ST00381" HPOS="1244" VPOS="2038" WIDTH="90" HEIGHT="26" CONTENT="ranks" WC="0.91" CC="30000"/>
						<SP ID="P284_SP00346" HPOS="1334" VPOS="2070" WIDTH="24"/>
						<String ID="P284_ST00382" HPOS="1358" VPOS="2038" WIDTH="127" HEIGHT="27" CONTENT="without" WC="0.71" CC="9027000"/>
					</TextLine>
					<TextLine ID="P284_TL00037" HPOS="325" VPOS="2077" WIDTH="742" HEIGHT="37">
						<String ID="P284_ST00383" HPOS="325" VPOS="2077" WIDTH="120" HEIGHT="36" CONTENT="coming" WC="0.89" CC="000240"/>
						<SP ID="P284_SP00347" HPOS="445" VPOS="2113" WIDTH="14"/>
						<String ID="P284_ST00384" HPOS="459" VPOS="2077" WIDTH="62" HEIGHT="27" CONTENT="into" WC="0.95" CC="1000"/>
						<SP ID="P284_SP00348" HPOS="521" VPOS="2113" WIDTH="15"/>
						<String ID="P284_ST00385" HPOS="536" VPOS="2083" WIDTH="119" HEIGHT="22" CONTENT="contact" WC="0.98" CC="0010000"/>
						<SP ID="P284_SP00349" HPOS="655" VPOS="2113" WIDTH="12"/>
						<String ID="P284_ST00386" HPOS="667" VPOS="2080" WIDTH="72" HEIGHT="26" CONTENT="with" WC="0.95" CC="0100"/>
						<SP ID="P284_SP00350" HPOS="739" VPOS="2113" WIDTH="16"/>
						<String ID="P284_ST00387" HPOS="755" VPOS="2089" WIDTH="59" HEIGHT="25" CONTENT="any" WC="0.80" CC="050"/>
						<SP ID="P284_SP00351" HPOS="814" VPOS="2114" WIDTH="15"/>
						<String ID="P284_ST00388" HPOS="829" VPOS="2081" WIDTH="32" HEIGHT="26" CONTENT="of" WC="1.00" CC="00"/>
						<SP ID="P284_SP00352" HPOS="861" VPOS="2114" WIDTH="9"/>
						<String ID="P284_ST00389" HPOS="870" VPOS="2082" WIDTH="47" HEIGHT="26" CONTENT="his" WC="0.66" CC="450"/>
						<SP ID="P284_SP00353" HPOS="917" VPOS="2114" WIDTH="16"/>
						<String ID="P284_ST00390" HPOS="933" VPOS="2083" WIDTH="134" HEIGHT="27" CONTENT="soldiers." WC="0.85" CC="000041600"/>
					</TextLine>
				</TextBlock>
				<TextBlock ID="P284_TB00007" HPOS="380" VPOS="2159" WIDTH="1103" HEIGHT="39" STYLEREFS="TXT_2 PAR_RIGHT">
					<TextLine ID="P284_TL00038" HPOS="380" VPOS="2159" WIDTH="1103" HEIGHT="39">
						<String ID="P284_ST00391" HPOS="380" VPOS="2159" WIDTH="64" HEIGHT="27" CONTENT="The" WC="0.79" CC="060"/>
						<SP ID="P284_SP00354" HPOS="444" VPOS="2186" WIDTH="21"/>
						<String ID="P284_ST00392" HPOS="465" VPOS="2169" WIDTH="116" HEIGHT="18" CONTENT="success" WC="0.92" CC="0500000"/>
						<SP ID="P284_SP00355" HPOS="581" VPOS="2187" WIDTH="23"/>
						<String ID="P284_ST00393" HPOS="604" VPOS="2160" WIDTH="32" HEIGHT="27" CONTENT="of" WC="1.00" CC="00"/>
						<SP ID="P284_SP00356" HPOS="636" VPOS="2187" WIDTH="19"/>
						<String ID="P284_ST00394" HPOS="655" VPOS="2160" WIDTH="100" HEIGHT="37" CONTENT="Scipio" WC="0.92" CC="004000"/>
						<SP ID="P284_SP00357" HPOS="755" VPOS="2197" WIDTH="15"/>
						<String ID="P284_ST00395" HPOS="770" VPOS="2172" WIDTH="61" HEIGHT="18" CONTENT="was" WC="0.67" CC="900"/>
						<SP ID="P284_SP00358" HPOS="831" VPOS="2197" WIDTH="22"/>
						<String ID="P284_ST00396" HPOS="853" VPOS="2165" WIDTH="146" HEIGHT="33" CONTENT="complete" WC="0.94" CC="00000040"/>
						<String ID="P284_ST00397" HPOS="1011" VPOS="2176" WIDTH="5" HEIGHT="21" CONTENT=";" WC="0.40" CC="5"/>
						<SP ID="P284_SP00359" HPOS="1016" VPOS="2198" WIDTH="24"/>
						<String ID="P284_ST00398" HPOS="1040" VPOS="2168" WIDTH="60" HEIGHT="25" CONTENT="and" WC="1.00" CC="000"/>
						<SP ID="P284_SP00360" HPOS="1100" VPOS="2198" WIDTH="20"/>
						<String ID="P284_ST00399" HPOS="1120" VPOS="2168" WIDTH="159" HEIGHT="27" CONTENT="Hannibal" WC="0.81" CC="60003004"/>
						<SP ID="P284_SP00361" HPOS="1279" VPOS="2198" WIDTH="20"/>
						<String ID="P284_ST00400" HPOS="1299" VPOS="2171" WIDTH="140" HEIGHT="27" CONTENT="returned" WC="0.86" CC="30051000"/>
						<SP ID="P284_SP00362" HPOS="1439" VPOS="2198" WIDTH="15"/>
						<String ID="P284_ST00401" HPOS="1454" VPOS="2176" WIDTH="29" HEIGHT="22" CONTENT="to" WC="1.00" CC="00"/>
					</TextLine>
				</TextBlock>
			</PrintSpace>
		</Page>
	</Layout>
</alto>
